{"type":"FeatureCollection","features":[{"type":"Feature","properties":{"name":"Oregon wine regions"},"geometry":{"type":"MultiPolygon","coordinates":[[[[-123.11267,42.75557],[-123.11267,42.75576],[-123.11267,42.75576],[-123.11267,42.75557]]],[[[-123.15225,42.75584],[-123.15204,42.73773],[-123.18053,42.73777],[-123.21041,42.70999],[-123.22965,42.70996],[-123.22963,42.70262],[-123.24922,42.70243],[-123.24934,42.72441],[-123.27427,42.72472],[-123.2743,42.73204],[-123.34706,42.73223],[-123.34723,42.65231],[-122.75761,42.65072],[-122.75762,42.56368],[-122.63955,42.56344],[-122.6398,42.47643],[-122.52223,42.47638],[-122.52226,42.38914],[-122.75757,42.3891],[-122.7576,42.30174],[-122.6398,42.30197],[-122.63778,42.21469],[-122.59675,42.23055],[-122.60011,42.22332],[-122.58957,42.22471],[-122.61104,42.21484],[-122.52268,42.21482],[-122.52268,42.12795],[-122.52942,42.12275],[-122.53841,42.12698],[-122.53315,42.1342],[-122.54749,42.12981],[-122.59866,42.1398],[-122.61253,42.13087],[-122.6023,42.1175],[-122.6219,42.1083],[-122.62729,42.09367],[-122.64004,42.10926],[-122.64006,42.12374],[-122.65926,42.1272],[-122.65904,42.1417],[-122.67833,42.14158],[-122.67878,42.15632],[-122.69841,42.1564],[-122.69838,42.17089],[-122.71295,42.1709],[-122.71295,42.15641],[-122.72023,42.15639],[-122.71782,42.1782],[-122.73218,42.17802],[-122.73159,42.17096],[-122.74662,42.17093],[-122.7481,42.15608],[-122.79654,42.15667],[-122.7966,42.14197],[-122.8756,42.14188],[-122.87554,42.12742],[-122.89487,42.12743],[-122.89497,42.1129],[-122.91429,42.11283],[-122.9143,42.09831],[-123.01322,42.09761],[-123.01374,42.12666],[-123.07266,42.12711],[-123.07263,42.14166],[-123.19082,42.14297],[-123.19068,42.128],[-123.26009,42.12803],[-123.25998,42.11834],[-123.26973,42.11832],[-123.26984,42.12786],[-123.30875,42.12184],[-123.32686,42.13808],[-123.36632,42.14198],[-123.38566,42.1706],[-123.39528,42.17052],[-123.3953,42.18494],[-123.4653,42.19919],[-123.46533,42.08237],[-123.58312,42.08177],[-123.58311,42.03777],[-123.62244,42.03782],[-123.62209,42.00864],[-123.64153,42.00862],[-123.64189,42.03785],[-123.68147,42.03797],[-123.68091,42.05251],[-123.6999,42.0526],[-123.70029,41.99984],[-123.77696,41.99984],[-123.77709,42.02357],[-123.7578,42.02359],[-123.75783,42.03813],[-123.73941,42.03814],[-123.73934,42.06734],[-123.71962,42.06717],[-123.71951,42.08176],[-123.70473,42.0818],[-123.69989,42.07451],[-123.69985,42.09642],[-123.7195,42.09636],[-123.71951,42.1037],[-123.71947,42.11098],[-123.69982,42.11099],[-123.69974,42.12558],[-123.71921,42.12557],[-123.71916,42.14003],[-123.69971,42.14009],[-123.69959,42.21348],[-123.66117,42.21333],[-123.661,42.30111],[-123.64117,42.30112],[-123.64105,42.31562],[-123.62194,42.3157],[-123.62193,42.33026],[-123.58288,42.33035],[-123.58272,42.38899],[-123.52418,42.38923],[-123.52346,42.43271],[-123.54369,42.4327],[-123.54376,42.44713],[-123.52353,42.44722],[-123.52353,42.47693],[-123.60217,42.47701],[-123.60188,42.49151],[-123.58237,42.49154],[-123.58302,42.55321],[-123.60261,42.55309],[-123.60249,42.56464],[-123.5938,42.55867],[-123.57528,42.56387],[-123.56149,42.55041],[-123.53956,42.55454],[-123.50026,42.53915],[-123.49828,42.52904],[-123.48395,42.5226],[-123.44605,42.51683],[-123.4342,42.53386],[-123.43986,42.55135],[-123.435,42.5614],[-123.40339,42.58248],[-123.41331,42.59165],[-123.43557,42.58196],[-123.42837,42.63051],[-123.47479,42.65789],[-123.44234,42.68632],[-123.38537,42.69763],[-123.36566,42.71143],[-123.3722,42.72496],[-123.40131,42.72496],[-123.40141,42.7103],[-123.42574,42.71449],[-123.46528,42.6993],[-123.46644,42.9197],[-123.46066,42.91869],[-123.4614,42.926],[-123.45349,42.92096],[-123.45087,42.9318],[-123.43189,42.94154],[-123.41715,42.94529],[-123.41607,42.93813],[-123.406,42.94588],[-123.39584,42.9429],[-123.39674,42.94993],[-123.38402,42.94858],[-123.36664,42.96832],[-123.38698,42.96515],[-123.36681,42.97503],[-123.37534,42.98473],[-123.35475,42.97784],[-123.33605,43.00141],[-123.30779,43.01092],[-123.30149,43.02416],[-123.33836,43.0253],[-123.34762,43.03286],[-123.33687,43.0369],[-123.34427,43.05686],[-123.35571,43.05422],[-123.3533,43.0464],[-123.36258,43.04139],[-123.36965,43.04649],[-123.38344,43.06422],[-123.37244,43.07497],[-123.37368,43.07776],[-123.39254,43.07464],[-123.38808,43.07044],[-123.39677,43.05963],[-123.38399,43.05235],[-123.38745,43.04634],[-123.37599,43.05214],[-123.38279,43.04374],[-123.37169,43.044],[-123.37122,43.03394],[-123.3868,43.04035],[-123.38132,43.03123],[-123.39277,43.03096],[-123.39783,43.03595],[-123.39218,43.04278],[-123.40616,43.04828],[-123.404,43.03847],[-123.41695,43.03558],[-123.40847,43.02901],[-123.41816,43.03017],[-123.41393,43.01843],[-123.42908,43.02514],[-123.42202,43.04897],[-123.41417,43.05132],[-123.41958,43.05472],[-123.40471,43.06738],[-123.40224,43.07526],[-123.40849,43.07764],[-123.43295,43.03979],[-123.43995,43.03927],[-123.43424,43.03527],[-123.44343,43.03625],[-123.43636,43.03275],[-123.44611,43.03372],[-123.44427,43.02294],[-123.44955,43.03188],[-123.45549,43.01874],[-123.45936,43.02814],[-123.47362,43.02009],[-123.44097,43.04498],[-123.43558,43.0565],[-123.44188,43.05592],[-123.452,43.04655],[-123.45379,43.04689],[-123.45832,43.04451],[-123.46234,43.04405],[-123.44476,43.05915],[-123.44832,43.06419],[-123.42508,43.06728],[-123.43846,43.06926],[-123.42367,43.07319],[-123.43159,43.07912],[-123.42493,43.08427],[-123.42965,43.08823],[-123.44688,43.07805],[-123.44295,43.06982],[-123.44878,43.07059],[-123.45769,43.05828],[-123.47691,43.05097],[-123.46905,43.05887],[-123.47856,43.0605],[-123.4809,43.06208],[-123.46485,43.06117],[-123.45512,43.07245],[-123.46659,43.06893],[-123.47517,43.06972],[-123.47746,43.07199],[-123.45342,43.07631],[-123.43912,43.09275],[-123.47072,43.08016],[-123.463,43.09449],[-123.4803,43.09722],[-123.48092,43.08965],[-123.48783,43.09825],[-123.50138,43.08681],[-123.48227,43.07975],[-123.49785,43.08144],[-123.49608,43.06431],[-123.50587,43.08292],[-123.51404,43.07932],[-123.50699,43.07594],[-123.51029,43.06273],[-123.51785,43.07698],[-123.53059,43.06992],[-123.51982,43.06663],[-123.52647,43.06399],[-123.52243,43.05799],[-123.53678,43.0668],[-123.54721,43.06178],[-123.5273,43.04711],[-123.53754,43.04803],[-123.54056,43.03908],[-123.53472,43.03963],[-123.54215,43.0365],[-123.53616,43.02709],[-123.51776,43.02955],[-123.53571,43.02458],[-123.53558,43.01255],[-123.55922,42.99795],[-123.55032,43.03152],[-123.57449,43.02913],[-123.55641,43.03954],[-123.5603,43.04584],[-123.58134,43.04455],[-123.58974,43.0495],[-123.5984,43.04024],[-123.59681,43.04681],[-123.60727,43.05019],[-123.62576,43.03349],[-123.62352,43.04521],[-123.58932,43.05779],[-123.58144,43.04756],[-123.56614,43.05232],[-123.54488,43.04076],[-123.5695,43.06839],[-123.587,43.06465],[-123.59229,43.07131],[-123.60889,43.06434],[-123.62397,43.06146],[-123.62824,43.06415],[-123.60646,43.07719],[-123.61796,43.08176],[-123.63051,43.07561],[-123.63385,43.08744],[-123.62242,43.08126],[-123.62056,43.08334],[-123.62633,43.09086],[-123.62577,43.09534],[-123.61882,43.08528],[-123.60214,43.08486],[-123.59261,43.09375],[-123.61156,43.0924],[-123.61057,43.09701],[-123.58958,43.10747],[-123.61677,43.11725],[-123.61943,43.12504],[-123.63907,43.12323],[-123.63337,43.12951],[-123.6405,43.12904],[-123.63469,43.13366],[-123.63955,43.13587],[-123.58289,43.17074],[-123.56088,43.19207],[-123.55816,43.20966],[-123.54214,43.21129],[-123.53914,43.24582],[-123.5199,43.26407],[-123.52171,43.2792],[-123.5043,43.28679],[-123.50694,43.29941],[-123.51791,43.30608],[-123.50863,43.31446],[-123.49201,43.31314],[-123.51244,43.31766],[-123.50778,43.32697],[-123.53318,43.32575],[-123.53133,43.33537],[-123.53944,43.33984],[-123.51947,43.35958],[-123.51691,43.37196],[-123.58491,43.40388],[-123.5853,43.51901],[-123.70555,43.6068],[-123.70578,43.65836],[-123.82625,43.65391],[-123.83302,43.6989],[-123.82434,43.70061],[-123.82183,43.67263],[-123.80075,43.70258],[-123.78039,43.69553],[-123.78514,43.691],[-123.78725,43.68079],[-123.77963,43.68726],[-123.77711,43.68007],[-123.76672,43.69068],[-123.76232,43.67797],[-123.75377,43.6841],[-123.73872,43.67365],[-123.76228,43.69468],[-123.74078,43.69371],[-123.74317,43.70532],[-123.72767,43.70391],[-123.7317,43.70997],[-123.72472,43.71232],[-123.73363,43.71691],[-123.7192,43.72424],[-123.70246,43.70814],[-123.70023,43.72185],[-123.68697,43.71921],[-123.6946,43.70368],[-123.68279,43.698],[-123.66139,43.70828],[-123.67191,43.71864],[-123.65497,43.71899],[-123.65123,43.71423],[-123.65855,43.71202],[-123.65175,43.7071],[-123.68503,43.69083],[-123.67223,43.68649],[-123.65808,43.69384],[-123.64332,43.68574],[-123.64018,43.69104],[-123.65543,43.69822],[-123.65059,43.7049],[-123.63364,43.69408],[-123.63207,43.70018],[-123.64552,43.71256],[-123.63295,43.71457],[-123.61501,43.70181],[-123.62968,43.71758],[-123.61584,43.71386],[-123.61448,43.72143],[-123.60222,43.70779],[-123.59894,43.71923],[-123.61256,43.72872],[-123.60209,43.73368],[-123.58582,43.73113],[-123.58927,43.71517],[-123.58043,43.72733],[-123.57108,43.72371],[-123.57214,43.7312],[-123.55492,43.72282],[-123.56402,43.72213],[-123.56338,43.71085],[-123.57759,43.71188],[-123.58583,43.69984],[-123.57367,43.70578],[-123.56907,43.69614],[-123.56466,43.70454],[-123.55283,43.69012],[-123.54493,43.69764],[-123.55997,43.70619],[-123.55126,43.71856],[-123.54928,43.70678],[-123.5223,43.70215],[-123.5354,43.69522],[-123.52676,43.69054],[-123.52901,43.68059],[-123.52156,43.6824],[-123.51701,43.69013],[-123.52321,43.69519],[-123.51376,43.70365],[-123.52725,43.71126],[-123.5223,43.71522],[-123.53138,43.71453],[-123.52347,43.71924],[-123.53117,43.72248],[-123.52213,43.72582],[-123.50013,43.70792],[-123.50249,43.71698],[-123.49529,43.72046],[-123.50496,43.71819],[-123.50157,43.72316],[-123.51728,43.72968],[-123.50567,43.72897],[-123.51143,43.73283],[-123.50564,43.73737],[-123.49392,43.72668],[-123.49703,43.74554],[-123.48909,43.73894],[-123.48134,43.74477],[-123.48371,43.73696],[-123.47186,43.73389],[-123.48418,43.73184],[-123.47912,43.72109],[-123.48672,43.72048],[-123.48038,43.71326],[-123.48632,43.70522],[-123.47297,43.70785],[-123.479,43.71692],[-123.47094,43.72748],[-123.46526,43.71634],[-123.45392,43.72017],[-123.46356,43.72653],[-123.46265,43.7361],[-123.44829,43.72838],[-123.44235,43.73259],[-123.45286,43.73702],[-123.44556,43.74123],[-123.45176,43.74626],[-123.42655,43.73974],[-123.44116,43.72202],[-123.40233,43.73515],[-123.39873,43.7287],[-123.40953,43.72654],[-123.40346,43.72323],[-123.41447,43.72242],[-123.40591,43.7187],[-123.40804,43.70998],[-123.4209,43.71805],[-123.44201,43.70571],[-123.45244,43.71047],[-123.44754,43.69986],[-123.46262,43.70367],[-123.45268,43.69598],[-123.46447,43.68833],[-123.47529,43.69134],[-123.47797,43.68494],[-123.48868,43.68917],[-123.50412,43.68332],[-123.47753,43.67737],[-123.4793,43.68396],[-123.46813,43.68774],[-123.46133,43.6795],[-123.45483,43.69047],[-123.44654,43.6764],[-123.43196,43.68006],[-123.43745,43.69107],[-123.42733,43.68707],[-123.43779,43.69943],[-123.43041,43.70144],[-123.41845,43.6898],[-123.42567,43.70504],[-123.41145,43.70432],[-123.40044,43.69021],[-123.405,43.70566],[-123.38948,43.70084],[-123.39536,43.7209],[-123.39028,43.71601],[-123.38076,43.72289],[-123.38358,43.71314],[-123.37341,43.71441],[-123.37578,43.70158],[-123.36859,43.69841],[-123.37344,43.7248],[-123.36264,43.72015],[-123.37194,43.72977],[-123.36175,43.73491],[-123.35666,43.72656],[-123.35607,43.74263],[-123.34379,43.74327],[-123.35008,43.73308],[-123.34436,43.73343],[-123.34796,43.72568],[-123.33791,43.72123],[-123.34341,43.71047],[-123.33507,43.70593],[-123.33513,43.71791],[-123.3277,43.71984],[-123.34015,43.72733],[-123.33297,43.72862],[-123.34065,43.73679],[-123.33078,43.73435],[-123.33474,43.74036],[-123.32352,43.74502],[-123.31342,43.7325],[-123.3227,43.74652],[-123.30928,43.7465],[-123.31816,43.75688],[-123.30903,43.75824],[-123.31157,43.77027],[-123.30445,43.77589],[-123.29854,43.76711],[-123.30028,43.77545],[-123.29058,43.77802],[-123.28519,43.77651],[-123.29093,43.76698],[-123.28594,43.77198],[-123.27751,43.75698],[-123.27182,43.76486],[-123.26747,43.75986],[-123.26878,43.77299],[-123.25928,43.76886],[-123.24209,43.776],[-123.26369,43.78077],[-123.24412,43.78895],[-123.25505,43.79499],[-123.24137,43.79527],[-123.25473,43.81048],[-123.2559,43.79945],[-123.26617,43.80188],[-123.26806,43.83215],[-123.25601,43.83131],[-123.26231,43.84076],[-123.25733,43.84578],[-123.26419,43.84801],[-123.25501,43.85085],[-123.26707,43.85565],[-123.26498,43.86704],[-123.27218,43.87196],[-123.26059,43.87648],[-123.27165,43.88464],[-123.24938,43.88225],[-123.25692,43.88713],[-123.25421,43.89467],[-123.26424,43.89729],[-123.28652,43.88501],[-123.29113,43.89195],[-123.29912,43.88925],[-123.29563,43.89813],[-123.31576,43.89482],[-123.30854,43.90494],[-123.28845,43.90833],[-123.29587,43.91847],[-123.30348,43.91091],[-123.34675,43.9079],[-123.34839,43.91882],[-123.32036,43.91108],[-123.30728,43.91815],[-123.32319,43.93271],[-123.31885,43.94155],[-123.33347,43.94062],[-123.34134,43.95156],[-123.36049,43.95561],[-123.35788,43.96882],[-123.34132,43.97383],[-123.36178,43.97824],[-123.36509,43.97242],[-123.37954,43.98516],[-123.39498,43.97966],[-123.39775,43.98324],[-123.39318,43.98844],[-123.39398,43.99042],[-123.40302,43.98272],[-123.3989,43.9796],[-123.41176,43.97739],[-123.4217,43.98953],[-123.41508,43.99081],[-123.42955,43.99509],[-123.42203,44.00296],[-123.44759,43.9984],[-123.44084,44.00526],[-123.45498,44.00615],[-123.45192,44.01253],[-123.46604,44.00847],[-123.45879,44.00088],[-123.47016,44.00352],[-123.46572,43.99863],[-123.47101,43.99724],[-123.47133,43.99586],[-123.46298,43.99699],[-123.47076,43.99083],[-123.4594,43.9889],[-123.46258,43.99547],[-123.45291,43.99648],[-123.43112,43.98826],[-123.4666,43.98071],[-123.47224,43.98276],[-123.47224,44.04213],[-123.56395,44.0428],[-123.53929,44.05725],[-123.54414,44.06184],[-123.53788,44.06715],[-123.54748,44.0645],[-123.54447,44.07062],[-123.55417,44.07625],[-123.55172,44.0817],[-123.53842,44.07714],[-123.54457,44.08277],[-123.53625,44.0856],[-123.5504,44.08711],[-123.53752,44.091],[-123.54429,44.09626],[-123.52963,44.09627],[-123.52852,44.08792],[-123.51644,44.0961],[-123.49496,44.07809],[-123.48717,44.08578],[-123.4997,44.0851],[-123.50932,44.09704],[-123.52341,44.09913],[-123.53211,44.10312],[-123.4974,44.09844],[-123.5132,44.11224],[-123.50714,44.11637],[-123.52501,44.1172],[-123.52603,44.11066],[-123.5421,44.11528],[-123.52644,44.1214],[-123.53995,44.12833],[-123.50833,44.12208],[-123.52145,44.13345],[-123.50824,44.13051],[-123.50726,44.14268],[-123.50111,44.12234],[-123.49748,44.13434],[-123.4885,44.13366],[-123.49844,44.14189],[-123.48893,44.14144],[-123.49547,44.15302],[-123.47707,44.14929],[-123.47165,44.14051],[-123.46936,44.15312],[-123.46095,44.14523],[-123.4644,44.15433],[-123.42852,44.15592],[-123.47721,44.16131],[-123.48179,44.17385],[-123.46875,44.16147],[-123.45871,44.16739],[-123.46346,44.1727],[-123.4487,44.16925],[-123.47839,44.18163],[-123.46234,44.18635],[-123.46857,44.19392],[-123.48093,44.19046],[-123.47369,44.19625],[-123.48358,44.2017],[-123.48121,44.20961],[-123.46993,44.20832],[-123.46606,44.19768],[-123.46256,44.20423],[-123.45542,44.1939],[-123.45201,44.21296],[-123.44456,44.20141],[-123.43008,44.2068],[-123.43079,44.19754],[-123.44545,44.19105],[-123.43692,44.19184],[-123.42904,44.16945],[-123.43422,44.18666],[-123.42483,44.19916],[-123.41315,44.19549],[-123.41595,44.17857],[-123.40964,44.19153],[-123.39603,44.18652],[-123.40244,44.19253],[-123.39673,44.19735],[-123.407,44.19699],[-123.4123,44.20416],[-123.38411,44.20709],[-123.41853,44.2071],[-123.4275,44.22009],[-123.40387,44.22936],[-123.41394,44.22886],[-123.40531,44.24359],[-123.41857,44.25126],[-123.41274,44.25527],[-123.42696,44.2582],[-123.40565,44.26128],[-123.413,44.2639],[-123.40473,44.26808],[-123.42528,44.26562],[-123.43573,44.27306],[-123.41834,44.27375],[-123.41688,44.28162],[-123.40675,44.27857],[-123.38852,44.28085],[-123.37971,44.28579],[-123.43504,44.29161],[-123.42857,44.30175],[-123.44101,44.31585],[-123.42832,44.3242],[-123.43503,44.33165],[-123.42536,44.33448],[-123.42806,44.34192],[-123.40687,44.34893],[-123.44055,44.34771],[-123.43159,44.36042],[-123.43791,44.35815],[-123.43937,44.36925],[-123.42845,44.37449],[-123.45096,44.38086],[-123.45918,44.39711],[-123.44018,44.3844],[-123.44653,44.4028],[-123.43639,44.39787],[-123.43528,44.41364],[-123.41335,44.41584],[-123.41218,44.42015],[-123.42093,44.42433],[-123.43402,44.41788],[-123.44275,44.43377],[-123.43638,44.43985],[-123.46454,44.44611],[-123.42903,44.46421],[-123.44792,44.46494],[-123.44604,44.47387],[-123.46512,44.45411],[-123.48319,44.46463],[-123.48055,44.45327],[-123.48692,44.46673],[-123.49711,44.46793],[-123.49165,44.47717],[-123.47664,44.47716],[-123.47585,44.56385],[-123.5969,44.56465],[-123.60072,44.72611],[-123.59274,44.71509],[-123.58809,44.72164],[-123.58383,44.70368],[-123.57809,44.71512],[-123.57834,44.70236],[-123.56852,44.70815],[-123.57125,44.70146],[-123.56464,44.70378],[-123.55793,44.69039],[-123.55007,44.705],[-123.53778,44.70077],[-123.54744,44.69596],[-123.52924,44.69049],[-123.53982,44.68574],[-123.53173,44.68374],[-123.53994,44.6767],[-123.53426,44.67165],[-123.52462,44.67304],[-123.53108,44.68077],[-123.5204,44.67974],[-123.52666,44.69116],[-123.51648,44.69356],[-123.51664,44.70043],[-123.5094,44.69813],[-123.51368,44.68556],[-123.50482,44.69678],[-123.49828,44.68331],[-123.48063,44.69077],[-123.53105,44.71361],[-123.5276,44.71903],[-123.55049,44.72127],[-123.5532,44.72741],[-123.54456,44.72857],[-123.55032,44.73689],[-123.53707,44.74237],[-123.56125,44.74554],[-123.56307,44.75206],[-123.5662,44.74426],[-123.56825,44.75366],[-123.58001,44.75037],[-123.57376,44.76816],[-123.60148,44.77549],[-123.60879,44.76565],[-123.62044,44.7787],[-123.60985,44.7769],[-123.61847,44.782],[-123.61293,44.78515],[-123.62205,44.78868],[-123.62494,44.78023],[-123.62537,44.78908],[-123.64187,44.7881],[-123.63189,44.7913],[-123.63426,44.79958],[-123.62787,44.79461],[-123.63246,44.8084],[-123.61994,44.8043],[-123.61871,44.79251],[-123.6119,44.80633],[-123.61404,44.79192],[-123.59742,44.77956],[-123.60413,44.81144],[-123.59731,44.79333],[-123.59793,44.80835],[-123.58231,44.81188],[-123.59291,44.80226],[-123.57836,44.80213],[-123.59103,44.79021],[-123.59027,44.7807],[-123.58119,44.79066],[-123.57332,44.79056],[-123.5862,44.77504],[-123.57468,44.78322],[-123.58144,44.77277],[-123.57113,44.77405],[-123.52422,44.74671],[-123.53524,44.7625],[-123.49389,44.76962],[-123.5003,44.77698],[-123.4805,44.78415],[-123.48988,44.78676],[-123.48738,44.79254],[-123.48653,44.78725],[-123.47965,44.78783],[-123.48112,44.79454],[-123.46649,44.79034],[-123.48321,44.799],[-123.48779,44.79626],[-123.48744,44.79891],[-123.49436,44.79811],[-123.49609,44.79995],[-123.48141,44.8027],[-123.48732,44.80752],[-123.48276,44.81341],[-123.45649,44.80169],[-123.44496,44.81294],[-123.44011,44.79513],[-123.42673,44.7995],[-123.43725,44.80211],[-123.41204,44.80992],[-123.41868,44.81648],[-123.43739,44.82149],[-123.43842,44.83023],[-123.45391,44.82698],[-123.47398,44.83682],[-123.45159,44.84299],[-123.45912,44.86161],[-123.47272,44.86078],[-123.47016,44.86929],[-123.53696,44.85419],[-123.52,44.86133],[-123.5226,44.87271],[-123.50413,44.87324],[-123.50793,44.88556],[-123.46453,44.87439],[-123.45503,44.88116],[-123.46184,44.88724],[-123.43911,44.87924],[-123.4317,44.89086],[-123.38557,44.90757],[-123.42166,44.90414],[-123.42732,44.89447],[-123.44151,44.89271],[-123.47981,44.90405],[-123.50247,44.89538],[-123.52436,44.90418],[-123.52902,44.8975],[-123.52861,44.9043],[-123.5239,44.9079],[-123.49709,44.90231],[-123.50116,44.90646],[-123.48727,44.90918],[-123.50298,44.91611],[-123.49315,44.91729],[-123.46288,44.90204],[-123.46139,44.91031],[-123.45402,44.90204],[-123.4352,44.90478],[-123.44061,44.91615],[-123.42485,44.90989],[-123.42693,44.92249],[-123.41868,44.93072],[-123.41629,44.91246],[-123.39995,44.92054],[-123.39932,44.92959],[-123.38389,44.9386],[-123.39355,44.94102],[-123.39578,44.95221],[-123.38417,44.95759],[-123.39368,44.96778],[-123.40914,44.96004],[-123.41682,44.96608],[-123.40333,44.97256],[-123.40957,44.98473],[-123.43801,44.9788],[-123.4435,44.96084],[-123.44924,44.96729],[-123.45855,44.96416],[-123.46246,44.9597],[-123.45303,44.95054],[-123.46199,44.94437],[-123.45751,44.95092],[-123.46689,44.9591],[-123.50821,44.96921],[-123.50933,44.96038],[-123.51209,44.97096],[-123.547,44.96643],[-123.52672,44.97654],[-123.51593,44.97291],[-123.51178,44.98176],[-123.49762,44.96686],[-123.47889,44.96638],[-123.48035,44.97338],[-123.46171,44.97122],[-123.46358,44.97954],[-123.45486,44.97238],[-123.45098,44.98244],[-123.42975,44.98975],[-123.46838,44.99494],[-123.49777,44.98948],[-123.48996,44.99476],[-123.52417,44.99702],[-123.51405,45.0046],[-123.52558,45.01122],[-123.54134,45.00008],[-123.5465,45.00735],[-123.55293,44.99773],[-123.55314,45.00435],[-123.57752,45.00294],[-123.58494,44.99674],[-123.5821,44.98564],[-123.59057,44.99523],[-123.584,45.00352],[-123.5867,45.00162],[-123.59599,45.00009],[-123.59485,45.01033],[-123.58758,45.00533],[-123.57649,45.01171],[-123.57785,45.01889],[-123.60545,45.01492],[-123.58389,45.02269],[-123.6013,45.02806],[-123.58973,45.03161],[-123.59363,45.03797],[-123.6184,45.02146],[-123.62931,45.02359],[-123.61876,45.01432],[-123.63218,45.01483],[-123.63044,45.00631],[-123.64376,44.99995],[-123.6367,45.00653],[-123.64609,45.0112],[-123.63871,45.01966],[-123.64439,45.02951],[-123.6606,45.03684],[-123.71348,45.03189],[-123.72473,45.04207],[-123.72972,45.12773],[-123.70019,45.12758],[-123.70576,45.1365],[-123.7006,45.13621],[-123.66891,45.12238],[-123.69158,45.14111],[-123.6902,45.14936],[-123.71178,45.15979],[-123.68997,45.15516],[-123.68554,45.16677],[-123.69329,45.17332],[-123.67787,45.16486],[-123.68224,45.14204],[-123.65951,45.14068],[-123.67408,45.14856],[-123.65824,45.16124],[-123.66243,45.16708],[-123.66235,45.16994],[-123.65667,45.16139],[-123.64642,45.16443],[-123.65869,45.15576],[-123.64497,45.14365],[-123.64027,45.15239],[-123.64749,45.15614],[-123.63622,45.16056],[-123.63197,45.1403],[-123.61902,45.14361],[-123.6256,45.15579],[-123.61556,45.15332],[-123.609,45.1401],[-123.60201,45.13985],[-123.60544,45.14645],[-123.59391,45.1446],[-123.58559,45.13984],[-123.58677,45.13049],[-123.58141,45.13612],[-123.58346,45.12651],[-123.57547,45.12601],[-123.57644,45.1376],[-123.56459,45.14199],[-123.5823,45.13965],[-123.60075,45.14809],[-123.61586,45.17189],[-123.59106,45.15202],[-123.56485,45.14982],[-123.5648,45.15698],[-123.59075,45.16925],[-123.58314,45.17292],[-123.57552,45.16404],[-123.56776,45.16266],[-123.56495,45.17017],[-123.56109,45.16108],[-123.54953,45.1623],[-123.56492,45.1784],[-123.58074,45.17967],[-123.58604,45.19814],[-123.59391,45.20021],[-123.58297,45.20103],[-123.57106,45.18266],[-123.56534,45.1881],[-123.54211,45.18073],[-123.53482,45.18894],[-123.52521,45.16688],[-123.51497,45.1647],[-123.51078,45.18359],[-123.5204,45.18758],[-123.50473,45.20399],[-123.51058,45.20971],[-123.48942,45.2068],[-123.48185,45.21883],[-123.48548,45.22813],[-123.47404,45.23544],[-123.47866,45.2273],[-123.47115,45.2186],[-123.48121,45.21435],[-123.48401,45.20258],[-123.50563,45.19727],[-123.50031,45.18721],[-123.48871,45.18886],[-123.49718,45.18393],[-123.48587,45.1796],[-123.4672,45.18558],[-123.46361,45.20646],[-123.44861,45.19903],[-123.45131,45.1796],[-123.4379,45.18992],[-123.4392,45.20683],[-123.42004,45.20107],[-123.40112,45.22215],[-123.3986,45.21385],[-123.40882,45.20244],[-123.3917,45.21034],[-123.37988,45.20601],[-123.38159,45.21654],[-123.39549,45.22518],[-123.39403,45.23438],[-123.37899,45.22388],[-123.37008,45.23468],[-123.36828,45.22406],[-123.3489,45.22229],[-123.35175,45.21094],[-123.3614,45.21322],[-123.35619,45.19969],[-123.33557,45.21866],[-123.32425,45.20761],[-123.32714,45.22068],[-123.34048,45.22358],[-123.32889,45.23162],[-123.33857,45.23744],[-123.337,45.24653],[-123.36319,45.26403],[-123.323,45.25827],[-123.31712,45.24324],[-123.30866,45.241],[-123.30151,45.2491],[-123.28998,45.24376],[-123.30075,45.25742],[-123.28837,45.26743],[-123.31355,45.2748],[-123.32018,45.28387],[-123.35046,45.28621],[-123.3522,45.29949],[-123.36873,45.2932],[-123.36283,45.30218],[-123.37136,45.30769],[-123.35957,45.31036],[-123.3775,45.31364],[-123.37006,45.31468],[-123.38361,45.32244],[-123.35575,45.31521],[-123.34971,45.31815],[-123.35868,45.32488],[-123.35878,45.32608],[-123.33239,45.33444],[-123.35656,45.35046],[-123.36895,45.34497],[-123.36561,45.35211],[-123.38598,45.36179],[-123.39308,45.35813],[-123.39103,45.36345],[-123.41025,45.3668],[-123.41781,45.36975],[-123.35204,45.3762],[-123.36543,45.39358],[-123.3793,45.39725],[-123.36683,45.39783],[-123.37055,45.40449],[-123.3434,45.38212],[-123.33557,45.39695],[-123.33063,45.38525],[-123.2942,45.37971],[-123.31256,45.39473],[-123.2982,45.40405],[-123.32735,45.42444],[-123.26682,45.41867],[-123.27106,45.42858],[-123.30024,45.43565],[-123.31061,45.44709],[-123.27656,45.43897],[-123.27005,45.44372],[-123.28106,45.4526],[-123.29569,45.45185],[-123.30162,45.46252],[-123.35715,45.4621],[-123.3629,45.46487],[-123.37354,45.46587],[-123.37502,45.46684],[-123.36609,45.46625],[-123.36738,45.47016],[-123.36655,45.47142],[-123.36699,45.47339],[-123.36638,45.47403],[-123.35752,45.46454],[-123.33929,45.46555],[-123.33875,45.47452],[-123.33511,45.46669],[-123.30216,45.47462],[-123.27462,45.47097],[-123.27973,45.4798],[-123.30486,45.48673],[-123.29083,45.48954],[-123.28434,45.50195],[-123.27446,45.48657],[-123.26198,45.49308],[-123.27596,45.50773],[-123.27925,45.52936],[-123.3058,45.54321],[-123.30712,45.54917],[-123.26427,45.52429],[-123.24819,45.53921],[-123.24661,45.53907],[-123.2567,45.51971],[-123.25215,45.51342],[-123.24254,45.52239],[-123.23659,45.51777],[-123.20763,45.52762],[-123.20012,45.5231],[-123.20341,45.5203],[-123.20305,45.51688],[-123.20013,45.51416],[-123.19903,45.52082],[-123.18056,45.51063],[-123.17739,45.51685],[-123.19177,45.52438],[-123.19585,45.529],[-123.18581,45.53244],[-123.21735,45.56026],[-123.22268,45.56091],[-123.21984,45.55041],[-123.23273,45.55645],[-123.2398,45.54842],[-123.25342,45.56137],[-123.26699,45.55416],[-123.26045,45.56657],[-123.28324,45.57427],[-123.25934,45.57883],[-123.27792,45.58337],[-123.27536,45.5932],[-123.28626,45.59534],[-123.27403,45.59777],[-123.28229,45.60098],[-123.27529,45.6019],[-123.27767,45.61203],[-123.26554,45.61506],[-123.28621,45.62224],[-123.28168,45.64098],[-123.2945,45.63855],[-123.30688,45.65122],[-123.31771,45.64142],[-123.31527,45.63021],[-123.32402,45.64638],[-123.3425,45.64792],[-123.36171,45.63849],[-123.37011,45.64353],[-123.34251,45.65276],[-123.3413,45.66523],[-123.33714,45.65428],[-123.32639,45.65251],[-123.33115,45.66703],[-123.31662,45.67313],[-123.32577,45.67479],[-123.31828,45.6764],[-123.32229,45.68262],[-123.30978,45.6753],[-123.30855,45.68934],[-123.29842,45.68813],[-123.30965,45.69265],[-123.29414,45.69835],[-123.30448,45.70286],[-123.29791,45.70882],[-123.2708,45.70594],[-123.28008,45.68541],[-123.26238,45.6833],[-123.2561,45.65704],[-123.22247,45.64382],[-123.22167,45.63488],[-123.20554,45.64033],[-123.20652,45.65069],[-123.21486,45.65196],[-123.20646,45.65225],[-123.20478,45.66035],[-123.2167,45.66909],[-123.23056,45.66507],[-123.23568,45.67359],[-123.22958,45.67796],[-123.24487,45.68125],[-123.24472,45.69028],[-123.25684,45.69247],[-123.26039,45.70369],[-123.23123,45.72433],[-123.23929,45.72543],[-123.23078,45.72663],[-123.23455,45.73246],[-123.22278,45.73322],[-123.20361,45.75112],[-123.1906,45.74998],[-123.1874,45.73393],[-123.17979,45.74086],[-123.17729,45.73872],[-123.18191,45.72105],[-123.16568,45.72003],[-123.16215,45.71141],[-123.14808,45.72238],[-123.15466,45.71299],[-123.13882,45.71221],[-123.14989,45.70154],[-123.14195,45.6852],[-123.14192,45.69639],[-123.12155,45.69353],[-123.12459,45.68191],[-123.09541,45.66762],[-123.0883,45.67731],[-123.09904,45.67471],[-123.10611,45.67793],[-123.08703,45.68912],[-123.1065,45.68943],[-123.09899,45.70305],[-123.08834,45.70397],[-123.08329,45.72122],[-123.10312,45.73663],[-123.07427,45.73484],[-123.07348,45.74654],[-123.08855,45.76408],[-123.078,45.75738],[-123.07093,45.76529],[-123.07485,45.75273],[-123.05889,45.75003],[-123.06298,45.73715],[-123.05396,45.74172],[-123.05279,45.73368],[-123.06445,45.72998],[-123.06508,45.7202],[-123.04966,45.72461],[-123.04533,45.68685],[-123.0202,45.6697],[-123.01892,45.68182],[-123.02985,45.68615],[-123.03342,45.69073],[-123.0165,45.68837],[-123.01138,45.67783],[-122.99972,45.67985],[-122.99483,45.67221],[-122.98485,45.67795],[-123.00417,45.68974],[-123.00432,45.70349],[-122.99836,45.70321],[-122.99779,45.69976],[-122.99156,45.69986],[-122.9861,45.69574],[-122.99635,45.69853],[-123.00188,45.6903],[-122.97357,45.68081],[-122.96792,45.66493],[-122.96116,45.66633],[-122.96392,45.67404],[-122.94444,45.66652],[-122.9427,45.68157],[-122.93378,45.67589],[-122.94058,45.67377],[-122.94024,45.66225],[-122.9542,45.66147],[-122.94588,45.65209],[-122.92911,45.65814],[-122.92916,45.72149],[-122.78475,45.72095],[-122.78468,45.72866],[-122.76245,45.72867],[-122.77452,45.68044],[-122.76382,45.65714],[-122.67485,45.61798],[-122.55034,45.59727],[-122.43869,45.56359],[-122.38032,45.57595],[-122.35282,45.56945],[-122.33152,45.54825],[-122.24901,45.54775],[-122.24934,45.5003],[-122.22259,45.50516],[-122.24337,45.49882],[-122.19431,45.49981],[-122.22524,45.49119],[-122.21794,45.48384],[-122.23314,45.48514],[-122.21747,45.47824],[-122.23528,45.47394],[-122.22074,45.4747],[-122.22765,45.4718],[-122.21649,45.46606],[-122.23918,45.46755],[-122.21172,45.45093],[-122.22728,45.44905],[-122.22689,45.4417],[-122.21894,45.44403],[-122.2223,45.4335],[-122.20983,45.43432],[-122.21319,45.42885],[-122.19866,45.43573],[-122.19897,45.41794],[-122.12711,45.41787],[-122.12746,45.25857],[-122.25035,45.25894],[-122.25023,45.17166],[-122.37318,45.17164],[-122.49826,45.08538],[-122.49834,44.99811],[-122.62066,44.99862],[-122.62136,44.80078],[-122.60918,44.80878],[-122.60833,44.79978],[-122.50616,44.80034],[-122.49571,44.79548],[-122.48386,44.79633],[-122.48214,44.80435],[-122.45812,44.7992],[-122.45154,44.80255],[-122.42469,44.80759],[-122.41787,44.80388],[-122.45803,44.79674],[-122.47632,44.80001],[-122.48383,44.79037],[-122.50966,44.79659],[-122.56796,44.78569],[-122.54953,44.77146],[-122.47554,44.75728],[-122.41706,44.75994],[-122.39711,44.75476],[-122.34896,44.7585],[-122.33382,44.75551],[-122.36278,44.75709],[-122.3952,44.74706],[-122.43842,44.7518],[-122.42972,44.74162],[-122.48724,44.73737],[-122.50058,44.74548],[-122.51827,44.74371],[-122.52714,44.75267],[-122.5258,44.74778],[-122.53409,44.74982],[-122.526,44.7446],[-122.53138,44.74253],[-122.63368,44.76984],[-122.66271,44.76736],[-122.6616,44.75899],[-122.63991,44.75299],[-122.6607,44.74607],[-122.64202,44.74266],[-122.63857,44.73285],[-122.62333,44.72868],[-122.62869,44.72349],[-122.57275,44.71026],[-122.57106,44.70486],[-122.55776,44.70387],[-122.535,44.69061],[-122.61829,44.70916],[-122.62397,44.70331],[-122.64402,44.71357],[-122.65938,44.70424],[-122.64884,44.70008],[-122.64983,44.69332],[-122.63738,44.69264],[-122.66314,44.69318],[-122.66713,44.68566],[-122.6579,44.67341],[-122.67029,44.66745],[-122.67932,44.67778],[-122.68629,44.67115],[-122.67903,44.66964],[-122.68278,44.6645],[-122.70348,44.66678],[-122.70078,44.67522],[-122.72095,44.68645],[-122.72654,44.70039],[-122.75628,44.69974],[-122.74882,44.68616],[-122.75765,44.68402],[-122.79226,44.68475],[-122.74461,44.66359],[-122.70894,44.67077],[-122.71336,44.63998],[-122.70357,44.64912],[-122.68631,44.63213],[-122.69489,44.62614],[-122.68466,44.62015],[-122.70538,44.61356],[-122.69052,44.6041],[-122.68941,44.61475],[-122.67515,44.61266],[-122.68199,44.60235],[-122.64681,44.59487],[-122.62828,44.58198],[-122.61984,44.58511],[-122.6134,44.58368],[-122.62853,44.57919],[-122.68137,44.594],[-122.68577,44.58743],[-122.67831,44.58503],[-122.68438,44.58377],[-122.67508,44.5795],[-122.6891,44.58056],[-122.67274,44.57117],[-122.68611,44.57193],[-122.697,44.56496],[-122.68393,44.56682],[-122.67859,44.55599],[-122.70182,44.55768],[-122.70349,44.55282],[-122.71051,44.55847],[-122.73144,44.55264],[-122.71532,44.55481],[-122.7067,44.54547],[-122.73294,44.53652],[-122.73689,44.52483],[-122.71067,44.53511],[-122.69848,44.55266],[-122.68742,44.5542],[-122.69419,44.54512],[-122.67304,44.54521],[-122.69667,44.532],[-122.68175,44.53134],[-122.69442,44.52399],[-122.68442,44.51418],[-122.702,44.513],[-122.68545,44.49624],[-122.69908,44.49032],[-122.68777,44.48013],[-122.69797,44.47804],[-122.70499,44.48349],[-122.71338,44.48147],[-122.70071,44.47599],[-122.62192,44.47671],[-122.62243,44.3884],[-122.62279,44.37105],[-122.63776,44.37598],[-122.62708,44.36442],[-122.63342,44.35707],[-122.64186,44.36915],[-122.64472,44.36171],[-122.64959,44.36579],[-122.64643,44.37442],[-122.66965,44.37492],[-122.6636,44.36999],[-122.66566,44.36682],[-122.67424,44.36869],[-122.67342,44.35861],[-122.6837,44.36456],[-122.68324,44.3556],[-122.68866,44.36553],[-122.70409,44.36295],[-122.72079,44.37157],[-122.71664,44.35554],[-122.73319,44.34017],[-122.70524,44.31521],[-122.63738,44.29623],[-122.59399,44.27694],[-122.63648,44.29309],[-122.69569,44.29705],[-122.74649,44.31828],[-122.76608,44.31776],[-122.77578,44.32889],[-122.80057,44.3234],[-122.81866,44.34074],[-122.8084,44.31986],[-122.81216,44.31096],[-122.79354,44.30994],[-122.79869,44.30436],[-122.78489,44.30113],[-122.79601,44.29729],[-122.81139,44.30424],[-122.81593,44.29181],[-122.80992,44.28888],[-122.81798,44.28214],[-122.82622,44.31299],[-122.83951,44.29571],[-122.84016,44.3078],[-122.85012,44.30771],[-122.84247,44.31278],[-122.86165,44.31202],[-122.85515,44.31843],[-122.8653,44.32283],[-122.85701,44.32471],[-122.87062,44.33099],[-122.85917,44.34097],[-122.87854,44.33873],[-122.89112,44.34666],[-122.88885,44.35772],[-122.90958,44.34694],[-122.89725,44.34428],[-122.89104,44.33333],[-122.88923,44.34072],[-122.87896,44.33747],[-122.87506,44.3278],[-122.8895,44.322],[-122.90056,44.32752],[-122.90804,44.31267],[-122.91176,44.321],[-122.94171,44.32928],[-122.93773,44.33691],[-122.96008,44.33843],[-122.9594,44.3474],[-122.97388,44.34013],[-122.9608,44.33213],[-122.97262,44.33228],[-122.97026,44.32144],[-122.98652,44.32301],[-122.9724,44.3158],[-122.98136,44.30032],[-122.9569,44.30355],[-122.95426,44.28907],[-122.94055,44.29157],[-122.98682,44.2528],[-122.99488,44.24177],[-122.98801,44.23535],[-123.01452,44.22587],[-123.01159,44.21086],[-123.02189,44.20297],[-123.02022,44.18093],[-123.0268,44.17747],[-122.99747,44.13844],[-123.02391,44.12534],[-123.01803,44.11725],[-123.02778,44.11315],[-123.01703,44.10428],[-123.02112,44.10298],[-123.02298,44.10044],[-123.01146,44.10273],[-122.99976,44.09438],[-122.98871,44.09981],[-122.97963,44.09253],[-122.98309,44.09748],[-122.96349,44.10038],[-122.97666,44.10464],[-122.98,44.11417],[-122.96278,44.10822],[-122.95186,44.11692],[-122.95736,44.12424],[-122.93693,44.13807],[-122.95774,44.14426],[-122.95114,44.14742],[-122.96307,44.15985],[-122.94482,44.15465],[-122.90897,44.165],[-122.9181,44.17425],[-122.90686,44.18039],[-122.92514,44.19557],[-122.89528,44.19888],[-122.87178,44.18321],[-122.86169,44.18919],[-122.84965,44.20454],[-122.86419,44.21399],[-122.85719,44.21917],[-122.86439,44.22335],[-122.84778,44.21548],[-122.8484,44.22512],[-122.85942,44.22778],[-122.86354,44.24369],[-122.88868,44.25242],[-122.86736,44.25028],[-122.8807,44.2643],[-122.86365,44.25448],[-122.85218,44.26418],[-122.85969,44.24883],[-122.84612,44.24899],[-122.85059,44.23927],[-122.83342,44.22013],[-122.82267,44.23056],[-122.83792,44.25438],[-122.83328,44.26105],[-122.8262,44.2498],[-122.81665,44.25444],[-122.79956,44.24846],[-122.80584,44.26554],[-122.81485,44.26906],[-122.80391,44.2736],[-122.79275,44.27017],[-122.79683,44.26527],[-122.79008,44.2651],[-122.78906,44.25588],[-122.78528,44.26624],[-122.76807,44.25808],[-122.77065,44.26613],[-122.7469,44.26094],[-122.74251,44.26709],[-122.74204,44.26298],[-122.7323,44.26553],[-122.70787,44.24987],[-122.72728,44.25796],[-122.75325,44.25332],[-122.7844,44.23382],[-122.77919,44.22917],[-122.7867,44.22336],[-122.80744,44.22589],[-122.81099,44.21432],[-122.80144,44.2054],[-122.81665,44.19619],[-122.80047,44.19803],[-122.79753,44.20889],[-122.78812,44.20468],[-122.76997,44.21258],[-122.78369,44.19574],[-122.73658,44.19065],[-122.73338,44.19722],[-122.73376,44.18844],[-122.70358,44.18858],[-122.70384,44.18549],[-122.73002,44.18421],[-122.72902,44.17978],[-122.73158,44.17855],[-122.779,44.18769],[-122.7873,44.1747],[-122.81472,44.17502],[-122.78856,44.16442],[-122.80795,44.16823],[-122.81772,44.15985],[-122.82131,44.16863],[-122.82636,44.15303],[-122.82819,44.16051],[-122.85274,44.16072],[-122.86479,44.15112],[-122.87777,44.15624],[-122.86226,44.146],[-122.8799,44.1405],[-122.87643,44.13031],[-122.89106,44.11717],[-122.90935,44.11645],[-122.90726,44.11031],[-122.91757,44.10522],[-122.90872,44.09995],[-122.94656,44.08477],[-122.9493,44.07544],[-122.92366,44.08605],[-122.8963,44.07958],[-122.89227,44.08755],[-122.8794,44.0887],[-122.87508,44.10133],[-122.85984,44.10457],[-122.8532,44.11699],[-122.86168,44.1309],[-122.85089,44.13528],[-122.8379,44.12844],[-122.82428,44.13556],[-122.78514,44.12337],[-122.82475,44.10314],[-122.82092,44.09246],[-122.85742,44.081],[-122.80218,44.07798],[-122.71476,44.09864],[-122.70925,44.112],[-122.70106,44.1034],[-122.6753,44.11281],[-122.68702,44.1297],[-122.65782,44.11393],[-122.6454,44.12088],[-122.65289,44.13182],[-122.63747,44.12565],[-122.60816,44.14436],[-122.61567,44.1475],[-122.60093,44.14619],[-122.60867,44.15691],[-122.59573,44.14755],[-122.58561,44.15978],[-122.57213,44.14916],[-122.54422,44.14745],[-122.53984,44.16411],[-122.52545,44.16783],[-122.53678,44.16174],[-122.53613,44.15105],[-122.51606,44.1579],[-122.53574,44.14411],[-122.56746,44.14641],[-122.53614,44.13246],[-122.47647,44.13651],[-122.48144,44.13351],[-122.45864,44.1155],[-122.43844,44.11672],[-122.4292,44.10971],[-122.41679,44.12133],[-122.40392,44.12436],[-122.38698,44.12177],[-122.41278,44.12017],[-122.42515,44.10644],[-122.44262,44.11445],[-122.45477,44.11039],[-122.44609,44.10789],[-122.4457,44.1066],[-122.46022,44.11067],[-122.48224,44.12909],[-122.51704,44.12921],[-122.52846,44.12366],[-122.51332,44.11541],[-122.51015,44.11229],[-122.52797,44.11982],[-122.5355,44.11307],[-122.53758,44.12571],[-122.5849,44.14036],[-122.60836,44.12579],[-122.59634,44.11566],[-122.61474,44.12366],[-122.61373,44.11292],[-122.65796,44.1061],[-122.64225,44.09525],[-122.66362,44.1017],[-122.70162,44.08987],[-122.73052,44.07152],[-122.7467,44.07093],[-122.74939,44.06302],[-122.76979,44.06169],[-122.77258,44.04766],[-122.79312,44.04197],[-122.8,44.0527],[-122.82592,44.05213],[-122.82484,44.0342],[-122.84547,44.03669],[-122.84761,44.04644],[-122.91231,44.03395],[-122.89352,44.01677],[-122.87886,44.01511],[-122.88902,44.00681],[-122.87831,43.9984],[-122.86179,44.00869],[-122.85817,43.99962],[-122.84546,43.99666],[-122.84073,44.00799],[-122.83369,44.00666],[-122.84096,43.99438],[-122.8351,43.98917],[-122.81003,43.99312],[-122.82675,43.98214],[-122.86928,43.99281],[-122.8825,43.98442],[-122.85568,43.97493],[-122.82631,43.97523],[-122.80837,43.96401],[-122.80426,43.97562],[-122.79224,43.96933],[-122.78621,43.97739],[-122.74495,43.98433],[-122.745,43.90618],[-122.78182,43.90065],[-122.80697,43.90663],[-122.80241,43.88187],[-122.80976,43.87773],[-122.77874,43.84296],[-122.79532,43.84775],[-122.79579,43.84014],[-122.80474,43.85275],[-122.81296,43.84579],[-122.80752,43.85657],[-122.82144,43.85687],[-122.82716,43.86416],[-122.82229,43.87212],[-122.83281,43.8844],[-122.85718,43.87576],[-122.85283,43.87989],[-122.85957,43.88254],[-122.84352,43.88851],[-122.8711,43.89533],[-122.85155,43.90667],[-122.87532,43.89992],[-122.87329,43.90615],[-122.89206,43.90864],[-122.87841,43.91144],[-122.88727,43.92907],[-122.87281,43.93778],[-122.90389,43.94096],[-122.88993,43.93353],[-122.90287,43.92888],[-122.89271,43.92524],[-122.89705,43.91335],[-122.90785,43.92228],[-122.91262,43.91503],[-122.91488,43.92367],[-122.93818,43.9165],[-122.92632,43.9092],[-122.94037,43.89196],[-122.932,43.89001],[-122.93294,43.88462],[-122.96222,43.89852],[-122.9722,43.89591],[-122.97925,43.9074],[-122.98707,43.89273],[-122.9985,43.89095],[-123.00098,43.88238],[-122.99437,43.87842],[-123.00919,43.86993],[-123.00371,43.86466],[-123.00838,43.84875],[-122.98343,43.83905],[-122.9914,43.83256],[-122.98086,43.82754],[-123.00345,43.82434],[-123.00065,43.8195],[-123.01103,43.82431],[-123.00937,43.81076],[-123.02478,43.80452],[-123.01491,43.80092],[-123.00865,43.81032],[-122.99235,43.81022],[-122.95785,43.78912],[-122.93753,43.79414],[-122.92766,43.78605],[-122.92127,43.79],[-122.92071,43.79795],[-122.91759,43.80105],[-122.92025,43.7774],[-122.89315,43.7708],[-122.88261,43.77775],[-122.87282,43.77818],[-122.88705,43.76802],[-122.8717,43.75709],[-122.89134,43.76602],[-122.89867,43.76224],[-122.87656,43.73848],[-122.85575,43.73218],[-122.86114,43.72621],[-122.85213,43.70641],[-122.83107,43.69638],[-122.82294,43.7006],[-122.8209,43.70035],[-122.83584,43.69421],[-122.83645,43.68228],[-122.84008,43.69524],[-122.86641,43.71338],[-122.86834,43.73262],[-122.89623,43.73405],[-122.89361,43.73964],[-122.9107,43.74393],[-122.90643,43.74969],[-122.91761,43.75803],[-122.92811,43.75133],[-122.92195,43.76189],[-122.94366,43.76743],[-122.94844,43.77854],[-122.95712,43.76778],[-122.98904,43.79091],[-122.98612,43.77483],[-122.96485,43.76222],[-122.98696,43.76087],[-122.97838,43.75038],[-122.95883,43.75797],[-122.96106,43.75093],[-122.94856,43.75112],[-122.94979,43.74489],[-122.97519,43.74222],[-122.9771,43.73394],[-122.94994,43.73183],[-122.97199,43.72355],[-122.97332,43.7123],[-122.96093,43.70805],[-122.97141,43.70215],[-122.9531,43.68163],[-122.93969,43.67934],[-122.9422,43.67724],[-122.94246,43.6732],[-122.94737,43.66707],[-122.94416,43.66486],[-122.94434,43.66365],[-122.94535,43.66305],[-122.96615,43.69466],[-122.99578,43.70381],[-122.98279,43.71345],[-122.98606,43.72427],[-123.00283,43.71926],[-122.99071,43.73786],[-123.00407,43.74725],[-123.02204,43.74194],[-123.00414,43.75343],[-123.00701,43.76592],[-123.02279,43.76857],[-123.02803,43.76253],[-123.02652,43.77253],[-123.0421,43.78118],[-123.03768,43.79188],[-123.04392,43.79304],[-123.05379,43.77751],[-123.03897,43.76978],[-123.05323,43.75753],[-123.03765,43.73748],[-123.04866,43.72775],[-123.03064,43.72602],[-123.04194,43.72142],[-123.03187,43.71679],[-123.0484,43.71381],[-123.03207,43.70155],[-123.0548,43.69407],[-123.04309,43.68337],[-123.0514,43.6783],[-123.06597,43.68632],[-123.07734,43.65832],[-123.07326,43.64653],[-123.08115,43.64163],[-123.0838,43.62133],[-123.06336,43.59516],[-123.06851,43.59399],[-123.08709,43.60712],[-123.10136,43.63345],[-123.09174,43.6381],[-123.1007,43.64573],[-123.08898,43.64589],[-123.09463,43.65528],[-123.0791,43.68107],[-123.10673,43.68648],[-123.09012,43.6876],[-123.09327,43.69191],[-123.08145,43.69802],[-123.09068,43.7149],[-123.07507,43.71076],[-123.06062,43.72029],[-123.07495,43.72163],[-123.06722,43.72516],[-123.0677,43.74472],[-123.09055,43.74476],[-123.08592,43.7543],[-123.09093,43.75425],[-123.09404,43.74211],[-123.1064,43.74055],[-123.10351,43.73092],[-123.13157,43.71804],[-123.13676,43.7303],[-123.13096,43.72966],[-123.11444,43.73718],[-123.12496,43.73587],[-123.11624,43.74689],[-123.13618,43.74834],[-123.13778,43.74142],[-123.13803,43.75061],[-123.14226,43.73975],[-123.15874,43.74774],[-123.18583,43.72984],[-123.1836,43.72344],[-123.16281,43.72716],[-123.17298,43.71931],[-123.16738,43.71243],[-123.14588,43.71128],[-123.14933,43.70317],[-123.18448,43.70803],[-123.15469,43.69941],[-123.15807,43.68849],[-123.1848,43.69438],[-123.18876,43.68846],[-123.19471,43.69452],[-123.19613,43.68652],[-123.16856,43.68222],[-123.18193,43.6826],[-123.19731,43.66525],[-123.1796,43.6761],[-123.16154,43.67543],[-123.15948,43.67081],[-123.18397,43.66185],[-123.1629,43.65589],[-123.17965,43.65228],[-123.16136,43.65068],[-123.17954,43.64476],[-123.18184,43.63987],[-123.16794,43.64382],[-123.168,43.63617],[-123.15151,43.63382],[-123.15853,43.62923],[-123.14427,43.62712],[-123.16876,43.62092],[-123.1395,43.61948],[-123.15366,43.61095],[-123.1396,43.59949],[-123.14253,43.58992],[-123.13375,43.58163],[-123.13969,43.576],[-123.13287,43.57203],[-123.15985,43.56471],[-123.16291,43.55649],[-123.15374,43.55953],[-123.14638,43.55211],[-123.17032,43.54979],[-123.16181,43.54268],[-123.16924,43.54138],[-123.16724,43.53427],[-123.15958,43.53486],[-123.16549,43.5309],[-123.15392,43.53018],[-123.1634,43.52601],[-123.15184,43.52635],[-123.15505,43.52156],[-123.21148,43.51901],[-123.21651,43.50954],[-123.2022,43.49617],[-123.20285,43.48325],[-123.1585,43.48164],[-123.15137,43.47738],[-123.15486,43.4708],[-123.1436,43.46976],[-123.13908,43.47766],[-123.15061,43.49262],[-123.14009,43.48126],[-123.13199,43.49516],[-123.13547,43.47892],[-123.12454,43.48735],[-123.10397,43.48314],[-123.12907,43.47409],[-123.10612,43.4792],[-123.11159,43.47382],[-123.10545,43.46863],[-123.13612,43.46417],[-123.14034,43.45976],[-123.13048,43.45994],[-123.13518,43.45541],[-123.16819,43.44334],[-123.18939,43.42508],[-123.18276,43.4211],[-123.20112,43.41469],[-123.1949,43.40872],[-123.18774,43.41854],[-123.17651,43.41565],[-123.17718,43.42549],[-123.16737,43.42422],[-123.16201,43.43039],[-123.16698,43.43326],[-123.14523,43.45044],[-123.14594,43.43949],[-123.16936,43.41498],[-123.15013,43.42971],[-123.13877,43.42749],[-123.13189,43.45134],[-123.12707,43.44345],[-123.11927,43.44924],[-123.13025,43.42639],[-123.1225,43.43328],[-123.11478,43.42862],[-123.10833,43.43921],[-123.10912,43.40048],[-123.12458,43.3984],[-123.12053,43.38943],[-123.13397,43.3921],[-123.11638,43.41072],[-123.13306,43.42095],[-123.14222,43.39736],[-123.16262,43.40569],[-123.15862,43.39172],[-123.14488,43.39266],[-123.1556,43.38984],[-123.14885,43.38815],[-123.15588,43.38455],[-123.15296,43.37784],[-123.16842,43.38898],[-123.1725,43.38055],[-123.16419,43.372],[-123.1767,43.36718],[-123.18007,43.37842],[-123.17176,43.40058],[-123.20009,43.3694],[-123.19987,43.35975],[-123.20493,43.36693],[-123.2154,43.35673],[-123.22102,43.36004],[-123.21634,43.36736],[-123.22537,43.37828],[-123.23079,43.36384],[-123.23355,43.37225],[-123.23719,43.36315],[-123.25122,43.36938],[-123.25262,43.36334],[-123.23902,43.35905],[-123.2546,43.36106],[-123.25161,43.35163],[-123.26408,43.35237],[-123.26676,43.34134],[-123.2557,43.33333],[-123.25503,43.34289],[-123.24612,43.34529],[-123.24755,43.33896],[-123.23055,43.34706],[-123.24407,43.3332],[-123.23368,43.33047],[-123.24826,43.322],[-123.24791,43.3183],[-123.23408,43.32046],[-123.25274,43.29437],[-123.23159,43.30215],[-123.23041,43.31078],[-123.22421,43.30766],[-123.22449,43.32519],[-123.20591,43.31628],[-123.21434,43.32562],[-123.20553,43.32818],[-123.22078,43.33447],[-123.20996,43.33589],[-123.21252,43.34686],[-123.20173,43.33174],[-123.18563,43.34873],[-123.19807,43.32086],[-123.1693,43.33923],[-123.16998,43.34544],[-123.1524,43.35016],[-123.18953,43.31796],[-123.1718,43.31888],[-123.17003,43.32881],[-123.16099,43.31968],[-123.15217,43.32282],[-123.15424,43.33386],[-123.14727,43.3249],[-123.1388,43.34317],[-123.12686,43.3486],[-123.12676,43.35915],[-123.11608,43.36447],[-123.14052,43.3221],[-123.13372,43.32254],[-123.13172,43.31274],[-123.10708,43.32847],[-123.10633,43.33989],[-123.11326,43.33884],[-123.107,43.35557],[-123.09228,43.32167],[-123.07782,43.32311],[-123.08271,43.33602],[-123.06352,43.32132],[-123.05651,43.33112],[-123.01736,43.32736],[-123.01382,43.33571],[-122.99106,43.34371],[-122.99147,43.3211],[-123.01105,43.32981],[-123.04149,43.30755],[-123.05109,43.31993],[-123.07588,43.3054],[-123.07491,43.29637],[-123.08633,43.29862],[-123.08607,43.29131],[-123.07167,43.28776],[-123.07765,43.28389],[-123.07414,43.27578],[-123.0637,43.28105],[-123.06272,43.2721],[-123.02959,43.27008],[-123.01941,43.24316],[-122.96722,43.23206],[-123.01464,43.23613],[-123.0162,43.21623],[-123.02136,43.20941],[-123.01913,43.23459],[-123.03484,43.23905],[-123.02318,43.24194],[-123.04,43.25853],[-123.03682,43.2647],[-123.07035,43.26671],[-123.07673,43.24543],[-123.08324,43.24078],[-123.08025,43.26468],[-123.0878,43.27586],[-123.09266,43.25141],[-123.10349,43.25582],[-123.09994,43.24615],[-123.10905,43.25483],[-123.11614,43.24035],[-123.11368,43.25624],[-123.12392,43.25578],[-123.1255,43.26534],[-123.10272,43.2618],[-123.09799,43.26664],[-123.1057,43.27367],[-123.09931,43.27852],[-123.12544,43.26916],[-123.12651,43.28009],[-123.11135,43.28693],[-123.12955,43.2817],[-123.12498,43.29291],[-123.13071,43.29965],[-123.14703,43.2886],[-123.16893,43.29931],[-123.17334,43.29403],[-123.16288,43.28899],[-123.17254,43.28118],[-123.15325,43.28482],[-123.15883,43.27579],[-123.15252,43.26708],[-123.13696,43.27768],[-123.13623,43.26581],[-123.14805,43.25796],[-123.1395,43.25376],[-123.1531,43.25007],[-123.13429,43.24326],[-123.1508,43.24118],[-123.13592,43.23281],[-123.14943,43.23071],[-123.15954,43.24587],[-123.1689,43.23592],[-123.16477,43.22855],[-123.17444,43.22747],[-123.1663,43.21819],[-123.17841,43.21526],[-123.17604,43.20703],[-123.16151,43.219],[-123.16206,43.21096],[-123.15057,43.21388],[-123.16498,43.20573],[-123.15949,43.2053],[-123.18227,43.20152],[-123.17872,43.1963],[-123.20044,43.2036],[-123.21068,43.19944],[-123.20766,43.1947],[-123.2155,43.19683],[-123.21472,43.18915],[-123.22231,43.194],[-123.24406,43.18083],[-123.17403,43.1917],[-123.17092,43.1869],[-123.1879,43.18458],[-123.18166,43.17826],[-123.20058,43.18294],[-123.21294,43.17721],[-123.20407,43.17796],[-123.20449,43.17052],[-123.18983,43.17414],[-123.19783,43.16794],[-123.18401,43.17013],[-123.19498,43.1652],[-123.18918,43.15511],[-123.21628,43.17263],[-123.22888,43.16498],[-123.21698,43.16443],[-123.21739,43.15029],[-123.23139,43.1621],[-123.2356,43.1547],[-123.21984,43.1472],[-123.23235,43.15032],[-123.22717,43.14504],[-123.24058,43.1456],[-123.24093,43.13838],[-123.24701,43.14414],[-123.25748,43.13425],[-123.26657,43.14246],[-123.26206,43.12738],[-123.27758,43.12617],[-123.2692,43.12465],[-123.26827,43.12172],[-123.29183,43.11946],[-123.29143,43.11372],[-123.2812,43.11393],[-123.28068,43.10908],[-123.29697,43.10886],[-123.30472,43.11985],[-123.29395,43.12707],[-123.30841,43.12754],[-123.31477,43.11213],[-123.32241,43.11964],[-123.32557,43.10614],[-123.34105,43.10771],[-123.34054,43.11612],[-123.35421,43.1108],[-123.35385,43.10241],[-123.36423,43.10342],[-123.36262,43.08953],[-123.35592,43.09025],[-123.35388,43.07731],[-123.35157,43.08804],[-123.34663,43.0805],[-123.33734,43.08786],[-123.34212,43.09336],[-123.32515,43.10024],[-123.32034,43.09396],[-123.30927,43.1034],[-123.2908,43.09842],[-123.29608,43.08893],[-123.30779,43.09532],[-123.3328,43.0872],[-123.31116,43.0872],[-123.30098,43.08192],[-123.30554,43.07704],[-123.32455,43.08124],[-123.34498,43.07196],[-123.31517,43.07649],[-123.31485,43.06588],[-123.33172,43.06335],[-123.3158,43.05479],[-123.3221,43.03682],[-123.29772,43.03792],[-123.2921,43.02964],[-123.27489,43.04476],[-123.2802,43.04972],[-123.26176,43.04695],[-123.26682,43.06105],[-123.25637,43.06352],[-123.26113,43.06787],[-123.2612,43.0706],[-123.25583,43.06713],[-123.24795,43.08226],[-123.237,43.08676],[-123.25826,43.05559],[-123.2402,43.06051],[-123.25432,43.04633],[-123.23664,43.05182],[-123.23448,43.04522],[-123.22606,43.05329],[-123.22956,43.0583],[-123.22632,43.06986],[-123.2226,43.05021],[-123.20738,43.06276],[-123.21457,43.07413],[-123.20408,43.06394],[-123.20005,43.06925],[-123.20508,43.07977],[-123.1954,43.08236],[-123.21204,43.09163],[-123.21369,43.09768],[-123.19841,43.09092],[-123.19464,43.10222],[-123.19131,43.08158],[-123.17591,43.08487],[-123.16879,43.08995],[-123.17289,43.11363],[-123.16796,43.11504],[-123.16757,43.10259],[-123.14845,43.1126],[-123.13927,43.11504],[-123.16821,43.09727],[-123.16556,43.0871],[-123.13454,43.10014],[-123.13931,43.09467],[-123.16432,43.08079],[-123.19312,43.0771],[-123.183,43.07106],[-123.19465,43.0689],[-123.2071,43.04674],[-123.25286,43.03558],[-123.23811,43.03256],[-123.23874,43.02634],[-123.22068,43.03745],[-123.22393,43.03197],[-123.20514,43.02579],[-123.19439,43.04196],[-123.18682,43.03848],[-123.19107,43.04301],[-123.18433,43.05236],[-123.18588,43.0413],[-123.16056,43.03792],[-123.16012,43.03881],[-123.16069,43.03994],[-123.16063,43.04541],[-123.16151,43.04678],[-123.1612,43.04751],[-123.15477,43.03754],[-123.14196,43.05487],[-123.14168,43.03956],[-123.13666,43.04099],[-123.12513,43.03348],[-123.11295,43.03466],[-123.10402,43.03069],[-123.1825,43.03533],[-123.20708,43.00957],[-123.20844,43.02007],[-123.25212,43.0247],[-123.23235,43.00956],[-123.24408,43.00487],[-123.25422,43.01708],[-123.26378,43.00514],[-123.25331,42.99807],[-123.26736,42.99361],[-123.26896,43.00702],[-123.28298,42.99828],[-123.28312,43.00728],[-123.3105,42.98695],[-123.29166,42.98532],[-123.30007,42.98313],[-123.29605,42.9776],[-123.3182,42.98307],[-123.31344,42.97601],[-123.32689,42.96481],[-123.32657,42.95367],[-123.31037,42.96867],[-123.29931,42.96754],[-123.30235,42.95273],[-123.28845,42.95807],[-123.28667,42.95035],[-123.28011,42.95909],[-123.26093,42.96152],[-123.2488,42.95327],[-123.24277,42.9642],[-123.25004,42.97605],[-123.24145,42.96736],[-123.24044,42.95854],[-123.23144,42.96486],[-123.23629,42.97124],[-123.22935,42.967],[-123.22061,42.9739],[-123.22124,42.98352],[-123.22976,42.98854],[-123.23044,42.99227],[-123.2216,42.98668],[-123.21588,42.99247],[-123.21577,42.97759],[-123.19676,42.9778],[-123.19313,42.99339],[-123.18634,42.99452],[-123.19026,42.98151],[-123.16087,42.98273],[-123.15177,42.98614],[-123.1579,42.99762],[-123.15069,43.00691],[-123.1417,43.00282],[-123.15035,42.99663],[-123.14757,42.98778],[-123.13165,42.99212],[-123.10787,42.98581],[-123.1034,42.99289],[-123.08675,42.99354],[-123.10398,42.98064],[-123.1499,42.97724],[-123.16931,42.95373],[-123.1367,42.95836],[-123.12113,42.95423],[-123.12141,42.93871],[-123.11308,42.93765],[-123.10595,42.94825],[-123.05597,42.93201],[-123.04972,42.93942],[-123.05373,42.9307],[-123.02109,42.94566],[-123.0132,42.93877],[-123.01078,42.94583],[-122.99492,42.94112],[-123.00016,42.93991],[-122.99203,42.93788],[-122.99123,42.93241],[-122.98664,42.93246],[-122.97558,42.92791],[-122.96265,42.92961],[-122.95157,42.92739],[-122.94531,42.9328],[-122.94004,42.93485],[-122.95096,42.92594],[-122.97664,42.92696],[-122.99218,42.93164],[-123.00852,42.94354],[-123.01078,42.93754],[-123.04607,42.9296],[-123.04782,42.9173],[-123.04968,42.91452],[-123.04875,42.92524],[-123.06918,42.9327],[-123.10375,42.93801],[-123.10765,42.92889],[-123.12122,42.9305],[-123.12208,42.91824],[-123.11139,42.91824],[-123.11267,42.75576],[-123.15225,42.75584]],[[-123.13799,43.76008],[-123.12451,43.75432],[-123.11517,43.75868],[-123.12289,43.77033],[-123.10804,43.77446],[-123.09605,43.76676],[-123.08761,43.77786],[-123.09033,43.7862],[-123.10109,43.78267],[-123.10164,43.79353],[-123.11759,43.78898],[-123.11325,43.81232],[-123.12351,43.81584],[-123.1227,43.80989],[-123.14129,43.80029],[-123.13995,43.81025],[-123.14682,43.81144],[-123.14214,43.8208],[-123.133,43.82077],[-123.15301,43.83814],[-123.14473,43.84588],[-123.13272,43.83851],[-123.13442,43.85066],[-123.12588,43.84641],[-123.12082,43.85751],[-123.11723,43.82919],[-123.09611,43.82065],[-123.0965,43.81159],[-123.09064,43.82125],[-123.08336,43.81771],[-123.09195,43.83453],[-123.07885,43.81849],[-123.05331,43.81569],[-123.05254,43.82447],[-123.07296,43.83476],[-123.0542,43.83681],[-123.06426,43.84293],[-123.05801,43.85366],[-123.08802,43.84492],[-123.08066,43.85732],[-123.1017,43.85379],[-123.11257,43.86215],[-123.09807,43.87046],[-123.11378,43.87194],[-123.11128,43.88687],[-123.08901,43.87657],[-123.08346,43.88296],[-123.06133,43.88104],[-123.0626,43.8905],[-123.0726,43.89077],[-123.06781,43.90064],[-123.07917,43.91395],[-123.09269,43.90304],[-123.10107,43.91331],[-123.1091,43.90538],[-123.13577,43.91412],[-123.13283,43.90333],[-123.14187,43.89639],[-123.11756,43.90038],[-123.13086,43.89109],[-123.11683,43.89351],[-123.12483,43.88183],[-123.13217,43.886],[-123.12809,43.87987],[-123.1404,43.87659],[-123.14018,43.88427],[-123.16198,43.88585],[-123.15425,43.90518],[-123.16574,43.9116],[-123.16547,43.92163],[-123.15197,43.93945],[-123.14354,43.93194],[-123.14341,43.93928],[-123.1287,43.94638],[-123.09856,43.94083],[-123.10647,43.9564],[-123.10334,43.96816],[-123.07698,43.98584],[-123.09736,43.99706],[-123.10585,43.98428],[-123.12119,43.98172],[-123.11106,43.97488],[-123.11206,43.96584],[-123.12876,43.97266],[-123.149,43.95905],[-123.1623,43.96905],[-123.16488,43.95779],[-123.17706,43.95678],[-123.1424,43.94807],[-123.16856,43.94569],[-123.16059,43.93606],[-123.16988,43.93631],[-123.17221,43.91968],[-123.1817,43.93755],[-123.19094,43.92422],[-123.21517,43.93277],[-123.22527,43.92871],[-123.21292,43.92325],[-123.22889,43.90894],[-123.20187,43.9215],[-123.18073,43.91692],[-123.21854,43.89748],[-123.22509,43.88969],[-123.2179,43.88534],[-123.17596,43.913],[-123.1678,43.9066],[-123.17416,43.90244],[-123.16967,43.89379],[-123.18682,43.89311],[-123.18038,43.88856],[-123.18623,43.88238],[-123.19577,43.88699],[-123.21131,43.87796],[-123.20469,43.87171],[-123.19597,43.87611],[-123.20073,43.86716],[-123.21784,43.86829],[-123.20642,43.85733],[-123.16676,43.88613],[-123.16012,43.87406],[-123.18113,43.86488],[-123.15008,43.86528],[-123.15906,43.85452],[-123.18601,43.86214],[-123.2023,43.85184],[-123.19829,43.84606],[-123.18244,43.8485],[-123.21286,43.84244],[-123.20584,43.83428],[-123.19318,43.83542],[-123.19792,43.8268],[-123.22387,43.83532],[-123.22803,43.82592],[-123.20609,43.82179],[-123.22604,43.81408],[-123.22048,43.80113],[-123.21475,43.81056],[-123.20503,43.80839],[-123.2053,43.81636],[-123.19242,43.81448],[-123.1746,43.83711],[-123.16744,43.83346],[-123.19161,43.80066],[-123.21042,43.79435],[-123.19979,43.78869],[-123.19411,43.79489],[-123.18457,43.78877],[-123.17349,43.8122],[-123.15495,43.81912],[-123.17245,43.8033],[-123.1557,43.80268],[-123.17298,43.79707],[-123.17643,43.78766],[-123.15682,43.79346],[-123.16282,43.78676],[-123.15078,43.78918],[-123.15315,43.77964],[-123.17227,43.7796],[-123.2134,43.77937],[-123.19768,43.77945],[-123.20621,43.77045],[-123.19912,43.76296],[-123.20757,43.76129],[-123.21108,43.75149],[-123.19286,43.76557],[-123.18671,43.76165],[-123.1944,43.75029],[-123.18293,43.76177],[-123.15629,43.75769],[-123.15764,43.7629],[-123.1454,43.7656],[-123.13803,43.75061],[-123.13799,43.76008]]],[[[-117.70556,42.98856],[-117.73561,42.99937],[-117.73782,43.00594],[-117.72729,43.01427],[-117.73788,43.01785],[-117.71636,43.01502],[-117.70326,43.02575],[-117.71709,43.05015],[-117.70319,43.07181],[-117.72183,43.07145],[-117.71375,43.07673],[-117.72051,43.08683],[-117.74142,43.08888],[-117.72058,43.09022],[-117.724,43.09999],[-117.76789,43.12105],[-117.71276,43.1175],[-117.70687,43.12942],[-117.71372,43.13509],[-117.7052,43.13586],[-117.70648,43.14333],[-117.66405,43.14087],[-117.66662,43.1859],[-117.6528,43.1922],[-117.66078,43.20209],[-117.65169,43.19705],[-117.62048,43.20799],[-117.61385,43.22801],[-117.59614,43.21942],[-117.58836,43.23423],[-117.58558,43.22161],[-117.57772,43.22656],[-117.56027,43.21579],[-117.55227,43.22417],[-117.54539,43.21215],[-117.53094,43.21036],[-117.53273,43.20304],[-117.52052,43.20395],[-117.52122,43.21286],[-117.53004,43.21483],[-117.53238,43.21742],[-117.52142,43.21763],[-117.52285,43.22767],[-117.51512,43.229],[-117.52177,43.23416],[-117.51322,43.2495],[-117.51731,43.26545],[-117.50155,43.28727],[-117.49071,43.28282],[-117.49494,43.29303],[-117.5185,43.30119],[-117.50852,43.30536],[-117.51373,43.31129],[-117.50007,43.3115],[-117.49283,43.32111],[-117.50279,43.3372],[-117.49406,43.3457],[-117.50443,43.35132],[-117.4997,43.3687],[-117.50818,43.37292],[-117.49472,43.38316],[-117.48832,43.37995],[-117.49003,43.38696],[-117.47705,43.38804],[-117.46579,43.40198],[-117.45638,43.39514],[-117.4279,43.39707],[-117.4335,43.40353],[-117.42336,43.42648],[-117.38987,43.42796],[-117.38133,43.4175],[-117.37623,43.42442],[-117.3908,43.43212],[-117.38235,43.43792],[-117.39088,43.43731],[-117.3875,43.44918],[-117.39467,43.44101],[-117.39859,43.44918],[-117.40548,43.44697],[-117.40086,43.45683],[-117.3884,43.45351],[-117.38834,43.46281],[-117.40025,43.45948],[-117.40266,43.46843],[-117.39079,43.47527],[-117.41028,43.48689],[-117.3847,43.48338],[-117.37536,43.46588],[-117.37307,43.47823],[-117.35932,43.4809],[-117.37096,43.48144],[-117.36583,43.49002],[-117.37456,43.49169],[-117.36437,43.50867],[-117.38007,43.50125],[-117.38442,43.52871],[-117.40184,43.52865],[-117.39742,43.54758],[-117.42801,43.54583],[-117.44074,43.55655],[-117.44675,43.5447],[-117.43926,43.54332],[-117.44584,43.53958],[-117.43868,43.52575],[-117.44931,43.53515],[-117.45439,43.52626],[-117.45859,43.53313],[-117.46956,43.50343],[-117.47357,43.51441],[-117.48598,43.51811],[-117.47526,43.52987],[-117.47972,43.53411],[-117.47029,43.53546],[-117.4827,43.54826],[-117.47453,43.54672],[-117.4608,43.567],[-117.4431,43.56889],[-117.45759,43.57474],[-117.4811,43.55509],[-117.50249,43.56157],[-117.51953,43.5482],[-117.50425,43.56966],[-117.49231,43.56789],[-117.46763,43.5874],[-117.41803,43.57784],[-117.42292,43.59394],[-117.4155,43.59342],[-117.41693,43.60052],[-117.43312,43.62107],[-117.42442,43.62333],[-117.42918,43.63938],[-117.40257,43.67938],[-117.43956,43.71412],[-117.42216,43.72152],[-117.42646,43.73695],[-117.43224,43.73049],[-117.45083,43.73189],[-117.43664,43.74085],[-117.4393,43.75026],[-117.44931,43.75544],[-117.45826,43.74877],[-117.46678,43.75682],[-117.46132,43.76226],[-117.4791,43.76325],[-117.48538,43.78356],[-117.47484,43.785],[-117.47172,43.79713],[-117.49108,43.81008],[-117.50279,43.80554],[-117.52104,43.81352],[-117.53239,43.80043],[-117.52951,43.79703],[-117.53193,43.78744],[-117.53616,43.80125],[-117.5443,43.79629],[-117.5537,43.80285],[-117.55566,43.78644],[-117.58358,43.77202],[-117.57302,43.76697],[-117.57773,43.75848],[-117.57047,43.74666],[-117.58631,43.75307],[-117.60002,43.74427],[-117.60531,43.74971],[-117.61049,43.72672],[-117.61372,43.72136],[-117.61532,43.748],[-117.64728,43.72985],[-117.65036,43.74017],[-117.661,43.74131],[-117.69054,43.71659],[-117.68356,43.71422],[-117.69054,43.70787],[-117.68942,43.69239],[-117.71166,43.69329],[-117.70981,43.67872],[-117.72494,43.68648],[-117.72384,43.67146],[-117.72743,43.6786],[-117.74036,43.67731],[-117.76785,43.65888],[-117.75,43.6753],[-117.75174,43.68318],[-117.74266,43.67764],[-117.73007,43.69376],[-117.73611,43.69581],[-117.73562,43.71227],[-117.74881,43.71133],[-117.74327,43.72719],[-117.75388,43.7198],[-117.76572,43.72586],[-117.74427,43.73014],[-117.73638,43.75643],[-117.74482,43.74604],[-117.75007,43.75144],[-117.76045,43.74449],[-117.75799,43.75253],[-117.76759,43.74518],[-117.77112,43.74701],[-117.75972,43.7622],[-117.78838,43.75591],[-117.79918,43.76372],[-117.82252,43.75575],[-117.8159,43.76729],[-117.84597,43.77882],[-117.85927,43.77329],[-117.87096,43.7801],[-117.87038,43.78773],[-117.87899,43.76908],[-117.90322,43.78691],[-117.90552,43.7689],[-117.91289,43.77876],[-117.9379,43.7851],[-117.93852,43.76993],[-117.94541,43.76959],[-117.94627,43.77937],[-117.96396,43.78214],[-117.96809,43.77304],[-117.99114,43.79226],[-117.98442,43.76451],[-117.99356,43.7644],[-117.99407,43.75353],[-117.98883,43.7465],[-117.98039,43.745],[-117.97342,43.73891],[-117.99751,43.74129],[-118.00011,43.80098],[-117.98234,43.80397],[-118.01453,43.82478],[-117.98842,43.81506],[-117.97975,43.81938],[-117.98441,43.81249],[-117.9767,43.79845],[-117.96799,43.7977],[-117.96019,43.80103],[-117.96262,43.80924],[-117.95461,43.80567],[-117.95568,43.8247],[-117.94407,43.81145],[-117.93245,43.82082],[-117.88597,43.81168],[-117.87319,43.81992],[-117.87495,43.80804],[-117.86456,43.80348],[-117.85958,43.81036],[-117.85269,43.79939],[-117.84089,43.7998],[-117.8409,43.79157],[-117.81309,43.795],[-117.80468,43.7799],[-117.78239,43.78221],[-117.78693,43.8014],[-117.77211,43.79191],[-117.764,43.80432],[-117.77246,43.81465],[-117.76635,43.81992],[-117.77226,43.82619],[-117.77469,43.8461],[-117.7512,43.81515],[-117.74712,43.78709],[-117.73229,43.80032],[-117.73181,43.79152],[-117.72398,43.79078],[-117.71594,43.81839],[-117.72105,43.8164],[-117.72528,43.81695],[-117.71493,43.82203],[-117.72973,43.82413],[-117.71714,43.82516],[-117.71077,43.84106],[-117.72487,43.84405],[-117.72494,43.84938],[-117.71787,43.84537],[-117.70985,43.85542],[-117.72358,43.86214],[-117.71403,43.86164],[-117.71095,43.86946],[-117.72164,43.87231],[-117.72381,43.88831],[-117.71666,43.89009],[-117.72355,43.90452],[-117.73986,43.91102],[-117.7415,43.9255],[-117.73043,43.92575],[-117.73042,43.93609],[-117.7482,43.93201],[-117.75445,43.94222],[-117.77064,43.94389],[-117.77197,43.95732],[-117.81254,43.93518],[-117.7905,43.96974],[-117.79706,43.9709],[-117.79578,43.99126],[-117.81011,43.98122],[-117.81366,43.99478],[-117.83076,43.99156],[-117.82156,44.00054],[-117.8296,44.01201],[-117.84408,43.99829],[-117.86331,44.00515],[-117.84792,44.01496],[-117.86707,44.0197],[-117.85553,44.02563],[-117.82009,44.02289],[-117.83002,44.02931],[-117.82937,44.0394],[-117.87215,44.04367],[-117.84215,44.04404],[-117.84933,44.05449],[-117.83122,44.04465],[-117.82817,44.05241],[-117.82625,44.04427],[-117.79827,44.0466],[-117.792,44.03592],[-117.78254,44.03963],[-117.76824,44.02967],[-117.76263,44.05621],[-117.77842,44.06851],[-117.78443,44.08493],[-117.79206,44.09098],[-117.79587,44.09089],[-117.80726,44.09465],[-117.80817,44.09573],[-117.79592,44.09415],[-117.78266,44.08622],[-117.7756,44.07165],[-117.77002,44.07805],[-117.77399,44.06898],[-117.75833,44.07152],[-117.74863,44.04632],[-117.73663,44.06922],[-117.7305,44.04244],[-117.71952,44.03921],[-117.72063,44.0477],[-117.71177,44.04152],[-117.70978,44.0528],[-117.70554,44.05576],[-117.7095,44.04432],[-117.68842,44.02983],[-117.67618,44.03615],[-117.66907,44.0177],[-117.66057,44.04388],[-117.64149,44.02155],[-117.63244,44.0284],[-117.62991,44.01428],[-117.64329,44.01385],[-117.64418,44.00543],[-117.63304,44.00635],[-117.62273,43.99651],[-117.61952,44.00252],[-117.61022,43.99867],[-117.60939,44.00845],[-117.60097,43.99938],[-117.59728,44.01174],[-117.57853,44.02231],[-117.58435,44.03298],[-117.56689,44.02484],[-117.57522,44.03826],[-117.56727,44.02797],[-117.56,44.03044],[-117.55598,44.03608],[-117.56697,44.04511],[-117.54806,44.03617],[-117.53899,44.04182],[-117.54184,44.04935],[-117.52847,44.04566],[-117.53628,44.05906],[-117.51784,44.07645],[-117.49251,44.07742],[-117.50843,44.09253],[-117.50217,44.09888],[-117.5136,44.10909],[-117.51495,44.12243],[-117.52451,44.12423],[-117.52291,44.13588],[-117.52974,44.13445],[-117.53372,44.15097],[-117.54829,44.15908],[-117.5451,44.16757],[-117.56777,44.17643],[-117.57489,44.18949],[-117.57042,44.19692],[-117.58386,44.19101],[-117.57976,44.20684],[-117.59442,44.21266],[-117.58818,44.22418],[-117.60315,44.22428],[-117.59207,44.22789],[-117.59861,44.23669],[-117.62358,44.23275],[-117.61592,44.2415],[-117.59294,44.24512],[-117.59564,44.25151],[-117.6173,44.25082],[-117.6209,44.26016],[-117.60328,44.25458],[-117.58768,44.26376],[-117.59767,44.28413],[-117.58634,44.30294],[-117.5635,44.29835],[-117.57107,44.31475],[-117.60696,44.33736],[-117.61979,44.33066],[-117.6545,44.33184],[-117.64556,44.33429],[-117.65237,44.34644],[-117.69026,44.35334],[-117.7217,44.37087],[-117.72572,44.38312],[-117.68877,44.36423],[-117.68288,44.36774],[-117.67107,44.3558],[-117.65273,44.36394],[-117.63735,44.35805],[-117.63494,44.34879],[-117.61881,44.34709],[-117.63952,44.33524],[-117.61258,44.33842],[-117.60995,44.34647],[-117.62193,44.35706],[-117.60852,44.36572],[-117.60508,44.35416],[-117.58393,44.36046],[-117.57968,44.34889],[-117.60121,44.34013],[-117.57418,44.3428],[-117.58909,44.33424],[-117.56603,44.33223],[-117.56766,44.32245],[-117.55857,44.32958],[-117.56194,44.31018],[-117.54367,44.28961],[-117.53221,44.2882],[-117.53013,44.27827],[-117.51679,44.28034],[-117.49952,44.2634],[-117.47743,44.27381],[-117.46157,44.25553],[-117.45168,44.26302],[-117.45491,44.27491],[-117.44464,44.27334],[-117.4401,44.2813],[-117.43669,44.27132],[-117.4525,44.25616],[-117.44835,44.25096],[-117.43106,44.25172],[-117.43457,44.25883],[-117.42221,44.2678],[-117.41662,44.25769],[-117.39634,44.25202],[-117.40562,44.26655],[-117.39521,44.26576],[-117.38851,44.27673],[-117.36522,44.27338],[-117.33794,44.25466],[-117.34258,44.27505],[-117.36175,44.29083],[-117.38004,44.29444],[-117.39145,44.30581],[-117.39301,44.31452],[-117.38372,44.30253],[-117.35984,44.29452],[-117.35624,44.29938],[-117.35156,44.2874],[-117.34585,44.29141],[-117.33251,44.27869],[-117.33245,44.2881],[-117.32501,44.28057],[-117.32116,44.29424],[-117.33025,44.29862],[-117.32421,44.30082],[-117.35101,44.31898],[-117.32676,44.31618],[-117.32469,44.3337],[-117.33459,44.33487],[-117.33794,44.34619],[-117.35513,44.34639],[-117.3433,44.35123],[-117.36186,44.35921],[-117.31854,44.3517],[-117.33013,44.35601],[-117.32502,44.36102],[-117.34845,44.38446],[-117.3324,44.38273],[-117.33681,44.39296],[-117.35927,44.39871],[-117.3369,44.40555],[-117.32974,44.41729],[-117.33774,44.43346],[-117.36737,44.43485],[-117.37283,44.44378],[-117.39184,44.44674],[-117.43881,44.42753],[-117.43478,44.44136],[-117.45249,44.44458],[-117.47387,44.4331],[-117.47823,44.43493],[-117.48781,44.43046],[-117.49268,44.43165],[-117.47123,44.4475],[-117.48493,44.44883],[-117.47922,44.45445],[-117.49606,44.46598],[-117.4955,44.47798],[-117.49151,44.47175],[-117.47318,44.47292],[-117.47021,44.46447],[-117.42379,44.44269],[-117.41721,44.44671],[-117.42227,44.45642],[-117.41275,44.44995],[-117.41246,44.45748],[-117.40719,44.4551],[-117.40688,44.46844],[-117.40092,44.4534],[-117.39477,44.45434],[-117.39491,44.46515],[-117.37699,44.45628],[-117.3753,44.46774],[-117.36672,44.45344],[-117.34542,44.45396],[-117.35703,44.46558],[-117.34594,44.4641],[-117.35345,44.47585],[-117.366,44.47875],[-117.37209,44.49142],[-117.38866,44.49331],[-117.38338,44.50771],[-117.39512,44.50401],[-117.42007,44.51281],[-117.43646,44.50638],[-117.42315,44.5232],[-117.43409,44.52887],[-117.43502,44.53967],[-117.46519,44.54162],[-117.4914,44.55702],[-117.49778,44.54862],[-117.54201,44.5723],[-117.55153,44.56494],[-117.54667,44.57536],[-117.60704,44.5646],[-117.61452,44.55667],[-117.60389,44.54926],[-117.60258,44.54567],[-117.61556,44.55262],[-117.63179,44.54234],[-117.64568,44.54866],[-117.66235,44.54967],[-117.67009,44.54133],[-117.68889,44.54629],[-117.69124,44.53413],[-117.71025,44.52434],[-117.71002,44.51299],[-117.727,44.5042],[-117.72257,44.50069],[-117.73314,44.48518],[-117.77641,44.49168],[-117.74746,44.49173],[-117.73794,44.50169],[-117.71151,44.51326],[-117.71203,44.52766],[-117.69595,44.53793],[-117.70676,44.539],[-117.69346,44.54025],[-117.69002,44.54871],[-117.67248,44.54439],[-117.6755,44.55321],[-117.6705,44.54779],[-117.66162,44.55397],[-117.63276,44.54757],[-117.61863,44.55503],[-117.6201,44.56767],[-117.61337,44.56363],[-117.58,44.57897],[-117.56392,44.57608],[-117.5582,44.58526],[-117.53132,44.5778],[-117.53477,44.59572],[-117.50689,44.59986],[-117.52588,44.60898],[-117.51532,44.61246],[-117.53262,44.62537],[-117.52686,44.63186],[-117.5399,44.64041],[-117.54647,44.63534],[-117.55189,44.64396],[-117.55388,44.63715],[-117.56254,44.63992],[-117.58225,44.65409],[-117.55005,44.64856],[-117.54684,44.65507],[-117.52498,44.64377],[-117.52391,44.6562],[-117.51214,44.65444],[-117.50864,44.64364],[-117.50677,44.65137],[-117.49717,44.65235],[-117.50547,44.67663],[-117.50059,44.68965],[-117.50117,44.67219],[-117.49005,44.65594],[-117.4707,44.68671],[-117.47636,44.67036],[-117.46762,44.66835],[-117.4889,44.64905],[-117.46603,44.63349],[-117.45611,44.64334],[-117.44787,44.62995],[-117.44534,44.64143],[-117.4384,44.63998],[-117.43808,44.63011],[-117.41576,44.63751],[-117.41884,44.62653],[-117.40867,44.62912],[-117.4083,44.61676],[-117.42002,44.61834],[-117.41521,44.61454],[-117.43181,44.60626],[-117.40655,44.591],[-117.40726,44.57751],[-117.40177,44.57414],[-117.40033,44.59224],[-117.38854,44.59862],[-117.39558,44.57601],[-117.365,44.56496],[-117.37134,44.56031],[-117.36078,44.5583],[-117.36389,44.54847],[-117.37069,44.55098],[-117.36913,44.54227],[-117.35648,44.54466],[-117.35928,44.53734],[-117.35185,44.53176],[-117.33611,44.53846],[-117.34657,44.52862],[-117.34224,44.51209],[-117.35174,44.51311],[-117.355,44.49942],[-117.34379,44.49813],[-117.33421,44.5095],[-117.3283,44.49222],[-117.32202,44.50639],[-117.31306,44.50493],[-117.30886,44.49261],[-117.31996,44.4874],[-117.31049,44.47848],[-117.30174,44.48273],[-117.30228,44.45539],[-117.29019,44.44993],[-117.29623,44.4379],[-117.27558,44.43596],[-117.29088,44.42405],[-117.2849,44.41354],[-117.29483,44.41299],[-117.28092,44.40604],[-117.29491,44.39874],[-117.28068,44.38841],[-117.2713,44.39079],[-117.2782,44.38026],[-117.24815,44.36749],[-117.26273,44.38526],[-117.2642,44.40225],[-117.23808,44.41345],[-117.24057,44.42212],[-117.22909,44.42934],[-117.22842,44.442],[-117.24839,44.45836],[-117.23744,44.48258],[-117.24926,44.47685],[-117.25731,44.48736],[-117.26732,44.48233],[-117.26352,44.49242],[-117.27938,44.4921],[-117.28295,44.50402],[-117.2639,44.49937],[-117.25824,44.513],[-117.24812,44.49608],[-117.23511,44.50042],[-117.24425,44.5116],[-117.22773,44.50897],[-117.24549,44.52266],[-117.24823,44.5345],[-117.24358,44.53894],[-117.22662,44.51921],[-117.2259,44.52699],[-117.21515,44.52574],[-117.21254,44.5347],[-117.22698,44.55703],[-117.21384,44.55213],[-117.19785,44.5295],[-117.1911,44.53146],[-117.21034,44.55415],[-117.20179,44.55973],[-117.20537,44.56917],[-117.19116,44.56787],[-117.19625,44.55365],[-117.18097,44.5411],[-117.17685,44.55912],[-117.15795,44.54944],[-117.16081,44.56336],[-117.17224,44.57185],[-117.15553,44.57652],[-117.16048,44.58395],[-117.14702,44.58396],[-117.14318,44.59203],[-117.16967,44.59998],[-117.13908,44.61162],[-117.12823,44.62779],[-117.14508,44.63559],[-117.12388,44.64013],[-117.14374,44.64538],[-117.12534,44.6515],[-117.12843,44.66154],[-117.09876,44.67483],[-117.0984,44.68516],[-117.12024,44.68459],[-117.14115,44.67075],[-117.16926,44.67083],[-117.18921,44.65451],[-117.18516,44.66329],[-117.19875,44.6634],[-117.18525,44.66489],[-117.16081,44.6844],[-117.1494,44.68163],[-117.14865,44.69032],[-117.13968,44.68641],[-117.13385,44.69968],[-117.15473,44.70751],[-117.15023,44.69811],[-117.15768,44.69287],[-117.19582,44.70753],[-117.20869,44.69703],[-117.2091,44.70863],[-117.2187,44.71438],[-117.26299,44.73036],[-117.28461,44.73004],[-117.28006,44.73588],[-117.28649,44.74579],[-117.31829,44.74768],[-117.31014,44.75463],[-117.31899,44.7756],[-117.35293,44.78893],[-117.36014,44.79916],[-117.36096,44.78942],[-117.40445,44.79072],[-117.41613,44.77674],[-117.44293,44.77231],[-117.44832,44.76345],[-117.46336,44.77395],[-117.47364,44.76419],[-117.48477,44.76631],[-117.492,44.77756],[-117.51634,44.7835],[-117.53185,44.77518],[-117.521,44.76214],[-117.52738,44.75855],[-117.53904,44.76789],[-117.55243,44.76533],[-117.55048,44.773],[-117.5571,44.76807],[-117.5463,44.77941],[-117.56229,44.77958],[-117.55908,44.78966],[-117.57214,44.77792],[-117.56909,44.7695],[-117.57904,44.76751],[-117.58106,44.77488],[-117.60381,44.7684],[-117.60678,44.75848],[-117.61317,44.76708],[-117.62618,44.76333],[-117.66175,44.77751],[-117.67445,44.77511],[-117.68797,44.80002],[-117.66796,44.80365],[-117.63658,44.78765],[-117.62495,44.79384],[-117.64508,44.80418],[-117.64839,44.81565],[-117.63662,44.81192],[-117.63626,44.81716],[-117.64385,44.82643],[-117.6609,44.82595],[-117.65686,44.83217],[-117.66938,44.83886],[-117.66588,44.84409],[-117.68003,44.84157],[-117.71924,44.86265],[-117.72024,44.88351],[-117.71374,44.87743],[-117.71047,44.88249],[-117.72654,44.90328],[-117.71979,44.90849],[-117.73281,44.92781],[-117.7113,44.93645],[-117.71882,44.94761],[-117.72482,44.9428],[-117.74174,44.95067],[-117.74537,44.93958],[-117.75548,44.95267],[-117.77048,44.95137],[-117.75708,44.95638],[-117.77468,44.96278],[-117.7676,44.97453],[-117.78083,44.99245],[-117.62964,44.99319],[-117.61798,44.96841],[-117.629,44.94639],[-117.62295,44.94171],[-117.60372,44.9502],[-117.60597,44.94018],[-117.59764,44.93167],[-117.57895,44.93284],[-117.55246,44.9195],[-117.53741,44.92374],[-117.53256,44.91367],[-117.50228,44.91618],[-117.49284,44.90279],[-117.47855,44.91384],[-117.487,44.90016],[-117.4777,44.89529],[-117.45804,44.90103],[-117.42832,44.89569],[-117.42862,44.90459],[-117.41718,44.89848],[-117.4239,44.89306],[-117.44749,44.89512],[-117.46327,44.88707],[-117.46413,44.8805],[-117.45547,44.87864],[-117.4589,44.87265],[-117.44849,44.86853],[-117.453,44.86199],[-117.43962,44.86456],[-117.43892,44.85743],[-117.42697,44.85429],[-117.41945,44.86193],[-117.41456,44.85334],[-117.35794,44.83675],[-117.35964,44.83096],[-117.34996,44.83482],[-117.35341,44.83035],[-117.34008,44.82566],[-117.32371,44.83312],[-117.31234,44.82117],[-117.27932,44.82025],[-117.28407,44.83166],[-117.24656,44.83818],[-117.24589,44.82606],[-117.22972,44.82721],[-117.25493,44.86502],[-117.24928,44.87233],[-117.26137,44.87572],[-117.25524,44.87767],[-117.25994,44.88501],[-117.31182,44.90437],[-117.32256,44.91374],[-117.32232,44.92116],[-117.32867,44.92765],[-117.3354,44.94229],[-117.33464,44.94736],[-117.30718,44.90675],[-117.26069,44.89521],[-117.25836,44.91137],[-117.25649,44.91313],[-117.25243,44.88427],[-117.24339,44.87993],[-117.24045,44.88669],[-117.23746,44.86928],[-117.21528,44.83996],[-117.22163,44.849],[-117.21111,44.85206],[-117.19139,44.83586],[-117.19275,44.84332],[-117.19112,44.8504],[-117.18852,44.85298],[-117.17652,44.82638],[-117.16743,44.8207],[-117.16599,44.82795],[-117.16168,44.81908],[-117.15387,44.82364],[-117.15882,44.81653],[-117.15328,44.80776],[-117.14039,44.81014],[-117.14431,44.82243],[-117.12529,44.8023],[-117.12034,44.8191],[-117.10394,44.80499],[-117.10604,44.8152],[-117.09433,44.80779],[-117.08597,44.78573],[-117.08017,44.78741],[-117.08236,44.79766],[-117.06796,44.78796],[-117.06398,44.79554],[-117.10317,44.82358],[-117.10973,44.81933],[-117.12893,44.83976],[-117.12087,44.8427],[-117.1219,44.86211],[-117.15642,44.87323],[-117.17864,44.91404],[-117.1778,44.94132],[-117.13107,44.93865],[-117.12735,44.94771],[-117.12122,44.9348],[-117.11166,44.95217],[-117.09236,44.9512],[-117.07555,44.96581],[-117.07598,44.954],[-117.10652,44.94314],[-117.11146,44.93442],[-117.07453,44.9162],[-117.06421,44.92641],[-117.07881,44.93861],[-117.07174,44.94094],[-117.0696,44.95505],[-117.06034,44.9481],[-117.0564,44.95578],[-117.04075,44.94428],[-117.05363,44.96131],[-117.03584,44.95995],[-117.02667,44.95206],[-117.03264,44.94143],[-117.01963,44.93037],[-117.02222,44.94823],[-117.00792,44.94286],[-117.01423,44.9623],[-116.98059,44.92428],[-116.98344,44.93357],[-116.97503,44.93222],[-116.97392,44.94876],[-116.99008,44.94786],[-116.99566,44.96278],[-116.99197,44.97049],[-116.98789,44.95448],[-116.97369,44.95871],[-116.95577,44.99386],[-116.94917,44.98118],[-116.92146,45.00001],[-116.90986,45.00002],[-116.92391,44.97722],[-116.94706,44.96715],[-116.95194,44.94913],[-116.94881,44.94248],[-116.9418,44.94828],[-116.93851,44.93245],[-116.92967,44.94746],[-116.91734,44.93796],[-116.90836,44.95479],[-116.89736,44.95396],[-116.89861,44.96588],[-116.8867,44.96563],[-116.89204,44.97196],[-116.88614,44.98475],[-116.89478,44.98952],[-116.8763,44.98877],[-116.87737,44.99973],[-116.78306,44.9999],[-116.79877,44.98106],[-116.80869,44.98363],[-116.81904,44.96251],[-116.80509,44.95496],[-116.7905,44.95891],[-116.80404,44.93453],[-116.79877,44.93238],[-116.81133,44.9206],[-116.80103,44.91586],[-116.80342,44.90999],[-116.81278,44.90891],[-116.8118,44.89895],[-116.82023,44.90149],[-116.82026,44.89099],[-116.82966,44.89238],[-116.82246,44.88192],[-116.82771,44.87688],[-116.84308,44.88041],[-116.84585,44.87429],[-116.83682,44.87058],[-116.86005,44.85774],[-116.81075,44.86842],[-116.7966,44.88767],[-116.7773,44.89038],[-116.75463,44.90986],[-116.76605,44.92299],[-116.75222,44.91719],[-116.73089,44.93438],[-116.73638,44.94304],[-116.7303,44.9445],[-116.72588,44.9646],[-116.72434,44.96582],[-116.7245,44.9344],[-116.74307,44.92135],[-116.74324,44.90826],[-116.77102,44.88539],[-116.76762,44.87944],[-116.78245,44.87826],[-116.77782,44.87035],[-116.78698,44.87464],[-116.79332,44.85796],[-116.79972,44.86372],[-116.81644,44.85516],[-116.8037,44.8509],[-116.80767,44.84036],[-116.82387,44.84852],[-116.83363,44.84349],[-116.83448,44.83127],[-116.84626,44.84062],[-116.86315,44.83238],[-116.8753,44.83783],[-116.86551,44.8184],[-116.88183,44.82194],[-116.87732,44.81489],[-116.89586,44.8149],[-116.90128,44.79996],[-116.89712,44.78463],[-116.88957,44.78262],[-116.89432,44.77757],[-116.88153,44.77603],[-116.87984,44.76366],[-116.87064,44.76738],[-116.87575,44.75885],[-116.86386,44.75054],[-116.86939,44.74327],[-116.86401,44.73612],[-116.89346,44.75353],[-116.88708,44.74605],[-116.89626,44.73017],[-116.9022,44.75139],[-116.9123,44.73046],[-116.92844,44.7214],[-116.91311,44.73836],[-116.9164,44.77975],[-116.92995,44.77398],[-116.92773,44.76137],[-116.96183,44.76038],[-116.95342,44.75761],[-116.9507,44.74303],[-116.96033,44.74936],[-116.96812,44.74352],[-116.97197,44.75127],[-116.9983,44.747],[-116.9941,44.73515],[-117.00772,44.71245],[-117.01194,44.72154],[-117.03496,44.72563],[-117.03161,44.71215],[-117.03653,44.70692],[-117.04413,44.71461],[-117.04074,44.70208],[-117.05029,44.69975],[-117.03888,44.69318],[-117.03929,44.68441],[-117.0513,44.68047],[-117.04328,44.67256],[-117.03191,44.67858],[-117.02744,44.67581],[-117.04035,44.66652],[-117.03201,44.66754],[-117.02765,44.6667],[-117.04058,44.65981],[-117.03069,44.65436],[-117.03911,44.65234],[-117.03093,44.6339],[-117.06429,44.67408],[-117.06829,44.6508],[-117.07938,44.65536],[-117.07103,44.64519],[-117.07834,44.64092],[-117.07416,44.63362],[-117.08681,44.63554],[-117.09926,44.61585],[-117.0894,44.61573],[-117.11096,44.59887],[-117.10912,44.59507],[-117.09089,44.60438],[-117.0689,44.60371],[-117.09618,44.59102],[-117.09226,44.58593],[-117.09842,44.58179],[-117.11086,44.58272],[-117.10741,44.57397],[-117.11788,44.56466],[-117.09089,44.56469],[-117.07305,44.57599],[-117.07596,44.56658],[-117.06327,44.56297],[-117.12088,44.55185],[-117.13028,44.54217],[-117.12171,44.53829],[-117.1276,44.53144],[-117.12013,44.53396],[-117.10391,44.52036],[-117.14196,44.51812],[-117.13463,44.50884],[-117.09769,44.50779],[-117.10472,44.49935],[-117.15734,44.49988],[-117.14457,44.47848],[-117.15794,44.47868],[-117.15635,44.47301],[-117.16366,44.47508],[-117.16772,44.49074],[-117.18313,44.49782],[-117.18365,44.48254],[-117.1958,44.4723],[-117.16264,44.46602],[-117.15963,44.45295],[-117.1512,44.46503],[-117.145,44.45886],[-117.15084,44.45491],[-117.14971,44.44818],[-117.1436,44.45498],[-117.13874,44.44533],[-117.10809,44.46813],[-117.13451,44.43585],[-117.12211,44.43304],[-117.12331,44.42719],[-117.10947,44.4317],[-117.11772,44.42233],[-117.08824,44.41929],[-117.11841,44.41239],[-117.14,44.42747],[-117.1408,44.40658],[-117.1279,44.38681],[-117.12407,44.39318],[-117.10287,44.39164],[-117.08715,44.37936],[-117.08965,44.38548],[-117.07789,44.38271],[-117.08388,44.39738],[-117.07073,44.39208],[-117.06889,44.38456],[-117.0581,44.38486],[-117.06234,44.37575],[-117.05344,44.35858],[-117.03095,44.35479],[-117.02663,44.36594],[-117.01962,44.36343],[-117.01974,44.33943],[-117.0109,44.34758],[-116.99758,44.34343],[-117.00614,44.36931],[-117.001,44.38381],[-116.98369,44.35391],[-116.97204,44.35076],[-116.96856,44.35948],[-116.96346,44.35161],[-116.94888,44.37398],[-116.95292,44.39379],[-116.9422,44.38483],[-116.94309,44.39689],[-116.92614,44.3947],[-116.93347,44.41594],[-116.94206,44.41987],[-116.94418,44.41903],[-116.94556,44.41929],[-116.94577,44.41994],[-116.94212,44.4207],[-116.9324,44.41728],[-116.92228,44.40616],[-116.91986,44.40855],[-116.91868,44.4429],[-116.93128,44.47939],[-116.92299,44.47338],[-116.91028,44.43161],[-116.89498,44.43155],[-116.89077,44.42438],[-116.8874,44.43222],[-116.87364,44.42234],[-116.87262,44.42924],[-116.85752,44.4125],[-116.84733,44.41802],[-116.85552,44.42155],[-116.84868,44.42684],[-116.87093,44.43259],[-116.85083,44.44335],[-116.86734,44.44449],[-116.85405,44.45009],[-116.85508,44.45353],[-116.86556,44.4577],[-116.87342,44.46631],[-116.8623,44.4602],[-116.86335,44.46996],[-116.84937,44.45906],[-116.85071,44.4666],[-116.84093,44.45043],[-116.83344,44.46184],[-116.81883,44.45253],[-116.8209,44.46501],[-116.81137,44.47018],[-116.82416,44.47386],[-116.81246,44.47828],[-116.81763,44.47907],[-116.81042,44.48216],[-116.81037,44.49807],[-116.82793,44.51469],[-116.81156,44.50855],[-116.82472,44.51855],[-116.81544,44.52693],[-116.82102,44.53012],[-116.8077,44.53199],[-116.81693,44.54051],[-116.79181,44.53915],[-116.80407,44.54137],[-116.79041,44.54538],[-116.80071,44.55528],[-116.78807,44.562],[-116.79556,44.57757],[-116.78694,44.57153],[-116.74184,44.57378],[-116.72165,44.55963],[-116.72281,44.55343],[-116.70199,44.54759],[-116.72757,44.57464],[-116.80567,44.58757],[-116.78648,44.59784],[-116.81535,44.6019],[-116.7934,44.60195],[-116.7937,44.60873],[-116.78693,44.60271],[-116.7794,44.60826],[-116.7725,44.5956],[-116.76107,44.59468],[-116.77531,44.61277],[-116.79774,44.62153],[-116.77926,44.61991],[-116.81614,44.65187],[-116.77868,44.63199],[-116.77458,44.64198],[-116.77433,44.63194],[-116.75969,44.6198],[-116.75345,44.62211],[-116.76486,44.63642],[-116.75654,44.6347],[-116.75876,44.64236],[-116.74735,44.63485],[-116.74195,44.64168],[-116.72412,44.627],[-116.72041,44.63339],[-116.73159,44.643],[-116.71968,44.63618],[-116.72231,44.64225],[-116.70447,44.62578],[-116.69858,44.6347],[-116.70887,44.65118],[-116.6909,44.65434],[-116.68639,44.66594],[-116.66107,44.64306],[-116.63412,44.66988],[-116.60338,44.66682],[-116.60451,44.68509],[-116.59765,44.68301],[-116.59634,44.66806],[-116.58038,44.67339],[-116.58764,44.6866],[-116.57095,44.6836],[-116.56393,44.69429],[-116.54996,44.68459],[-116.54417,44.69215],[-116.55442,44.70617],[-116.54928,44.72045],[-116.53306,44.70904],[-116.5134,44.71284],[-116.51869,44.71898],[-116.51856,44.72155],[-116.50267,44.71146],[-116.49996,44.71963],[-116.49117,44.71642],[-116.49656,44.70962],[-116.47325,44.71604],[-116.47725,44.73532],[-116.48789,44.73414],[-116.4812,44.7392],[-116.5145,44.75351],[-116.51622,44.78753],[-116.51948,44.77248],[-116.53019,44.77926],[-116.53048,44.77135],[-116.57582,44.80771],[-116.56236,44.80776],[-116.56448,44.81865],[-116.55446,44.82837],[-116.56576,44.83603],[-116.55523,44.83198],[-116.55275,44.8373],[-116.55086,44.82507],[-116.54325,44.82268],[-116.55185,44.82234],[-116.5547,44.81245],[-116.54219,44.8069],[-116.53803,44.81567],[-116.53629,44.80432],[-116.52852,44.803],[-116.52861,44.8102],[-116.52633,44.81218],[-116.51509,44.79505],[-116.51238,44.80586],[-116.49191,44.81767],[-116.48851,44.80882],[-116.48276,44.81135],[-116.47615,44.82841],[-116.48824,44.83656],[-116.4893,44.82843],[-116.50305,44.83028],[-116.49536,44.83674],[-116.50747,44.84312],[-116.48766,44.84203],[-116.49531,44.85262],[-116.48667,44.85242],[-116.48893,44.86841],[-116.50016,44.87696],[-116.49936,44.88557],[-116.49364,44.89475],[-116.49725,44.88469],[-116.48371,44.87126],[-116.47914,44.853],[-116.46816,44.85666],[-116.47783,44.8481],[-116.46685,44.83352],[-116.45736,44.83698],[-116.46389,44.84204],[-116.44912,44.85379],[-116.44513,44.86984],[-116.43643,44.85772],[-116.4419,44.85179],[-116.43695,44.83897],[-116.40846,44.83513],[-116.39789,44.84217],[-116.39441,44.84216],[-116.39122,44.84033],[-116.4054,44.83073],[-116.43742,44.83335],[-116.44652,44.84881],[-116.45331,44.8441],[-116.4342,44.82818],[-116.44498,44.83011],[-116.43938,44.82112],[-116.4258,44.81526],[-116.42681,44.8246],[-116.4086,44.81573],[-116.39608,44.76533],[-116.40663,44.75672],[-116.41189,44.74531],[-116.40618,44.74271],[-116.4209,44.72074],[-116.41093,44.71597],[-116.41566,44.70379],[-116.40273,44.70868],[-116.40182,44.70724],[-116.41024,44.70236],[-116.40358,44.70002],[-116.40348,44.69456],[-116.41024,44.6994],[-116.4124,44.68992],[-116.38924,44.68248],[-116.41221,44.68421],[-116.42282,44.67496],[-116.42121,44.66873],[-116.41001,44.67869],[-116.40624,44.67458],[-116.41274,44.67165],[-116.41118,44.6611],[-116.42266,44.65713],[-116.41929,44.64915],[-116.405,44.64788],[-116.3994,44.66225],[-116.39637,44.6534],[-116.38233,44.66263],[-116.38604,44.65199],[-116.37628,44.64586],[-116.36345,44.65132],[-116.35486,44.65307],[-116.34738,44.65209],[-116.36798,44.64573],[-116.36079,44.64049],[-116.39197,44.64941],[-116.40298,44.64103],[-116.38688,44.62744],[-116.39366,44.61281],[-116.38128,44.60787],[-116.39331,44.60592],[-116.38087,44.58827],[-116.38973,44.58883],[-116.38461,44.57764],[-116.39166,44.57764],[-116.39198,44.53776],[-116.37867,44.5314],[-116.39378,44.52614],[-116.38688,44.52333],[-116.38584,44.50491],[-116.3935,44.49178],[-116.35742,44.49828],[-116.37623,44.48814],[-116.36989,44.4813],[-116.41507,44.49711],[-116.43077,44.482],[-116.42836,44.47281],[-116.41957,44.47523],[-116.42654,44.46378],[-116.42008,44.46278],[-116.44045,44.45852],[-116.46222,44.434],[-116.46023,44.42545],[-116.43957,44.4343],[-116.41154,44.4566],[-116.41222,44.4146],[-116.43211,44.38523],[-116.42835,44.37436],[-116.4211,44.37484],[-116.42177,44.35782],[-116.41925,44.35675],[-116.41593,44.35925],[-116.41319,44.35878],[-116.41301,44.34632],[-116.42457,44.35716],[-116.43006,44.36978],[-116.44224,44.37077],[-116.44327,44.38295],[-116.45233,44.37645],[-116.46265,44.40437],[-116.47265,44.3967],[-116.4732,44.40318],[-116.48764,44.40214],[-116.4929,44.39184],[-116.5053,44.39032],[-116.50252,44.38305],[-116.51952,44.38665],[-116.53128,44.37536],[-116.50467,44.36974],[-116.49398,44.35514],[-116.53299,44.34037],[-116.54739,44.32639],[-116.50546,44.31607],[-116.5121,44.31338],[-116.50208,44.30884],[-116.50309,44.30049],[-116.50975,44.28915],[-116.52639,44.30108],[-116.55246,44.30521],[-116.55441,44.29721],[-116.5444,44.28867],[-116.57456,44.28728],[-116.54521,44.25216],[-116.56698,44.25012],[-116.57824,44.28072],[-116.59141,44.28807],[-116.58351,44.28545],[-116.5896,44.29873],[-116.58294,44.31029],[-116.59522,44.30814],[-116.59848,44.31243],[-116.55871,44.32204],[-116.55745,44.33215],[-116.588,44.34598],[-116.61415,44.33797],[-116.61455,44.34868],[-116.63276,44.35074],[-116.62741,44.34329],[-116.64173,44.34478],[-116.63424,44.33787],[-116.64409,44.33593],[-116.6431,44.32299],[-116.65388,44.32589],[-116.68233,44.30887],[-116.67211,44.3052],[-116.67936,44.29962],[-116.732,44.30026],[-116.7177,44.27031],[-116.70579,44.26424],[-116.71334,44.26053],[-116.71158,44.24202],[-116.71919,44.23617],[-116.71051,44.2335],[-116.70377,44.24984],[-116.70056,44.23501],[-116.67654,44.22423],[-116.68694,44.21923],[-116.67848,44.21112],[-116.67405,44.2202],[-116.65541,44.18967],[-116.64305,44.18762],[-116.65558,44.22777],[-116.6331,44.21039],[-116.62121,44.18845],[-116.61627,44.20191],[-116.60565,44.1906],[-116.59776,44.20141],[-116.61081,44.21172],[-116.61158,44.22988],[-116.62764,44.24768],[-116.62008,44.24523],[-116.61993,44.25277],[-116.63635,44.26501],[-116.63818,44.28664],[-116.61125,44.26369],[-116.60179,44.26544],[-116.583,44.2163],[-116.5604,44.20087],[-116.55281,44.21122],[-116.53402,44.20359],[-116.5587,44.19937],[-116.56622,44.2017],[-116.57069,44.19223],[-116.57025,44.20319],[-116.58652,44.20872],[-116.60045,44.19017],[-116.59051,44.19007],[-116.5892,44.17752],[-116.57338,44.18729],[-116.57175,44.16413],[-116.56655,44.16801],[-116.56446,44.16806],[-116.56924,44.15891],[-116.55554,44.14845],[-116.55083,44.15309],[-116.55126,44.14684],[-116.53218,44.14746],[-116.5272,44.16325],[-116.51979,44.16276],[-116.52666,44.14918],[-116.52154,44.14299],[-116.52851,44.13848],[-116.53328,44.14532],[-116.55772,44.14401],[-116.5522,44.13156],[-116.55962,44.11641],[-116.54367,44.1085],[-116.53334,44.12448],[-116.51542,44.11276],[-116.51252,44.11474],[-116.5135,44.13072],[-116.51182,44.13247],[-116.50281,44.09642],[-116.5132,44.10995],[-116.52204,44.10078],[-116.51773,44.09078],[-116.50799,44.09384],[-116.49984,44.08403],[-116.49339,44.11842],[-116.48051,44.08602],[-116.43939,44.10381],[-116.42491,44.12065],[-116.42228,44.1213],[-116.43459,44.10407],[-116.4267,44.0965],[-116.43763,44.10274],[-116.45696,44.09307],[-116.4573,44.07579],[-116.46542,44.08559],[-116.47686,44.07712],[-116.47961,44.06038],[-116.47287,44.05948],[-116.47877,44.05771],[-116.46829,44.05099],[-116.48138,44.04011],[-116.47039,44.0332],[-116.48221,44.03079],[-116.47824,44.02058],[-116.46558,44.02339],[-116.46832,43.98553],[-116.45742,43.98206],[-116.45396,43.96592],[-116.43698,43.95423],[-116.42503,43.96558],[-116.4145,43.96482],[-116.41042,43.94746],[-116.40592,43.965],[-116.3946,43.97307],[-116.38737,43.97371],[-116.38702,43.95451],[-116.37466,43.96263],[-116.3824,43.9839],[-116.36331,44.00732],[-116.3554,44.00595],[-116.35967,44.01906],[-116.33935,44.04024],[-116.34434,44.04114],[-116.34881,44.04877],[-116.33606,44.04824],[-116.34552,44.06062],[-116.33414,44.06633],[-116.34353,44.06974],[-116.3337,44.08178],[-116.34344,44.08295],[-116.3336,44.10242],[-116.34178,44.10411],[-116.32945,44.11969],[-116.3319,44.12024],[-116.33516,44.11466],[-116.34243,44.11231],[-116.34048,44.13297],[-116.32676,44.16049],[-116.33004,44.17416],[-116.31651,44.19306],[-116.32204,44.2013],[-116.30727,44.22626],[-116.31269,44.22578],[-116.31017,44.2432],[-116.32063,44.24856],[-116.31659,44.25592],[-116.3227,44.26238],[-116.31186,44.31778],[-116.30632,44.31088],[-116.31419,44.29332],[-116.3088,44.25328],[-116.29996,44.26646],[-116.28787,44.26244],[-116.28412,44.28701],[-116.28125,44.27462],[-116.27324,44.27512],[-116.28497,44.27041],[-116.28736,44.25731],[-116.28483,44.24953],[-116.2762,44.25328],[-116.28461,44.243],[-116.28346,44.22196],[-116.26346,44.21253],[-116.27087,44.21067],[-116.27701,44.19257],[-116.27574,44.17992],[-116.26909,44.18548],[-116.26717,44.1783],[-116.27212,44.16987],[-116.24529,44.17065],[-116.27488,44.15193],[-116.26538,44.14996],[-116.27474,44.14753],[-116.26775,44.14706],[-116.26976,44.1278],[-116.25718,44.12304],[-116.2567,44.11185],[-116.26334,44.11966],[-116.28231,44.12076],[-116.28762,44.10176],[-116.28233,44.09951],[-116.2905,44.09631],[-116.28047,44.09132],[-116.28938,44.08667],[-116.30242,44.05051],[-116.29157,44.05113],[-116.2854,44.0456],[-116.29116,44.0413],[-116.26677,44.03141],[-116.27624,44.0207],[-116.2679,44.0209],[-116.27436,44.00675],[-116.26867,44.00616],[-116.26704,44.00513],[-116.28328,44.00205],[-116.27034,44.00108],[-116.26724,43.99388],[-116.29068,43.98935],[-116.28749,43.97445],[-116.29363,43.97489],[-116.29381,43.96617],[-116.28744,43.95178],[-116.28128,43.95518],[-116.28075,43.9414],[-116.2574,43.94818],[-116.26428,43.93455],[-116.256,43.92451],[-116.26108,43.91289],[-116.23894,43.92584],[-116.24003,43.91922],[-116.22582,43.92035],[-116.20313,43.93216],[-116.19767,43.97048],[-116.20641,43.97365],[-116.22229,43.9621],[-116.21887,43.97296],[-116.22863,43.98041],[-116.22641,43.98374],[-116.21209,43.9793],[-116.1928,44.00592],[-116.15971,44.01838],[-116.16793,44.0237],[-116.13928,44.03095],[-116.14332,44.06318],[-116.12705,44.06602],[-116.1295,44.07939],[-116.11821,44.08817],[-116.12007,44.09624],[-116.10916,44.09232],[-116.09744,44.10388],[-116.11568,44.12067],[-116.11789,44.13756],[-116.11194,44.14943],[-116.10986,44.11927],[-116.09743,44.1165],[-116.10204,44.11378],[-116.09292,44.10246],[-116.07706,44.10424],[-116.05889,44.09131],[-116.00825,44.0995],[-116.00835,44.10752],[-115.98448,44.11744],[-115.9883,44.13055],[-115.98024,44.13713],[-115.9907,44.16602],[-115.97462,44.1795],[-115.99228,44.1855],[-115.97627,44.18937],[-115.97171,44.18173],[-115.95408,44.19682],[-115.94165,44.19758],[-115.94572,44.20178],[-115.93889,44.19893],[-115.93172,44.20503],[-115.93763,44.2097],[-115.92487,44.21459],[-115.93294,44.21741],[-115.91812,44.21916],[-115.92114,44.22353],[-115.90956,44.23025],[-115.91535,44.23272],[-115.89026,44.24546],[-115.89347,44.25108],[-115.88726,44.25955],[-115.8881,44.24483],[-115.89927,44.23436],[-115.89399,44.22587],[-115.91127,44.22504],[-115.9139,44.21794],[-115.89444,44.21198],[-115.91384,44.21378],[-115.92252,44.20629],[-115.93441,44.1895],[-115.92369,44.18738],[-115.91876,44.18305],[-115.93758,44.18688],[-115.94443,44.17694],[-115.93822,44.16816],[-115.94724,44.16274],[-115.93486,44.15597],[-115.94958,44.15865],[-115.95459,44.14948],[-115.94625,44.14786],[-115.95798,44.14134],[-115.94887,44.13621],[-115.95827,44.13456],[-115.95303,44.12188],[-115.93879,44.12033],[-115.94743,44.11484],[-115.93884,44.10502],[-115.91054,44.11212],[-115.90511,44.10932],[-115.92597,44.10584],[-115.9212,44.10535],[-115.91727,44.09979],[-115.941,44.09956],[-115.94669,44.08891],[-115.93454,44.08218],[-115.94174,44.07494],[-115.91098,44.05883],[-115.90424,44.06313],[-115.90906,44.05706],[-115.88999,44.05604],[-115.89317,44.05096],[-115.8726,44.05505],[-115.87115,44.04545],[-115.8441,44.04577],[-115.821,44.05984],[-115.82372,44.06218],[-115.82389,44.06544],[-115.81897,44.06128],[-115.78693,44.07809],[-115.74195,44.07125],[-115.78403,44.07368],[-115.83981,44.041],[-115.86693,44.0444],[-115.87585,44.03633],[-115.87955,44.04431],[-115.89036,44.03863],[-115.89993,44.05055],[-115.89927,44.04538],[-115.90171,44.04215],[-115.90344,44.05079],[-115.93151,44.05969],[-115.92409,44.04832],[-115.92363,44.04438],[-115.93877,44.06198],[-115.9453,44.04798],[-115.95514,44.04417],[-115.94914,44.05575],[-115.97565,44.06816],[-116.00131,44.10149],[-116.03459,44.07695],[-116.04236,44.0853],[-116.035,44.09064],[-116.05946,44.08674],[-116.08269,44.09795],[-116.11224,44.07927],[-116.11059,44.06549],[-116.12577,44.05437],[-116.13232,44.02427],[-116.14401,44.02144],[-116.15096,44.00868],[-116.17444,44.00351],[-116.16957,43.99503],[-116.17547,43.98317],[-116.12596,43.97836],[-116.14336,43.96818],[-116.1439,43.95982],[-116.1294,43.95302],[-116.16125,43.9477],[-116.14714,43.93978],[-116.14419,43.92721],[-116.15485,43.91801],[-116.1465,43.91135],[-116.15942,43.9151],[-116.17904,43.90453],[-116.17364,43.8779],[-116.14552,43.86686],[-116.16584,43.8691],[-116.17329,43.83516],[-116.16926,43.86422],[-116.17965,43.88157],[-116.21982,43.86387],[-116.21707,43.8732],[-116.22896,43.86954],[-116.23638,43.87711],[-116.21929,43.9035],[-116.25911,43.89203],[-116.27031,43.90196],[-116.27272,43.88575],[-116.27668,43.89767],[-116.29175,43.88537],[-116.3258,43.89866],[-116.33039,43.89457],[-116.33622,43.90352],[-116.33541,43.89134],[-116.35865,43.88714],[-116.3645,43.86971],[-116.3701,43.88037],[-116.38971,43.8837],[-116.39206,43.89063],[-116.40543,43.88154],[-116.41414,43.88815],[-116.41553,43.87628],[-116.39106,43.87816],[-116.37097,43.86505],[-116.36618,43.86874],[-116.36919,43.85569],[-116.35994,43.85422],[-116.36414,43.8452],[-116.3525,43.83442],[-116.3713,43.82035],[-116.35242,43.81137],[-116.346,43.81801],[-116.3436,43.80605],[-116.31721,43.79887],[-116.33357,43.80033],[-116.33842,43.79526],[-116.29529,43.78001],[-116.31329,43.78109],[-116.32112,43.77639],[-116.28232,43.76512],[-116.27067,43.773],[-116.26452,43.79289],[-116.26971,43.79935],[-116.25555,43.7969],[-116.26054,43.78296],[-116.24598,43.77252],[-116.25628,43.76564],[-116.24385,43.7556],[-116.253,43.75537],[-116.24003,43.74386],[-116.23068,43.74768],[-116.22934,43.74018],[-116.24054,43.73811],[-116.22326,43.73199],[-116.21722,43.72207],[-116.2275,43.71846],[-116.2194,43.70927],[-116.19167,43.70284],[-116.20313,43.69762],[-116.1961,43.69009],[-116.17731,43.68834],[-116.20123,43.68645],[-116.21746,43.69419],[-116.23334,43.6831],[-116.21561,43.67865],[-116.21796,43.68712],[-116.21042,43.68122],[-116.21097,43.68689],[-116.20068,43.68071],[-116.1839,43.685],[-116.16909,43.67808],[-116.18094,43.67045],[-116.16601,43.67095],[-116.16921,43.6613],[-116.15695,43.65577],[-116.16556,43.65157],[-116.15274,43.64703],[-116.16108,43.64384],[-116.15922,43.63723],[-116.14973,43.63974],[-116.15523,43.63485],[-116.14298,43.62986],[-116.1512,43.62996],[-116.14862,43.62356],[-116.13242,43.62764],[-116.13866,43.61984],[-116.12913,43.6194],[-116.12728,43.61621],[-116.14425,43.61244],[-116.13977,43.60463],[-116.14823,43.59282],[-116.13272,43.58577],[-116.13921,43.6007],[-116.11558,43.60094],[-116.11897,43.58639],[-116.10377,43.58975],[-116.0992,43.57123],[-116.08684,43.57187],[-116.09524,43.56735],[-116.07292,43.564],[-116.07893,43.55731],[-116.07227,43.5528],[-116.08003,43.5522],[-116.08483,43.54801],[-116.05067,43.53402],[-116.04946,43.54896],[-116.04132,43.5561],[-116.04193,43.53375],[-116.01233,43.54289],[-116.02022,43.55316],[-115.99909,43.57382],[-116.01021,43.57682],[-115.99814,43.58271],[-116.00862,43.60408],[-116.00008,43.61093],[-116.01143,43.60833],[-116.00106,43.61419],[-116.01136,43.62376],[-116.00276,43.6281],[-116.01389,43.62839],[-116.01013,43.63459],[-116.01826,43.63529],[-116.01847,43.64471],[-116.00265,43.63312],[-115.9973,43.65155],[-115.98306,43.65322],[-115.98107,43.66143],[-115.99288,43.67026],[-115.98409,43.67784],[-115.99521,43.68943],[-115.9695,43.67848],[-115.96254,43.70156],[-115.94946,43.70686],[-115.95841,43.7193],[-115.95539,43.73234],[-115.96379,43.74184],[-115.95357,43.73253],[-115.95506,43.72834],[-115.95019,43.72622],[-115.94159,43.73449],[-115.93226,43.7381],[-115.93154,43.73708],[-115.95586,43.72275],[-115.94644,43.70648],[-115.95296,43.70356],[-115.9509,43.69326],[-115.95768,43.69728],[-115.95485,43.68765],[-115.97149,43.6752],[-115.96453,43.67096],[-115.97509,43.6721],[-115.97221,43.6465],[-115.98458,43.63745],[-115.99068,43.61783],[-115.98172,43.60108],[-115.99254,43.59779],[-115.99068,43.59267],[-115.97759,43.59848],[-115.95781,43.59336],[-115.96123,43.6088],[-115.93424,43.61133],[-115.93999,43.62181],[-115.92903,43.61691],[-115.92752,43.59893],[-115.91974,43.61486],[-115.92327,43.59777],[-115.91781,43.59432],[-115.9089,43.60759],[-115.88892,43.60276],[-115.8837,43.60929],[-115.87546,43.59351],[-115.86446,43.60957],[-115.83726,43.6113],[-115.8398,43.6171],[-115.82108,43.62278],[-115.8293,43.64014],[-115.81249,43.622],[-115.79559,43.64825],[-115.79178,43.64314],[-115.78725,43.65078],[-115.76328,43.65412],[-115.74579,43.64877],[-115.74214,43.65718],[-115.72908,43.65672],[-115.73152,43.66779],[-115.69767,43.66738],[-115.68157,43.68254],[-115.6756,43.68181],[-115.67593,43.68535],[-115.67473,43.68636],[-115.6751,43.68071],[-115.69621,43.66334],[-115.72858,43.66553],[-115.72437,43.65626],[-115.74052,43.652],[-115.74109,43.64108],[-115.78055,43.64732],[-115.79465,43.63879],[-115.78231,43.63051],[-115.79166,43.63147],[-115.8095,43.61073],[-115.82002,43.61045],[-115.81642,43.60355],[-115.84701,43.60332],[-115.82795,43.58622],[-115.82196,43.59144],[-115.80321,43.57063],[-115.80014,43.55213],[-115.77803,43.55934],[-115.76365,43.55375],[-115.72588,43.5737],[-115.74001,43.5519],[-115.71736,43.55053],[-115.69284,43.52684],[-115.68912,43.52037],[-115.69097,43.51344],[-115.68662,43.5077],[-115.69302,43.49825],[-115.69095,43.52275],[-115.71978,43.54914],[-115.74073,43.54868],[-115.75515,43.55584],[-115.75971,43.5485],[-115.80763,43.55252],[-115.80635,43.52891],[-115.80937,43.52918],[-115.81986,43.53601],[-115.80817,43.54019],[-115.81688,43.56207],[-115.8097,43.56868],[-115.83605,43.58195],[-115.84377,43.59681],[-115.86262,43.5965],[-115.86347,43.58462],[-115.87023,43.5911],[-115.87761,43.58208],[-115.87784,43.58895],[-115.9001,43.59523],[-115.90692,43.5887],[-115.90412,43.57815],[-115.91106,43.58155],[-115.90576,43.57287],[-115.9058,43.56719],[-115.91994,43.58374],[-115.91155,43.58926],[-115.93344,43.59372],[-115.93668,43.60522],[-115.94494,43.60633],[-115.95183,43.60119],[-115.9456,43.59383],[-115.95275,43.57954],[-115.97612,43.58086],[-115.97289,43.57278],[-115.99022,43.56241],[-115.97372,43.55832],[-115.99651,43.55977],[-115.99332,43.55236],[-116.00204,43.55154],[-115.992,43.5433],[-115.99695,43.54083],[-115.99886,43.53817],[-115.98552,43.53416],[-115.98939,43.52761],[-115.97796,43.52703],[-115.99286,43.52185],[-116.00356,43.5345],[-116.02232,43.52672],[-116.01352,43.51761],[-116.03947,43.52099],[-116.03174,43.51444],[-116.0356,43.50941],[-116.05378,43.51585],[-116.04593,43.50111],[-116.05846,43.50646],[-116.06112,43.51644],[-116.08481,43.50081],[-116.09355,43.50265],[-116.09026,43.4984],[-116.10728,43.501],[-116.10375,43.48124],[-116.07686,43.46949],[-116.07579,43.45919],[-116.05346,43.45448],[-116.06235,43.44878],[-116.04531,43.43933],[-116.03754,43.41195],[-115.98897,43.3933],[-115.96921,43.4021],[-115.97749,43.39332],[-115.9666,43.39074],[-115.97044,43.38343],[-115.92252,43.37317],[-115.91414,43.35815],[-115.89915,43.3587],[-115.89335,43.35001],[-115.85921,43.34589],[-115.84996,43.32041],[-115.82742,43.31816],[-115.80478,43.29279],[-115.79112,43.29467],[-115.7887,43.28393],[-115.77076,43.27958],[-115.77565,43.24866],[-115.7664,43.23775],[-115.77894,43.23671],[-115.78309,43.21831],[-115.7733,43.19627],[-115.75028,43.20058],[-115.74434,43.20992],[-115.72252,43.19674],[-115.70675,43.19926],[-115.69501,43.21847],[-115.70755,43.23094],[-115.67952,43.20694],[-115.64868,43.19829],[-115.64372,43.18044],[-115.61774,43.17639],[-115.64501,43.14791],[-115.64327,43.13082],[-115.63399,43.1239],[-115.59787,43.14558],[-115.57576,43.12563],[-115.55549,43.12958],[-115.50442,43.1183],[-115.49874,43.13067],[-115.4709,43.10789],[-115.45485,43.11616],[-115.44571,43.1071],[-115.43868,43.1135],[-115.43365,43.10442],[-115.41614,43.10157],[-115.41874,43.09353],[-115.41138,43.08752],[-115.39999,43.09156],[-115.38182,43.06742],[-115.37212,43.0731],[-115.36122,43.0596],[-115.35383,43.06566],[-115.35335,43.05691],[-115.32246,43.03327],[-115.30134,43.0337],[-115.28748,43.04403],[-115.29107,43.03126],[-115.27816,43.03048],[-115.26165,43.03728],[-115.26125,43.04687],[-115.22415,43.05254],[-115.22734,43.06238],[-115.20489,43.0732],[-115.19905,43.07275],[-115.19912,43.06038],[-115.17652,43.07323],[-115.21006,43.04849],[-115.24133,43.04038],[-115.1991,43.0387],[-115.16631,43.05015],[-115.15718,43.06055],[-115.15728,43.05169],[-115.14334,43.05302],[-115.14646,43.03901],[-115.13154,43.02864],[-115.1243,43.03387],[-115.12741,43.04675],[-115.11978,43.04687],[-115.12422,43.05306],[-115.10685,43.05426],[-115.11311,43.05705],[-115.09926,43.06567],[-115.09296,43.04849],[-115.06935,43.04849],[-115.07657,43.0615],[-115.0624,43.04573],[-115.04933,43.04878],[-115.05151,43.04393],[-115.03827,43.03868],[-115.02759,43.04298],[-115.03127,43.04885],[-115.02091,43.04352],[-115.01028,43.05571],[-114.99465,43.05077],[-114.99222,43.06542],[-114.98305,43.05472],[-114.99282,43.04298],[-114.98798,43.04138],[-114.95274,43.05293],[-114.93696,43.04611],[-114.93067,43.05549],[-114.89229,43.06114],[-114.91852,43.04528],[-114.91168,43.0385],[-114.92265,43.03413],[-114.92477,43.02054],[-114.94506,43.01738],[-114.93996,43.01018],[-114.95927,43.00085],[-115.00367,43.0053],[-115.00456,42.99053],[-115.01305,42.98675],[-114.98784,42.97904],[-114.99544,42.9759],[-114.99124,42.97088],[-114.93996,42.96896],[-114.93122,42.97428],[-114.95326,42.98407],[-114.95604,42.99832],[-114.92305,42.99628],[-114.91762,43.00998],[-114.90956,43.00931],[-114.88826,42.98835],[-114.90436,42.98216],[-114.89619,42.98276],[-114.88807,42.96823],[-114.874,42.96736],[-114.84899,42.93719],[-114.83675,42.93159],[-114.82643,42.9366],[-114.81966,42.92758],[-114.79816,42.93404],[-114.80468,42.9257],[-114.80244,42.90724],[-114.79089,42.90172],[-114.77231,42.82308],[-114.75248,42.81343],[-114.71109,42.77066],[-114.69014,42.76585],[-114.6758,42.74239],[-114.67928,42.71014],[-114.65961,42.70457],[-114.65315,42.69448],[-114.65888,42.67349],[-114.65414,42.66493],[-114.60017,42.64374],[-114.51632,42.63306],[-114.47544,42.61054],[-114.46304,42.61723],[-114.47008,42.61044],[-114.4394,42.59795],[-114.3741,42.60047],[-114.35598,42.58856],[-114.38717,42.59864],[-114.40332,42.59297],[-114.47237,42.59707],[-114.53223,42.62312],[-114.52512,42.61443],[-114.52343,42.60836],[-114.52499,42.6058],[-114.54282,42.628],[-114.62847,42.64761],[-114.65608,42.6483],[-114.66172,42.62935],[-114.66725,42.64486],[-114.6604,42.65284],[-114.6995,42.65023],[-114.70869,42.66026],[-114.73802,42.65791],[-114.73491,42.65322],[-114.74435,42.65254],[-114.74602,42.64446],[-114.75866,42.64416],[-114.78992,42.61884],[-114.801,42.62326],[-114.80552,42.62006],[-114.8055,42.61636],[-114.80847,42.61438],[-114.80959,42.62062],[-114.82185,42.62062],[-114.81333,42.6242],[-114.82492,42.62763],[-114.82603,42.63618],[-114.84468,42.63214],[-114.84766,42.64125],[-114.86946,42.6503],[-114.87025,42.67351],[-114.88663,42.65963],[-114.89545,42.6285],[-114.87944,42.59115],[-114.88459,42.58851],[-114.90526,42.58744],[-114.90791,42.57409],[-114.92078,42.56337],[-114.92981,42.56174],[-114.90946,42.57418],[-114.90956,42.58749],[-114.88167,42.592],[-114.90427,42.62098],[-114.89321,42.65338],[-114.9035,42.65456],[-114.88595,42.67061],[-114.90209,42.67536],[-114.90041,42.68408],[-114.88451,42.68509],[-114.88892,42.69577],[-114.90021,42.6945],[-114.91424,42.70671],[-114.91035,42.73013],[-114.92364,42.72244],[-114.93467,42.7278],[-114.94264,42.7149],[-114.95327,42.715],[-114.96248,42.72591],[-114.95549,42.73025],[-114.97687,42.7349],[-114.95954,42.74256],[-114.9774,42.74053],[-114.96891,42.74994],[-114.97956,42.7554],[-114.95944,42.7585],[-114.966,42.76682],[-114.95444,42.77143],[-114.96444,42.77313],[-114.96086,42.77981],[-114.96742,42.7846],[-114.9519,42.79851],[-114.98462,42.79867],[-114.97969,42.81115],[-114.99238,42.81723],[-114.99827,42.8351],[-115.0184,42.82593],[-115.00071,42.79908],[-115.0079,42.79071],[-115.0184,42.79636],[-115.01707,42.78011],[-115.00323,42.77323],[-115.01557,42.77318],[-115.01869,42.74963],[-115.03446,42.7527],[-115.02877,42.77242],[-115.04134,42.79336],[-115.03588,42.80063],[-115.04904,42.8023],[-115.04623,42.81788],[-115.06372,42.81705],[-115.07166,42.82855],[-115.06827,42.80809],[-115.08471,42.81483],[-115.08822,42.80968],[-115.0576,42.80292],[-115.06018,42.79487],[-115.05159,42.79084],[-115.05855,42.78796],[-115.04718,42.78223],[-115.0507,42.77547],[-115.05907,42.76783],[-115.07028,42.78213],[-115.0735,42.76831],[-115.09835,42.78304],[-115.10259,42.77577],[-115.07529,42.75326],[-115.07434,42.73703],[-115.10136,42.75072],[-115.1244,42.74674],[-115.12442,42.73954],[-115.10078,42.72346],[-115.11167,42.71557],[-115.1037,42.70553],[-115.11627,42.69525],[-115.06965,42.64371],[-115.13811,42.66813],[-115.14704,42.66331],[-115.13817,42.65538],[-115.14725,42.65477],[-115.18043,42.67162],[-115.16487,42.65905],[-115.17244,42.65866],[-115.1718,42.6459],[-115.208,42.65677],[-115.23869,42.68102],[-115.24241,42.67683],[-115.27375,42.69042],[-115.28214,42.68265],[-115.3153,42.6979],[-115.37178,42.70559],[-115.38057,42.71673],[-115.38893,42.7141],[-115.38398,42.72342],[-115.39181,42.73148],[-115.43365,42.73282],[-115.47047,42.76002],[-115.49106,42.76086],[-115.50107,42.7519],[-115.49386,42.73764],[-115.50839,42.74619],[-115.50666,42.76051],[-115.492,42.76428],[-115.49823,42.77594],[-115.534,42.78446],[-115.53721,42.77556],[-115.54635,42.78587],[-115.56845,42.79154],[-115.5732,42.786],[-115.58723,42.79578],[-115.59921,42.78107],[-115.61292,42.78044],[-115.6086,42.77549],[-115.61711,42.75812],[-115.60884,42.75137],[-115.6208,42.75136],[-115.61572,42.74281],[-115.62738,42.73994],[-115.62872,42.76602],[-115.63482,42.76348],[-115.63344,42.77378],[-115.64223,42.78152],[-115.6514,42.78053],[-115.65624,42.76424],[-115.66415,42.76601],[-115.66784,42.74391],[-115.65725,42.7366],[-115.67519,42.736],[-115.66629,42.7277],[-115.67752,42.72932],[-115.67718,42.72038],[-115.68929,42.72292],[-115.67234,42.69094],[-115.6948,42.68138],[-115.68947,42.66884],[-115.69354,42.65488],[-115.70309,42.65548],[-115.68329,42.63018],[-115.68527,42.61642],[-115.66821,42.61566],[-115.66268,42.61262],[-115.65594,42.59277],[-115.64161,42.58908],[-115.63577,42.57806],[-115.62848,42.58275],[-115.6146,42.58055],[-115.6276,42.58125],[-115.6409,42.56998],[-115.6365,42.56805],[-115.63275,42.55714],[-115.62479,42.56033],[-115.59306,42.54905],[-115.58991,42.53947],[-115.59116,42.53589],[-115.60201,42.52932],[-115.59937,42.52759],[-115.6012,42.52442],[-115.59899,42.52363],[-115.59827,42.52293],[-115.59897,42.515],[-115.59098,42.51114],[-115.59296,42.50841],[-115.59324,42.50148],[-115.5944,42.5003],[-115.59373,42.50874],[-115.5919,42.5106],[-115.59863,42.51339],[-115.60284,42.52933],[-115.59186,42.53641],[-115.59438,42.54875],[-115.63335,42.55584],[-115.64312,42.56972],[-115.63657,42.5758],[-115.64232,42.58619],[-115.65971,42.58966],[-115.66784,42.61366],[-115.68726,42.61506],[-115.68653,42.62851],[-115.69307,42.6318],[-115.69386,42.62916],[-115.69762,42.62692],[-115.69898,42.62777],[-115.69615,42.644],[-115.71062,42.65961],[-115.69772,42.6584],[-115.6934,42.67064],[-115.70052,42.68217],[-115.67554,42.69425],[-115.69294,42.71772],[-115.69716,42.70664],[-115.72604,42.70928],[-115.73404,42.69979],[-115.738,42.7078],[-115.74595,42.7019],[-115.75565,42.70851],[-115.7614,42.69383],[-115.78235,42.68371],[-115.7818,42.70976],[-115.80542,42.71137],[-115.80513,42.71962],[-115.82161,42.72866],[-115.82835,42.71346],[-115.81473,42.68924],[-115.82928,42.69523],[-115.82991,42.68451],[-115.86188,42.68795],[-115.86351,42.69664],[-115.87328,42.69168],[-115.86762,42.69775],[-115.87539,42.70841],[-115.90497,42.70926],[-115.9056,42.69905],[-115.91747,42.70216],[-115.92768,42.69161],[-115.94993,42.70621],[-115.9476,42.71572],[-115.9637,42.71778],[-115.97287,42.72886],[-115.99493,42.72906],[-116.00584,42.71319],[-115.99626,42.70844],[-115.99838,42.69331],[-116.00052,42.69007],[-116.00531,42.68851],[-116.00933,42.689],[-116.00033,42.69083],[-115.99789,42.70737],[-116.00816,42.71247],[-116.00979,42.7284],[-116.03799,42.73665],[-116.05841,42.75273],[-116.09368,42.74388],[-116.06596,42.76277],[-116.11152,42.77801],[-116.12185,42.77435],[-116.13938,42.80006],[-116.14899,42.7977],[-116.15981,42.80843],[-116.17956,42.79404],[-116.17543,42.80616],[-116.1852,42.80227],[-116.1801,42.81175],[-116.18616,42.81665],[-116.17012,42.82462],[-116.20274,42.82402],[-116.17495,42.83928],[-116.19594,42.84092],[-116.19279,42.85202],[-116.22306,42.87294],[-116.24852,42.87974],[-116.2512,42.89112],[-116.26821,42.89046],[-116.2933,42.91034],[-116.29373,42.92048],[-116.33003,42.90206],[-116.32,42.92247],[-116.32583,42.92928],[-116.34362,42.9115],[-116.36563,42.93087],[-116.3816,42.9346],[-116.40119,42.90415],[-116.42316,42.90226],[-116.40142,42.91534],[-116.38435,42.93829],[-116.399,42.94301],[-116.40406,42.95637],[-116.39628,42.95862],[-116.39839,42.96433],[-116.41772,42.94902],[-116.41712,42.96117],[-116.42818,42.96042],[-116.41813,42.96293],[-116.42776,42.97173],[-116.41845,42.98174],[-116.42843,42.98444],[-116.42358,42.9888],[-116.43998,42.99737],[-116.43792,43.00338],[-116.46189,42.99462],[-116.46853,42.99481],[-116.46063,42.99957],[-116.46622,43.0067],[-116.48578,43.00056],[-116.47915,43.00642],[-116.49027,43.00798],[-116.48667,43.01766],[-116.46777,43.02501],[-116.46135,43.03209],[-116.4704,43.03208],[-116.45588,43.04156],[-116.50093,43.02718],[-116.48198,43.04406],[-116.49951,43.04374],[-116.47254,43.05706],[-116.48969,43.0595],[-116.48115,43.06568],[-116.50268,43.07712],[-116.49648,43.08674],[-116.5099,43.08784],[-116.49598,43.1005],[-116.4868,43.0994],[-116.49304,43.10843],[-116.50181,43.10716],[-116.49765,43.11791],[-116.52594,43.0959],[-116.57152,43.07695],[-116.54056,43.09953],[-116.55677,43.10341],[-116.53195,43.10702],[-116.53725,43.10982],[-116.52555,43.12572],[-116.54126,43.1298],[-116.53031,43.14325],[-116.54315,43.13563],[-116.5455,43.14408],[-116.56079,43.13175],[-116.56526,43.14807],[-116.5876,43.15336],[-116.5852,43.16918],[-116.605,43.17518],[-116.59954,43.17978],[-116.60593,43.1811],[-116.60651,43.19484],[-116.6281,43.19343],[-116.60541,43.20652],[-116.62082,43.21732],[-116.6199,43.2249],[-116.63666,43.23092],[-116.63054,43.25115],[-116.65191,43.24886],[-116.64873,43.25737],[-116.65729,43.25632],[-116.6632,43.26904],[-116.68669,43.28402],[-116.67078,43.29274],[-116.6882,43.30927],[-116.69392,43.30368],[-116.68397,43.2956],[-116.70016,43.29643],[-116.70681,43.28442],[-116.74481,43.27003],[-116.7082,43.30574],[-116.73456,43.32781],[-116.7329,43.33388],[-116.74933,43.32976],[-116.7389,43.33822],[-116.74993,43.34101],[-116.74438,43.35312],[-116.75289,43.36297],[-116.76865,43.35429],[-116.76999,43.37021],[-116.77895,43.3643],[-116.79646,43.36182],[-116.78285,43.37672],[-116.76309,43.38236],[-116.80732,43.3982],[-116.81655,43.41866],[-116.83163,43.4142],[-116.83017,43.42139],[-116.84317,43.42421],[-116.85064,43.4034],[-116.85638,43.39765],[-116.8592,43.39777],[-116.84688,43.42737],[-116.86661,43.42677],[-116.87149,43.4448],[-116.88252,43.44089],[-116.89297,43.45848],[-116.90882,43.4639],[-116.92421,43.45869],[-116.93074,43.46566],[-116.92918,43.46219],[-116.94162,43.45422],[-116.93617,43.46608],[-116.95206,43.4761],[-116.95358,43.48681],[-116.96421,43.47869],[-116.95929,43.48846],[-116.9794,43.49841],[-116.98676,43.51354],[-116.99362,43.51127],[-116.98779,43.50791],[-116.99182,43.50174],[-117.00433,43.49751],[-117.0038,43.48874],[-117.03891,43.48799],[-117.043,43.4977],[-117.05302,43.49899],[-117.07835,43.48927],[-117.07489,43.49956],[-117.0894,43.50657],[-117.1119,43.49806],[-117.1018,43.48046],[-117.1127,43.48149],[-117.10655,43.47367],[-117.11263,43.47081],[-117.09808,43.45855],[-117.10438,43.44553],[-117.08779,43.4359],[-117.10661,43.42214],[-117.10092,43.4108],[-117.10658,43.40118],[-117.10339,43.4107],[-117.1271,43.4411],[-117.12366,43.46209],[-117.13255,43.4824],[-117.14608,43.49151],[-117.15068,43.48157],[-117.16558,43.494],[-117.1787,43.49166],[-117.16585,43.50063],[-117.16962,43.51422],[-117.17715,43.51218],[-117.16784,43.52908],[-117.16202,43.51266],[-117.15851,43.52012],[-117.15188,43.51582],[-117.15865,43.54338],[-117.17386,43.54561],[-117.17444,43.55321],[-117.1624,43.58168],[-117.17253,43.58882],[-117.17638,43.60647],[-117.16814,43.60748],[-117.16206,43.62364],[-117.1596,43.61265],[-117.14175,43.62781],[-117.15812,43.66593],[-117.16442,43.66211],[-117.15829,43.65422],[-117.17016,43.644],[-117.17478,43.65046],[-117.17983,43.64572],[-117.18451,43.65652],[-117.20685,43.64588],[-117.20369,43.66117],[-117.22429,43.65183],[-117.2412,43.65974],[-117.23286,43.64482],[-117.22485,43.64995],[-117.23083,43.64373],[-117.2221,43.62571],[-117.23016,43.62219],[-117.2243,43.61874],[-117.2241,43.61413],[-117.24725,43.6076],[-117.24539,43.58962],[-117.25721,43.60299],[-117.26422,43.59655],[-117.26393,43.60583],[-117.27792,43.6024],[-117.28308,43.60959],[-117.30302,43.58615],[-117.32304,43.58192],[-117.3089,43.57653],[-117.31673,43.57489],[-117.31452,43.56679],[-117.3189,43.56937],[-117.32857,43.57001],[-117.32167,43.56855],[-117.329,43.56664],[-117.32046,43.56523],[-117.32122,43.55503],[-117.30072,43.55018],[-117.33385,43.54177],[-117.32682,43.53603],[-117.32658,43.5403],[-117.3174,43.5393],[-117.31139,43.54508],[-117.30794,43.54479],[-117.3141,43.5281],[-117.30689,43.5292],[-117.31647,43.5154],[-117.32976,43.52136],[-117.33242,43.51124],[-117.29631,43.51291],[-117.31722,43.50404],[-117.31307,43.49667],[-117.30073,43.49996],[-117.30581,43.48929],[-117.2964,43.48864],[-117.30424,43.48027],[-117.29721,43.47674],[-117.30944,43.4771],[-117.3119,43.45805],[-117.32092,43.45569],[-117.31936,43.44981],[-117.30119,43.45776],[-117.31968,43.44555],[-117.31038,43.43782],[-117.31638,43.43087],[-117.29924,43.43652],[-117.28761,43.45111],[-117.2906,43.43998],[-117.279,43.44058],[-117.27303,43.45602],[-117.27685,43.44009],[-117.26603,43.44565],[-117.26147,43.44008],[-117.29197,43.4267],[-117.29556,43.43158],[-117.31003,43.42747],[-117.30288,43.42698],[-117.31112,43.4146],[-117.28205,43.4299],[-117.28565,43.41311],[-117.27206,43.41875],[-117.272,43.42744],[-117.26663,43.4172],[-117.25147,43.42807],[-117.23808,43.41728],[-117.2293,43.42856],[-117.21004,43.43073],[-117.20386,43.42488],[-117.21217,43.42543],[-117.20989,43.41465],[-117.22123,43.4203],[-117.21536,43.41302],[-117.2257,43.41867],[-117.22484,43.41001],[-117.24137,43.40186],[-117.22988,43.39914],[-117.22224,43.38551],[-117.23769,43.39218],[-117.2397,43.38271],[-117.24574,43.38622],[-117.24822,43.3748],[-117.24084,43.3707],[-117.25858,43.35106],[-117.26204,43.35924],[-117.27475,43.35974],[-117.27571,43.34853],[-117.2776,43.35539],[-117.28693,43.34976],[-117.28808,43.35828],[-117.29774,43.35934],[-117.29993,43.34126],[-117.29406,43.34028],[-117.30214,43.33078],[-117.29,43.33281],[-117.29579,43.32584],[-117.28645,43.32584],[-117.29077,43.30729],[-117.27058,43.29884],[-117.28567,43.2949],[-117.30053,43.31558],[-117.30034,43.29731],[-117.30572,43.31218],[-117.31822,43.30667],[-117.331,43.3119],[-117.33275,43.30561],[-117.31482,43.29118],[-117.31399,43.28467],[-117.32494,43.28996],[-117.32364,43.26752],[-117.32885,43.2675],[-117.33265,43.29572],[-117.34589,43.29791],[-117.34383,43.28724],[-117.34938,43.28767],[-117.34066,43.27701],[-117.34325,43.26435],[-117.36055,43.29205],[-117.38994,43.28767],[-117.39045,43.29517],[-117.4044,43.28943],[-117.40723,43.27247],[-117.4166,43.2745],[-117.41579,43.26296],[-117.43301,43.26092],[-117.43616,43.2456],[-117.44525,43.24426],[-117.45068,43.26605],[-117.46218,43.27558],[-117.47107,43.24186],[-117.47845,43.24264],[-117.47443,43.23377],[-117.48345,43.23273],[-117.49129,43.21],[-117.49991,43.21084],[-117.491,43.19946],[-117.49315,43.18939],[-117.51042,43.20812],[-117.51588,43.19574],[-117.52788,43.19402],[-117.54304,43.2051],[-117.55218,43.20309],[-117.55475,43.18809],[-117.64144,43.19842],[-117.63876,43.18584],[-117.65704,43.18228],[-117.65972,43.13942],[-117.69165,43.13574],[-117.70321,43.12046],[-117.70116,43.10351],[-117.69009,43.1008],[-117.6833,43.08737],[-117.68942,43.07605],[-117.67697,43.07171],[-117.69337,43.04046],[-117.69129,43.02085],[-117.73134,43.00412],[-117.70556,42.98856]]],[[[-121.56902,45.73904],[-121.56902,45.79672],[-121.54841,45.79672],[-121.5487,45.81116],[-121.52916,45.81094],[-121.52808,45.86987],[-121.44539,45.8697],[-121.44642,45.84029],[-121.40484,45.84086],[-121.40473,45.79746],[-121.36355,45.79734],[-121.36679,45.76044],[-121.3534,45.75322],[-121.31171,45.7664],[-121.29498,45.76345],[-121.29952,45.77566],[-121.29368,45.77782],[-121.30351,45.7818],[-121.30116,45.78351],[-121.30208,45.79003],[-121.2996,45.7922],[-121.29521,45.78086],[-121.28004,45.77708],[-121.28099,45.7042],[-121.24561,45.7277],[-121.23009,45.7295],[-121.22344,45.74842],[-121.20921,45.75068],[-121.20594,45.76853],[-121.21434,45.77223],[-121.20671,45.79332],[-121.1472,45.8214],[-121.11997,45.81784],[-121.11396,45.82518],[-121.09417,45.82584],[-121.06467,45.83766],[-121.06333,45.84513],[-121.0147,45.83714],[-120.99294,45.81641],[-120.95175,45.81591],[-120.93404,45.80742],[-120.92119,45.81341],[-120.86824,45.81048],[-120.84598,45.81445],[-120.83734,45.82424],[-120.8066,45.82696],[-120.7977,45.8442],[-120.74891,45.88325],[-120.71216,45.89947],[-120.69693,45.93214],[-120.66002,45.95422],[-120.65402,45.99602],[-120.64035,46.01586],[-120.5757,46.03951],[-120.53493,46.12317],[-120.51359,46.14598],[-120.48699,46.19774],[-120.42838,46.2238],[-120.39811,46.27548],[-120.36578,46.28189],[-120.35977,46.29366],[-120.41767,46.28714],[-120.48291,46.29961],[-120.66727,46.27258],[-120.87998,46.34256],[-120.88739,46.70493],[-120.88306,46.71241],[-120.84663,46.721],[-120.81669,46.7177],[-120.79042,46.73493],[-120.78704,46.74654],[-120.46584,46.75001],[-120.44875,46.77064],[-120.45726,46.77706],[-120.45121,46.78905],[-120.46384,46.7997],[-120.44128,46.80733],[-120.45992,46.81684],[-120.46596,46.83237],[-120.45557,46.83733],[-120.46547,46.8436],[-120.46382,46.85237],[-120.48334,46.85375],[-120.47949,46.86634],[-120.49611,46.87695],[-120.48193,46.87543],[-120.47537,46.88258],[-120.49401,46.88483],[-120.50504,46.89681],[-120.49744,46.89949],[-120.50911,46.90928],[-120.51243,46.92513],[-120.52897,46.93216],[-120.54004,46.94915],[-120.53809,46.95814],[-120.55443,46.96416],[-120.58212,46.9976],[-120.62227,47.02478],[-120.66011,47.07235],[-120.68682,47.08253],[-120.69925,47.10193],[-120.71068,47.09185],[-120.72233,47.09602],[-120.71773,47.11368],[-120.7288,47.11435],[-120.72752,47.12441],[-120.74013,47.12366],[-120.73079,47.12797],[-120.70278,47.10651],[-120.66626,47.11326],[-120.60894,47.10401],[-120.57192,47.11187],[-120.5473,47.1076],[-120.54198,47.10288],[-120.5478,47.09786],[-120.50033,47.07373],[-120.4234,47.07548],[-120.42002,47.06109],[-120.40722,47.05276],[-120.36433,47.0479],[-120.30448,46.99358],[-120.29787,46.95951],[-120.3062,46.95622],[-120.12886,46.93899],[-120.0999,46.9459],[-120.04368,46.93748],[-119.98329,46.94098],[-119.9919,46.97681],[-120.04527,47.07065],[-120.02478,47.11039],[-120.02991,47.11295],[-120.02103,47.11192],[-120.00647,47.12895],[-120.00861,47.15403],[-120.02054,47.17056],[-120.00769,47.18831],[-120.01295,47.21224],[-120.00784,47.2166],[-120.02538,47.22388],[-120.07186,47.22134],[-120.09396,47.24012],[-120.09802,47.25844],[-120.08669,47.3374],[-120.11217,47.34897],[-120.33972,47.34709],[-120.32989,47.36893],[-120.3634,47.36135],[-120.34989,47.37537],[-120.32574,47.37867],[-120.32301,47.38637],[-120.3607,47.3791],[-120.34106,47.38976],[-120.35771,47.39066],[-120.34507,47.39424],[-120.34405,47.40183],[-120.37927,47.40361],[-120.38514,47.39454],[-120.40727,47.39136],[-120.39907,47.39943],[-120.40512,47.40504],[-120.39684,47.40218],[-120.36238,47.41728],[-120.4162,47.41572],[-120.39959,47.42456],[-120.41176,47.4316],[-120.38993,47.42645],[-120.37804,47.43264],[-120.38831,47.45338],[-120.41219,47.46835],[-120.41342,47.4581],[-120.43268,47.45538],[-120.43344,47.46619],[-120.44234,47.46438],[-120.4408,47.47126],[-120.4565,47.48837],[-120.45841,47.47779],[-120.4497,47.47449],[-120.45952,47.46888],[-120.44978,47.45082],[-120.4649,47.4625],[-120.46157,47.44958],[-120.4723,47.45676],[-120.47536,47.48442],[-120.48345,47.4738],[-120.47802,47.47324],[-120.48272,47.45843],[-120.47604,47.44881],[-120.48633,47.44972],[-120.49129,47.43811],[-120.48378,47.43822],[-120.48353,47.41637],[-120.49623,47.43343],[-120.5071,47.4172],[-120.48151,47.37696],[-120.49061,47.37796],[-120.50024,47.39251],[-120.51586,47.38181],[-120.50226,47.39569],[-120.52094,47.4131],[-120.5137,47.41389],[-120.51384,47.42792],[-120.52295,47.429],[-120.529,47.42008],[-120.52738,47.42708],[-120.53753,47.42214],[-120.53208,47.42877],[-120.54002,47.43074],[-120.55141,47.41994],[-120.5444,47.43209],[-120.5615,47.44116],[-120.54022,47.43605],[-120.54624,47.44678],[-120.53527,47.43616],[-120.52501,47.43709],[-120.54326,47.45613],[-120.54387,47.46021],[-120.54115,47.4609],[-120.51793,47.43619],[-120.50396,47.43723],[-120.51243,47.44383],[-120.50137,47.44742],[-120.49884,47.46429],[-120.50856,47.45229],[-120.51532,47.46201],[-120.5072,47.47057],[-120.51646,47.47046],[-120.50412,47.4821],[-120.53762,47.48088],[-120.50138,47.49477],[-120.51895,47.50678],[-120.51776,47.56947],[-120.50823,47.57797],[-120.49769,47.58088],[-120.51739,47.55716],[-120.50048,47.55927],[-120.50662,47.55032],[-120.49565,47.55232],[-120.49305,47.5454],[-120.47496,47.55694],[-120.48126,47.54231],[-120.4683,47.54387],[-120.47668,47.53525],[-120.46472,47.53259],[-120.44831,47.54858],[-120.45046,47.55867],[-120.43715,47.56107],[-120.4337,47.56916],[-120.42573,47.56439],[-120.41946,47.57353],[-120.41902,47.56282],[-120.40938,47.55822],[-120.43159,47.55416],[-120.4224,47.54243],[-120.43626,47.53547],[-120.41843,47.54015],[-120.4061,47.53903],[-120.41814,47.52833],[-120.40101,47.52613],[-120.40828,47.50857],[-120.37824,47.5113],[-120.38414,47.52806],[-120.35886,47.51412],[-120.36483,47.50897],[-120.34308,47.50864],[-120.33522,47.50048],[-120.32332,47.50865],[-120.34092,47.52079],[-120.31532,47.51975],[-120.31885,47.52514],[-120.31087,47.52706],[-120.32973,47.5381],[-120.30243,47.54341],[-120.34454,47.56121],[-120.34477,47.57027],[-120.35992,47.57486],[-120.37044,47.58578],[-120.29325,47.55515],[-120.29534,47.57116],[-120.28151,47.57989],[-120.29874,47.58967],[-120.28786,47.58946],[-120.28865,47.5988],[-120.27002,47.58153],[-120.25606,47.59386],[-120.24742,47.61814],[-120.28166,47.62022],[-120.2484,47.63292],[-120.24176,47.65012],[-120.24941,47.64656],[-120.26203,47.65527],[-120.26171,47.63864],[-120.27412,47.65208],[-120.2847,47.65009],[-120.28275,47.65879],[-120.30102,47.6469],[-120.29661,47.64021],[-120.31123,47.64266],[-120.31518,47.63116],[-120.31772,47.63033],[-120.31844,47.64266],[-120.32607,47.6464],[-120.31133,47.65198],[-120.32366,47.65462],[-120.30544,47.66043],[-120.33394,47.67043],[-120.31969,47.67236],[-120.32676,47.68278],[-120.40491,47.67047],[-120.3534,47.69205],[-120.33429,47.69166],[-120.33487,47.69876],[-120.34664,47.701],[-120.34078,47.7072],[-120.3496,47.71984],[-120.37195,47.72132],[-120.36356,47.72817],[-120.38334,47.72766],[-120.3776,47.73345],[-120.397,47.74445],[-120.40916,47.73394],[-120.43246,47.72884],[-120.40021,47.74963],[-120.43336,47.75739],[-120.43986,47.77102],[-120.43456,47.77231],[-120.44208,47.77559],[-120.43752,47.77924],[-120.41905,47.75603],[-120.3891,47.75182],[-120.383,47.74352],[-120.37669,47.77601],[-120.35796,47.77128],[-120.35575,47.75242],[-120.3429,47.7618],[-120.3452,47.76388],[-120.34188,47.76455],[-120.34244,47.77853],[-120.33972,47.78063],[-120.31228,47.78024],[-120.33672,47.77543],[-120.33698,47.76598],[-120.32106,47.76351],[-120.3369,47.76242],[-120.35993,47.74675],[-120.34866,47.74612],[-120.35648,47.7356],[-120.31629,47.7367],[-120.33719,47.72238],[-120.32073,47.72394],[-120.32147,47.7168],[-120.29463,47.71865],[-120.2894,47.72501],[-120.27931,47.72783],[-120.288,47.71781],[-120.27738,47.71454],[-120.28114,47.71049],[-120.29245,47.71498],[-120.31395,47.70855],[-120.30483,47.7049],[-120.31172,47.69953],[-120.30266,47.69533],[-120.30215,47.6854],[-120.28607,47.68646],[-120.28987,47.67663],[-120.25608,47.67497],[-120.22918,47.68552],[-120.22979,47.69737],[-120.22293,47.69782],[-120.23842,47.71736],[-120.22742,47.71418],[-120.24031,47.72064],[-120.24556,47.72702],[-120.23672,47.73177],[-120.2512,47.74106],[-120.22938,47.74725],[-120.25577,47.7592],[-120.21998,47.76764],[-120.23982,47.76897],[-120.23178,47.77289],[-120.23793,47.78245],[-120.20349,47.77326],[-120.20115,47.78605],[-120.19224,47.77995],[-120.21012,47.80047],[-120.21029,47.81814],[-120.22455,47.81578],[-120.20566,47.83791],[-120.21656,47.84919],[-120.21281,47.86608],[-120.24023,47.87435],[-120.21333,47.87502],[-120.22516,47.89017],[-120.21907,47.89549],[-120.22649,47.91627],[-120.22015,47.96095],[-120.17643,47.96081],[-120.17447,47.94211],[-120.16396,47.93945],[-120.14599,47.94961],[-120.1467,47.943],[-120.13962,47.94358],[-120.15651,47.93707],[-120.15019,47.92509],[-120.13136,47.92183],[-120.10617,47.90377],[-120.0878,47.90396],[-120.08472,47.89022],[-120.06354,47.88424],[-120.06043,47.8674],[-120.04799,47.87105],[-120.03866,47.8614],[-120.02428,47.86459],[-120.03044,47.8707],[-120.01816,47.87463],[-120.01149,47.86578],[-120.00046,47.87091],[-120.00527,47.86129],[-119.97599,47.84696],[-119.96978,47.85866],[-119.96236,47.85787],[-119.96674,47.87136],[-119.9538,47.8773],[-119.97647,47.89262],[-119.9486,47.90038],[-119.93511,47.91925],[-119.96026,47.92855],[-119.94269,47.94461],[-119.96162,47.96521],[-119.94114,47.96286],[-119.93984,47.97336],[-119.95077,47.98057],[-119.93907,47.98905],[-119.95047,48.01432],[-119.94562,48.02811],[-119.95478,48.04776],[-119.97462,48.0627],[-119.97974,48.05796],[-119.98413,48.06768],[-119.99442,48.06038],[-120.00108,48.06844],[-120.01602,48.06742],[-120.02321,48.0468],[-120.02972,48.05677],[-120.04001,48.04757],[-120.05297,48.04885],[-120.037,48.05498],[-120.02633,48.07088],[-120.03502,48.07681],[-120.03221,48.08443],[-120.07699,48.09279],[-120.03186,48.09864],[-120.02616,48.11334],[-120.03823,48.11564],[-120.02855,48.12403],[-120.05549,48.12257],[-120.04245,48.13418],[-120.07647,48.12912],[-120.07246,48.13573],[-119.60716,48.13575],[-119.60322,48.11719],[-119.61137,48.11287],[-119.61458,48.08552],[-119.60951,48.0752],[-119.62485,48.06385],[-119.62953,48.03343],[-119.56426,48.07624],[-119.49826,48.10143],[-119.49402,48.11097],[-119.49514,48.12237],[-119.49257,48.11944],[-119.49431,48.12931],[-119.49192,48.13206],[-119.48472,48.12314],[-119.47218,48.1225],[-119.47087,48.13035],[-119.45026,48.117],[-119.42311,48.12975],[-119.40703,48.12645],[-119.43212,48.10614],[-119.43129,48.09359],[-119.37546,48.06731],[-119.36479,48.07215],[-119.36756,48.09158],[-119.34212,48.11033],[-119.3446,48.12722],[-119.35574,48.13583],[-119.13734,48.18825],[-119.13344,48.17896],[-119.11749,48.18046],[-119.10622,48.16925],[-119.08835,48.18689],[-119.089,48.15567],[-119.07044,48.1633],[-119.07536,48.14908],[-119.05844,48.15744],[-119.05782,48.14877],[-119.03945,48.15243],[-119.03529,48.15937],[-119.02684,48.14753],[-119.00937,48.14691],[-119.00156,48.1618],[-119.0128,48.15603],[-119.01529,48.16276],[-118.99206,48.17047],[-118.98848,48.18332],[-119.02589,48.20684],[-118.99781,48.20319],[-119.00841,48.21818],[-119.00839,48.23452],[-119.01875,48.2339],[-119.00912,48.236],[-119.00314,48.249],[-119.00212,48.22743],[-118.98315,48.21325],[-118.98892,48.23271],[-118.98215,48.26586],[-118.97458,48.25161],[-118.96258,48.2562],[-118.95767,48.27232],[-118.95746,48.26502],[-118.9477,48.26752],[-118.94728,48.2814],[-118.93413,48.28875],[-118.93851,48.26654],[-118.97034,48.24152],[-118.97149,48.23356],[-118.959,48.22916],[-118.96052,48.20943],[-118.95237,48.20938],[-118.96848,48.18576],[-118.95388,48.1767],[-118.97512,48.1627],[-118.97403,48.14513],[-118.97104,48.13739],[-118.95325,48.13769],[-118.93197,48.1509],[-118.9333,48.14238],[-118.91132,48.13441],[-118.93413,48.13833],[-118.92196,48.12865],[-118.93059,48.13413],[-118.94498,48.12433],[-118.93931,48.10921],[-118.96099,48.10404],[-118.96179,48.09221],[-118.97868,48.09237],[-118.9797,48.07795],[-118.97139,48.08005],[-118.95762,48.0595],[-118.93966,48.05658],[-118.92536,48.06362],[-118.92248,48.05713],[-118.95228,48.04199],[-118.94468,48.04235],[-118.94811,48.03536],[-118.92356,48.03476],[-118.93458,48.02369],[-118.91405,48.02598],[-118.90761,48.01818],[-118.91387,48.01455],[-118.90029,48.00234],[-118.92488,48.00798],[-118.93673,48.00081],[-118.93681,47.99004],[-118.9477,47.98913],[-118.94196,47.98805],[-118.95369,47.97797],[-118.94447,47.97272],[-118.96676,47.9599],[-118.95976,47.95223],[-118.88369,47.96798],[-118.87483,47.96381],[-118.8645,47.97349],[-118.82954,47.97277],[-118.82319,47.97628],[-118.82606,47.98457],[-118.81273,47.9827],[-118.7959,47.99352],[-118.79722,47.98346],[-118.78283,47.98068],[-118.79253,47.97326],[-118.77323,47.97362],[-118.7787,47.96541],[-118.77357,47.95597],[-118.7808,47.9534],[-118.7738,47.95148],[-118.77982,47.94388],[-118.76982,47.94026],[-118.77206,47.9313],[-118.74207,47.92914],[-118.73726,47.94231],[-118.74597,47.95422],[-118.73799,47.96078],[-118.73203,47.95101],[-118.72032,47.95251],[-118.72401,47.96915],[-118.7153,47.9753],[-118.72845,47.97952],[-118.7196,47.98267],[-118.72569,47.98724],[-118.70133,47.98818],[-118.70569,47.99639],[-118.69593,48.00263],[-118.72035,48.00809],[-118.72199,48.00187],[-118.7375,48.00105],[-118.72871,48.01026],[-118.73801,48.01601],[-118.7506,48.01082],[-118.74302,48.01949],[-118.76466,48.01864],[-118.76361,48.02582],[-118.74413,48.02434],[-118.7427,48.02986],[-118.74067,48.02207],[-118.72148,48.01748],[-118.73293,48.04306],[-118.72338,48.0296],[-118.72183,48.04134],[-118.71647,48.02894],[-118.7084,48.03549],[-118.70703,48.02612],[-118.69496,48.03625],[-118.68665,48.01942],[-118.68058,48.0351],[-118.69144,48.04606],[-118.63419,48.0498],[-118.64293,48.04095],[-118.63266,48.041],[-118.63321,48.03003],[-118.61775,48.03054],[-118.62797,48.02364],[-118.62051,48.01851],[-118.63432,48.02293],[-118.64959,48.01111],[-118.62058,47.99491],[-118.65786,47.99981],[-118.66018,47.98543],[-118.64924,47.97762],[-118.65786,47.96744],[-118.63303,47.96668],[-118.635,47.96099],[-118.62263,47.95994],[-118.62182,47.94364],[-118.6113,47.94455],[-118.61072,47.93759],[-118.60574,47.95391],[-118.59563,47.93565],[-118.55863,47.94425],[-118.55951,47.96742],[-118.5525,47.96298],[-118.55103,47.98158],[-118.54597,47.96105],[-118.53416,47.96507],[-118.54319,47.95419],[-118.53381,47.94388],[-118.51819,47.95269],[-118.5198,47.95971],[-118.50325,47.95419],[-118.50969,47.94467],[-118.50211,47.94008],[-118.50597,47.92209],[-118.50159,47.91076],[-118.49062,47.91442],[-118.49562,47.90778],[-118.48619,47.90522],[-118.4983,47.90125],[-118.49003,47.89777],[-118.50152,47.89378],[-118.50323,47.88262],[-118.4747,47.88917],[-118.43792,47.88319],[-118.44616,47.87715],[-118.43406,47.86674],[-118.44118,47.85629],[-118.41352,47.84466],[-118.39695,47.85443],[-118.40851,47.8586],[-118.38588,47.86662],[-118.38409,47.87375],[-118.39387,47.8783],[-118.38474,47.87672],[-118.37544,47.88645],[-118.37259,47.90995],[-118.38658,47.92587],[-118.39342,47.92783],[-118.40213,47.92481],[-118.41054,47.92589],[-118.39556,47.93285],[-118.41849,47.94186],[-118.39417,47.93969],[-118.4015,47.94563],[-118.39065,47.94846],[-118.39657,47.96042],[-118.39171,47.96928],[-118.39935,47.97188],[-118.39598,47.97803],[-118.40498,47.97752],[-118.40215,47.9811],[-118.42077,47.98485],[-118.42211,47.98751],[-118.40567,47.98624],[-118.40542,47.99169],[-118.39411,47.98383],[-118.3877,47.99056],[-118.40354,48.0104],[-118.43285,48.01056],[-118.44117,48.01586],[-118.41966,48.0183],[-118.45049,48.02851],[-118.42871,48.02784],[-118.44177,48.03411],[-118.43791,48.03786],[-118.44878,48.04242],[-118.44104,48.04912],[-118.44859,48.0502],[-118.21503,48.0495],[-118.20548,47.78823],[-119.2054,47.7862],[-119.2303,47.74449],[-119.26789,47.70855],[-119.2782,47.68348],[-119.27215,47.68049],[-119.27674,47.65112],[-119.2902,47.61813],[-119.33189,47.62648],[-119.38294,47.59705],[-119.403,47.5953],[-119.45323,47.56654],[-119.46905,47.54318],[-119.49181,47.53129],[-119.51127,47.49425],[-119.51389,47.45824],[-119.4832,47.38121],[-119.46245,47.33226],[-119.43894,47.32178],[-119.4488,47.30267],[-119.44304,47.27482],[-119.4591,47.25057],[-119.42716,47.22842],[-119.42587,47.19743],[-119.40305,47.18116],[-119.36656,47.18913],[-119.33848,47.18097],[-119.33169,47.1661],[-119.34132,47.13599],[-119.32139,47.11238],[-119.30954,47.12922],[-119.32516,47.13396],[-119.3219,47.13982],[-119.31181,47.13885],[-119.30244,47.12596],[-119.26525,47.14511],[-119.32277,47.10277],[-119.11361,47.0873],[-119.106,47.06419],[-119.05926,46.99356],[-119.06635,46.93977],[-119.07905,46.91088],[-119.0554,46.84334],[-118.93852,46.70648],[-118.91731,46.6945],[-118.87782,46.69928],[-118.86299,46.66533],[-118.87403,46.6563],[-118.86841,46.65258],[-118.80807,46.63484],[-118.66634,46.62041],[-118.61077,46.64932],[-118.56112,46.64257],[-118.50008,46.65156],[-118.32387,46.74276],[-118.30846,46.75841],[-118.22639,46.74173],[-118.15389,46.76898],[-118.12947,46.76808],[-118.09122,46.78042],[-117.98479,46.76267],[-117.93991,46.78486],[-117.91379,46.78492],[-117.80948,46.81369],[-117.7586,46.80276],[-117.66586,46.8138],[-117.65174,46.80868],[-117.59316,46.81327],[-117.55908,46.80365],[-117.53784,46.80872],[-117.52818,46.82408],[-117.48517,46.8464],[-117.3693,46.89099],[-117.36502,46.87463],[-117.33919,46.85054],[-117.30818,46.78819],[-117.26228,46.76003],[-117.24182,46.75836],[-117.2169,46.71222],[-117.20352,46.70799],[-117.20415,46.69092],[-117.1945,46.67781],[-117.1987,46.66642],[-117.16069,46.61636],[-117.17263,46.59154],[-117.1443,46.57153],[-117.10523,46.55903],[-117.08819,46.54193],[-117.07057,46.48689],[-117.03984,46.47405],[-117.04138,46.4438],[-117.07992,46.44017],[-117.07908,46.44912],[-117.08718,46.44979],[-117.08879,46.43895],[-117.09994,46.43775],[-117.10068,46.4457],[-117.1102,46.43792],[-117.11458,46.44567],[-117.12587,46.44259],[-117.11936,46.45636],[-117.12977,46.45903],[-117.17439,46.44142],[-117.1859,46.42575],[-117.22914,46.42591],[-117.23026,46.41802],[-117.222,46.41759],[-117.23043,46.41427],[-117.25258,46.42861],[-117.28748,46.43586],[-117.28913,46.44708],[-117.28019,46.45044],[-117.28982,46.45197],[-117.29248,46.46395],[-117.30472,46.43835],[-117.32691,46.44672],[-117.32184,46.45043],[-117.33123,46.45208],[-117.32671,46.45798],[-117.32936,46.46752],[-117.3372,46.45693],[-117.35674,46.46665],[-117.33786,46.45191],[-117.34062,46.43844],[-117.36822,46.43888],[-117.34542,46.4329],[-117.34986,46.42671],[-117.33727,46.42805],[-117.40595,46.40637],[-117.41568,46.39156],[-117.38015,46.40506],[-117.38345,46.39293],[-117.37422,46.40535],[-117.34696,46.41219],[-117.34571,46.40162],[-117.32809,46.41348],[-117.31261,46.40587],[-117.31781,46.41984],[-117.30938,46.42192],[-117.30777,46.41388],[-117.30141,46.41918],[-117.26866,46.40291],[-117.30753,46.39664],[-117.30699,46.39015],[-117.32999,46.38168],[-117.34935,46.38685],[-117.36229,46.37754],[-117.33863,46.37841],[-117.34375,46.37026],[-117.34187,46.36096],[-117.33261,46.37527],[-117.28947,46.38478],[-117.28642,46.37955],[-117.28086,46.38659],[-117.2825,46.37771],[-117.29952,46.37196],[-117.26714,46.37568],[-117.26557,46.38702],[-117.24847,46.39383],[-117.23414,46.38859],[-117.25107,46.38642],[-117.26376,46.36688],[-117.27967,46.36726],[-117.28594,46.36195],[-117.27887,46.36447],[-117.27219,46.36334],[-117.30082,46.34594],[-117.25579,46.35843],[-117.24089,46.37177],[-117.23379,46.3646],[-117.24295,46.36148],[-117.23931,46.3554],[-117.22813,46.36712],[-117.22102,46.36164],[-117.19617,46.36682],[-117.19157,46.36068],[-117.19971,46.3596],[-117.1887,46.35357],[-117.1937,46.34901],[-117.17725,46.34009],[-117.22225,46.34256],[-117.2169,46.33668],[-117.22922,46.33604],[-117.21981,46.33121],[-117.24447,46.32605],[-117.23774,46.32181],[-117.25026,46.31664],[-117.2678,46.32445],[-117.25353,46.31432],[-117.27143,46.30919],[-117.2615,46.30637],[-117.26833,46.29892],[-117.30188,46.29656],[-117.27745,46.29434],[-117.28298,46.28949],[-117.40349,46.2829],[-117.48242,46.25924],[-117.48455,46.31501],[-117.51508,46.32804],[-117.54195,46.3566],[-117.55695,46.36158],[-117.55016,46.37002],[-117.55763,46.37622],[-117.55778,46.43262],[-117.56936,46.44265],[-117.58668,46.44418],[-117.59013,46.47398],[-117.64623,46.47752],[-117.6788,46.46471],[-117.70539,46.46463],[-117.72667,46.44932],[-117.74173,46.45369],[-117.75774,46.42118],[-117.75394,46.41372],[-117.76827,46.40631],[-117.79566,46.39985],[-117.85481,46.41228],[-117.87185,46.40001],[-117.92516,46.38935],[-117.93926,46.38269],[-117.95165,46.35684],[-117.97843,46.34656],[-117.97288,46.32362],[-118.02605,46.29195],[-118.10159,46.28811],[-118.12403,46.27365],[-118.15324,46.27014],[-118.13763,46.23028],[-118.13908,46.17802],[-118.13068,46.16542],[-118.1209,46.16639],[-118.12915,46.15787],[-118.12295,46.15279],[-118.13126,46.15415],[-118.13294,46.14709],[-118.10704,46.12786],[-118.13434,46.13886],[-118.13794,46.13001],[-118.11807,46.12137],[-118.12365,46.11899],[-118.1151,46.11185],[-118.1299,46.11833],[-118.1308,46.11248],[-118.11723,46.09081],[-118.13066,46.09791],[-118.14291,46.12087],[-118.1558,46.10996],[-118.14704,46.11282],[-118.15132,46.09362],[-118.13622,46.08714],[-118.15254,46.08507],[-118.14667,46.07887],[-118.15221,46.07039],[-118.14227,46.0713],[-118.14877,46.06445],[-118.10444,46.06367],[-118.12781,46.06018],[-118.13971,46.0527],[-118.13492,46.047],[-118.14764,46.04564],[-118.119,46.01168],[-118.15144,46.03252],[-118.15647,46.05479],[-118.16546,46.05964],[-118.1774,46.0396],[-118.17126,46.03256],[-118.18342,46.03296],[-118.176,46.02625],[-118.18364,46.02585],[-118.18112,46.01801],[-118.19756,46.02426],[-118.2095,46.00256],[-118.21743,46.00407],[-118.21799,45.99371],[-118.20032,45.98399],[-118.21864,45.98838],[-118.22804,45.98025],[-118.22012,45.97699],[-118.22543,45.96995],[-118.2168,45.97065],[-118.21989,45.96207],[-118.20515,45.9581],[-118.21126,45.95563],[-118.20826,45.9529],[-118.2055,45.94834],[-118.23628,45.96991],[-118.23466,45.96186],[-118.24752,45.96193],[-118.23197,45.94982],[-118.23817,45.93826],[-118.2458,45.94684],[-118.24597,45.93272],[-118.26253,45.94217],[-118.25558,45.92752],[-118.26669,45.92843],[-118.26741,45.92129],[-118.27688,45.92694],[-118.2616,45.91084],[-118.27533,45.91358],[-118.27085,45.90503],[-118.23249,45.90301],[-118.24791,45.89753],[-118.19136,45.88668],[-118.21545,45.88392],[-118.28504,45.89689],[-118.26187,45.88312],[-118.25531,45.88723],[-118.25634,45.88119],[-118.23104,45.86555],[-118.21863,45.87058],[-118.2276,45.86429],[-118.17762,45.83471],[-118.23812,45.8653],[-118.2484,45.86199],[-118.24574,45.86862],[-118.25755,45.87422],[-118.2688,45.87029],[-118.26969,45.8777],[-118.28904,45.87966],[-118.29652,45.8894],[-118.31842,45.88344],[-118.30634,45.87383],[-118.31625,45.87558],[-118.3207,45.8677],[-118.33139,45.87341],[-118.32972,45.86515],[-118.34192,45.86622],[-118.34431,45.85946],[-118.33077,45.85019],[-118.30483,45.85487],[-118.29361,45.85358],[-118.33547,45.84292],[-118.34585,45.85044],[-118.35223,45.84402],[-118.37229,45.85031],[-118.36413,45.83872],[-118.32568,45.82744],[-118.35464,45.83326],[-118.35576,45.82552],[-118.3593,45.83363],[-118.39117,45.84119],[-118.38142,45.81924],[-118.39973,45.83008],[-118.41049,45.82106],[-118.42227,45.80356],[-118.42111,45.79966],[-118.41351,45.79168],[-118.41283,45.78896],[-118.42954,45.80275],[-118.43359,45.81658],[-118.44441,45.80666],[-118.45568,45.80936],[-118.46153,45.80198],[-118.44715,45.7937],[-118.44672,45.78532],[-118.45464,45.78803],[-118.4476,45.77053],[-118.43331,45.76299],[-118.48101,45.77145],[-118.46416,45.72938],[-118.47802,45.73493],[-118.47808,45.71207],[-118.49231,45.71914],[-118.49902,45.70321],[-118.50983,45.70378],[-118.51504,45.69356],[-118.46399,45.69074],[-118.4486,45.70339],[-118.45195,45.69139],[-118.43652,45.68906],[-118.40108,45.70282],[-118.39544,45.7147],[-118.39588,45.70261],[-118.37352,45.70318],[-118.32105,45.7244],[-118.29901,45.72242],[-118.28763,45.72574],[-118.28467,45.72581],[-118.28437,45.72486],[-118.3021,45.72067],[-118.31381,45.72197],[-118.31275,45.71497],[-118.31773,45.72266],[-118.34902,45.70394],[-118.34254,45.70314],[-118.34667,45.68908],[-118.35877,45.68548],[-118.35159,45.67848],[-118.35988,45.6831],[-118.36456,45.66961],[-118.35509,45.6345],[-118.36978,45.66879],[-118.35584,45.70066],[-118.38498,45.69421],[-118.39896,45.67219],[-118.39943,45.65415],[-118.40231,45.64946],[-118.40372,45.6728],[-118.39285,45.69357],[-118.41968,45.6824],[-118.42257,45.67355],[-118.42718,45.68065],[-118.44311,45.66935],[-118.45209,45.67494],[-118.45604,45.65994],[-118.46009,45.67354],[-118.46719,45.6677],[-118.46459,45.65889],[-118.48265,45.66206],[-118.49359,45.65136],[-118.49094,45.66155],[-118.46806,45.67752],[-118.48715,45.67893],[-118.49357,45.67087],[-118.50001,45.67927],[-118.5043,45.67025],[-118.51267,45.6737],[-118.51357,45.6636],[-118.52365,45.66479],[-118.51981,45.65176],[-118.55103,45.65095],[-118.55568,45.63709],[-118.57908,45.64177],[-118.57972,45.63005],[-118.58793,45.63894],[-118.61693,45.63171],[-118.60581,45.62186],[-118.6137,45.61947],[-118.62361,45.62698],[-118.62562,45.61805],[-118.63724,45.62234],[-118.63536,45.61036],[-118.64737,45.60373],[-118.637,45.59964],[-118.64833,45.59823],[-118.64971,45.58828],[-118.65814,45.58557],[-118.64981,45.57832],[-118.66645,45.5808],[-118.66561,45.56915],[-118.70006,45.53771],[-118.69271,45.52899],[-118.71814,45.51441],[-118.70296,45.51228],[-118.69103,45.52263],[-118.69288,45.50982],[-118.68946,45.51523],[-118.68522,45.50718],[-118.64345,45.50386],[-118.6215,45.50659],[-118.62477,45.51041],[-118.61882,45.50791],[-118.60432,45.52177],[-118.59278,45.52398],[-118.61978,45.50312],[-118.6087,45.49681],[-118.60428,45.47004],[-118.62441,45.50077],[-118.64353,45.49781],[-118.6442,45.491],[-118.6481,45.49822],[-118.68703,45.49453],[-118.71877,45.50337],[-118.71771,45.49237],[-118.72682,45.49784],[-118.72642,45.48896],[-118.74824,45.49169],[-118.74066,45.48668],[-118.7657,45.4789],[-118.7532,45.47464],[-118.77702,45.47493],[-118.77073,45.4646],[-118.79725,45.46647],[-118.8074,45.45977],[-118.80159,45.45561],[-118.81102,45.45565],[-118.80862,45.44625],[-118.8235,45.44891],[-118.81516,45.41925],[-118.83153,45.44006],[-118.84604,45.43485],[-118.83761,45.44527],[-118.8409,45.45871],[-118.86085,45.45436],[-118.85902,45.44599],[-118.88227,45.44121],[-118.89619,45.42675],[-118.87554,45.45666],[-118.88866,45.45914],[-118.89516,45.45267],[-118.90477,45.4615],[-118.91203,45.45729],[-118.90772,45.46371],[-118.9145,45.46699],[-118.95359,45.4562],[-119.00557,45.46732],[-119.05265,45.45267],[-119.09355,45.46804],[-119.09509,45.45844],[-119.14226,45.43348],[-119.17006,45.39097],[-119.19429,45.38892],[-119.21311,45.37577],[-119.24413,45.38485],[-119.25418,45.39695],[-119.26425,45.38746],[-119.28312,45.39885],[-119.29614,45.38642],[-119.33199,45.37539],[-119.35558,45.38043],[-119.37169,45.36321],[-119.4,45.35991],[-119.48228,45.37204],[-119.55012,45.35708],[-119.56183,45.329],[-119.61426,45.28193],[-119.69238,45.26356],[-119.71143,45.25133],[-119.86265,45.25344],[-119.88716,45.25898],[-119.90249,45.27777],[-119.97403,45.28791],[-119.98614,45.27323],[-120.0023,45.27453],[-120.01415,45.2823],[-120.02398,45.2829],[-120.01849,45.2817],[-120.0314,45.26734],[-120.01777,45.26103],[-120.03107,45.24249],[-120.05203,45.22812],[-120.07257,45.23024],[-120.09618,45.21845],[-120.11388,45.23017],[-120.25235,45.23565],[-120.27902,45.2509],[-120.27426,45.26482],[-120.29232,45.28034],[-120.29315,45.29568],[-120.31834,45.31949],[-120.33841,45.36042],[-120.40992,45.38016],[-120.45018,45.41132],[-120.45939,45.43121],[-120.84943,45.43163],[-120.86584,45.44611],[-120.85889,45.46046],[-120.83611,45.4691],[-120.83896,45.50296],[-120.82554,45.51324],[-120.84778,45.5193],[-121.37902,45.51937],[-121.37916,45.6065],[-121.50362,45.60647],[-121.50814,45.57818],[-121.52365,45.58273],[-121.52279,45.56687],[-121.53113,45.57473],[-121.54792,45.56156],[-121.54571,45.54689],[-121.55566,45.53137],[-121.55054,45.52069],[-121.55931,45.5046],[-121.60647,45.50456],[-121.60642,45.5197],[-121.63132,45.51988],[-121.63112,45.56393],[-121.67017,45.56345],[-121.67017,45.5772],[-121.65068,45.57754],[-121.65061,45.60688],[-121.62688,45.60654],[-121.62718,45.70563],[-121.60934,45.70959],[-121.60917,45.73984],[-121.56902,45.73904]]]]}}]}