{"type":"FeatureCollection","features":[{"type":"Feature","properties":{"slug":"umpqua-valley","name":"Umpqua Valley"},"geometry":{"type":"Polygon","coordinates":[[[-123.24489,43.7796],[-123.19768,43.77945],[-123.19949,43.77893],[-123.20012,43.7776],[-123.2015,43.77707],[-123.20203,43.77377],[-123.20335,43.77226],[-123.20236,43.77029],[-123.20506,43.77148],[-123.20621,43.77045],[-123.20572,43.76854],[-123.20224,43.767],[-123.20123,43.76502],[-123.19974,43.76466],[-123.19912,43.76296],[-123.205,43.76033],[-123.20757,43.76129],[-123.20784,43.75891],[-123.20924,43.75798],[-123.2092,43.75631],[-123.21046,43.75491],[-123.21115,43.75201],[-123.21068,43.75109],[-123.20694,43.75861],[-123.20342,43.75884],[-123.20249,43.75727],[-123.20118,43.75912],[-123.19735,43.76087],[-123.19538,43.76487],[-123.19286,43.76557],[-123.18671,43.76165],[-123.18862,43.76077],[-123.18785,43.75961],[-123.1896,43.7578],[-123.18914,43.75608],[-123.19319,43.75406],[-123.1944,43.75029],[-123.18992,43.75503],[-123.18788,43.75553],[-123.18614,43.75492],[-123.18293,43.76177],[-123.17954,43.76135],[-123.17766,43.75854],[-123.17643,43.76069],[-123.17429,43.76225],[-123.1711,43.76021],[-123.16928,43.76145],[-123.16528,43.76],[-123.1624,43.75997],[-123.16092,43.75933],[-123.16071,43.75839],[-123.15629,43.75769],[-123.15627,43.75911],[-123.15789,43.76042],[-123.15764,43.7629],[-123.15226,43.76449],[-123.15167,43.76356],[-123.14936,43.76349],[-123.1454,43.7656],[-123.14461,43.76343],[-123.14291,43.76203],[-123.14568,43.75564],[-123.14446,43.75542],[-123.13799,43.76009],[-123.13802,43.74117],[-123.14022,43.74204],[-123.14216,43.73978],[-123.14298,43.73977],[-123.14363,43.74133],[-123.14551,43.74097],[-123.14652,43.74315],[-123.14862,43.74299],[-123.14831,43.74425],[-123.14996,43.74698],[-123.15392,43.74707],[-123.15593,43.74811],[-123.15874,43.74774],[-123.15972,43.74586],[-123.16311,43.74566],[-123.16344,43.74343],[-123.16582,43.74328],[-123.16908,43.74472],[-123.17054,43.74239],[-123.17383,43.74172],[-123.17278,43.73924],[-123.17301,43.73713],[-123.17191,43.73546],[-123.17688,43.73092],[-123.17894,43.73075],[-123.18015,43.72979],[-123.18359,43.73068],[-123.18583,43.72984],[-123.18614,43.72782],[-123.18405,43.72822],[-123.18305,43.72732],[-123.18406,43.72485],[-123.1836,43.72344],[-123.18175,43.72406],[-123.18238,43.72536],[-123.18027,43.72717],[-123.17732,43.72741],[-123.17318,43.72941],[-123.17336,43.72734],[-123.1726,43.72694],[-123.16852,43.72834],[-123.16548,43.72835],[-123.16281,43.72716],[-123.16558,43.7247],[-123.16755,43.72144],[-123.17002,43.71988],[-123.17298,43.71931],[-123.17324,43.7174],[-123.16974,43.7182],[-123.16781,43.71695],[-123.16753,43.71585],[-123.16631,43.7156],[-123.16738,43.71243],[-123.16544,43.71301],[-123.16175,43.71172],[-123.1608,43.71272],[-123.15819,43.71306],[-123.1556,43.71168],[-123.15443,43.7134],[-123.1522,43.71438],[-123.15085,43.7134],[-123.14879,43.7156],[-123.14729,43.71485],[-123.14782,43.71268],[-123.14585,43.71113],[-123.14966,43.71017],[-123.15006,43.709],[-123.15239,43.70764],[-123.1513,43.70517],[-123.14818,43.70416],[-123.14933,43.70317],[-123.15193,43.70304],[-123.15701,43.70495],[-123.15942,43.70321],[-123.1615,43.70335],[-123.16253,43.70479],[-123.16394,43.7049],[-123.16589,43.70384],[-123.16882,43.70452],[-123.17218,43.7033],[-123.17786,43.70526],[-123.18013,43.70494],[-123.18354,43.70817],[-123.18448,43.70803],[-123.18439,43.7042],[-123.18181,43.70516],[-123.18145,43.70424],[-123.18022,43.70424],[-123.17979,43.70298],[-123.17792,43.70354],[-123.17362,43.70206],[-123.16944,43.70202],[-123.16563,43.70024],[-123.15843,43.70071],[-123.15469,43.69941],[-123.15708,43.69882],[-123.15756,43.69777],[-123.16066,43.6961],[-123.15738,43.69472],[-123.16013,43.69368],[-123.15925,43.6926],[-123.15981,43.69065],[-123.15835,43.68964],[-123.15807,43.68849],[-123.16326,43.6898],[-123.16492,43.6923],[-123.16869,43.69348],[-123.16872,43.69254],[-123.16674,43.69114],[-123.16638,43.68985],[-123.16859,43.68826],[-123.17224,43.68821],[-123.17251,43.68938],[-123.1744,43.68987],[-123.17439,43.69086],[-123.1761,43.68975],[-123.17742,43.69368],[-123.17813,43.6932],[-123.17817,43.69069],[-123.18271,43.68972],[-123.1848,43.69438],[-123.18533,43.69154],[-123.18474,43.68966],[-123.18668,43.68962],[-123.18717,43.68838],[-123.18876,43.68846],[-123.19099,43.69012],[-123.19004,43.69162],[-123.19266,43.69213],[-123.19334,43.69404],[-123.19471,43.69452],[-123.19586,43.69026],[-123.19691,43.68953],[-123.19613,43.68652],[-123.195,43.68686],[-123.19523,43.68858],[-123.19421,43.68916],[-123.19252,43.68889],[-123.19168,43.6879],[-123.18946,43.68786],[-123.18934,43.68579],[-123.18419,43.68842],[-123.18095,43.68808],[-123.17839,43.68872],[-123.17434,43.68698],[-123.17121,43.68747],[-123.17069,43.68482],[-123.16906,43.68389],[-123.16856,43.68222],[-123.16918,43.68105],[-123.17092,43.68104],[-123.17329,43.6795],[-123.1767,43.68113],[-123.17733,43.68226],[-123.18193,43.6826],[-123.18221,43.68059],[-123.17979,43.67931],[-123.17964,43.67815],[-123.18218,43.67772],[-123.18385,43.67637],[-123.18515,43.67701],[-123.18741,43.67656],[-123.18717,43.67534],[-123.18616,43.67503],[-123.18766,43.67132],[-123.18885,43.67043],[-123.19037,43.6706],[-123.19011,43.66939],[-123.19099,43.6681],[-123.19278,43.66828],[-123.19288,43.66724],[-123.19403,43.66677],[-123.19645,43.66707],[-123.19731,43.66525],[-123.19205,43.6654],[-123.18232,43.67273],[-123.1796,43.6761],[-123.1788,43.67419],[-123.17747,43.67385],[-123.17411,43.67464],[-123.17255,43.67594],[-123.16761,43.67412],[-123.16374,43.67431],[-123.16154,43.67543],[-123.16126,43.67408],[-123.16225,43.67274],[-123.15948,43.67081],[-123.16385,43.67157],[-123.16885,43.67078],[-123.16958,43.6701],[-123.16435,43.66855],[-123.16799,43.66853],[-123.17074,43.66703],[-123.17099,43.66608],[-123.1725,43.66618],[-123.175,43.66454],[-123.17927,43.66484],[-123.18122,43.66393],[-123.18252,43.66213],[-123.18397,43.66185],[-123.18355,43.66049],[-123.18211,43.66026],[-123.17994,43.66256],[-123.17431,43.66335],[-123.17268,43.6627],[-123.17422,43.66161],[-123.17128,43.65871],[-123.16667,43.65773],[-123.1659,43.65666],[-123.1629,43.65589],[-123.16619,43.65516],[-123.1703,43.65586],[-123.17239,43.65452],[-123.17865,43.65489],[-123.1802,43.65299],[-123.17965,43.65228],[-123.17588,43.65071],[-123.16829,43.6512],[-123.16136,43.65068],[-123.16317,43.64928],[-123.16287,43.6481],[-123.16414,43.64901],[-123.16855,43.64868],[-123.17317,43.64678],[-123.17205,43.64494],[-123.17954,43.64476],[-123.18191,43.6427],[-123.18184,43.63987],[-123.18103,43.63963],[-123.17914,43.64181],[-123.17817,43.63997],[-123.17751,43.64004],[-123.17653,43.64292],[-123.17552,43.64347],[-123.17454,43.6428],[-123.16968,43.64436],[-123.16794,43.64382],[-123.16459,43.64254],[-123.16626,43.6409],[-123.16768,43.64082],[-123.16812,43.63945],[-123.17117,43.63905],[-123.17075,43.63811],[-123.16738,43.63739],[-123.168,43.63617],[-123.16226,43.63857],[-123.16162,43.6372],[-123.15939,43.63804],[-123.16009,43.63676],[-123.15961,43.63647],[-123.15508,43.63854],[-123.15577,43.63715],[-123.15512,43.63677],[-123.15486,43.63377],[-123.15151,43.63382],[-123.15413,43.63282],[-123.15853,43.62923],[-123.15668,43.62896],[-123.15631,43.62783],[-123.15281,43.62821],[-123.15475,43.62681],[-123.15268,43.62589],[-123.1492,43.62559],[-123.14826,43.62653],[-123.14711,43.62597],[-123.14427,43.62712],[-123.14651,43.62496],[-123.14357,43.62354],[-123.14928,43.62385],[-123.15068,43.62358],[-123.15107,43.62264],[-123.16069,43.62604],[-123.16132,43.62397],[-123.16437,43.62432],[-123.16801,43.62614],[-123.16851,43.62478],[-123.16637,43.62239],[-123.16876,43.62092],[-123.1633,43.62076],[-123.16419,43.61916],[-123.16292,43.61759],[-123.16187,43.61795],[-123.16164,43.6191],[-123.15753,43.61887],[-123.15731,43.6211],[-123.15433,43.6191],[-123.15254,43.62019],[-123.14959,43.61986],[-123.15133,43.61858],[-123.15138,43.61756],[-123.14666,43.61748],[-123.1395,43.61948],[-123.14387,43.61657],[-123.14348,43.61553],[-123.14532,43.61578],[-123.14759,43.61373],[-123.15281,43.61248],[-123.15366,43.61095],[-123.14925,43.60994],[-123.15058,43.60951],[-123.15292,43.60683],[-123.15205,43.60524],[-123.14963,43.60499],[-123.14542,43.60678],[-123.14673,43.60344],[-123.14515,43.60043],[-123.14269,43.5991],[-123.1396,43.59949],[-123.14084,43.5974],[-123.13889,43.5958],[-123.1386,43.5944],[-123.14165,43.59194],[-123.14253,43.58992],[-123.14052,43.58778],[-123.13837,43.58783],[-123.13934,43.58676],[-123.13845,43.58605],[-123.1338,43.58621],[-123.13442,43.58553],[-123.13394,43.58448],[-123.13631,43.5842],[-123.1384,43.5828],[-123.138,43.58144],[-123.13375,43.58163],[-123.13906,43.57932],[-123.13839,43.5775],[-123.13698,43.5766],[-123.13969,43.576],[-123.1352,43.57491],[-123.13314,43.57339],[-123.13287,43.57203],[-123.13762,43.57372],[-123.1404,43.57323],[-123.14293,43.5717],[-123.1424,43.56963],[-123.14118,43.5684],[-123.14513,43.5714],[-123.14648,43.57153],[-123.14866,43.57056],[-123.14984,43.56902],[-123.15672,43.56786],[-123.15985,43.56471],[-123.16009,43.56124],[-123.16217,43.55879],[-123.16291,43.55649],[-123.16107,43.55618],[-123.15769,43.55723],[-123.15573,43.55899],[-123.15374,43.55953],[-123.15511,43.55561],[-123.14727,43.5545],[-123.14638,43.55211],[-123.14882,43.55375],[-123.15533,43.55371],[-123.15624,43.55332],[-123.15513,43.55183],[-123.15703,43.55247],[-123.15755,43.55116],[-123.15912,43.55238],[-123.16593,43.55227],[-123.16337,43.54958],[-123.16874,43.55066],[-123.17032,43.54979],[-123.17004,43.54794],[-123.16772,43.54717],[-123.169,43.5459],[-123.16647,43.54444],[-123.16717,43.54333],[-123.16181,43.54268],[-123.16485,43.54124],[-123.16924,43.54138],[-123.1695,43.53996],[-123.16724,43.53427],[-123.16563,43.53395],[-123.16392,43.53504],[-123.15958,43.53486],[-123.16328,43.53323],[-123.16549,43.5309],[-123.15392,43.53018],[-123.15677,43.52905],[-123.16304,43.52856],[-123.1634,43.52601],[-123.16218,43.52524],[-123.15895,43.52512],[-123.15184,43.52635],[-123.15321,43.52494],[-123.15788,43.52359],[-123.15505,43.52156],[-123.15948,43.52308],[-123.16243,43.5229],[-123.16217,43.52079],[-123.16028,43.51986],[-123.16009,43.51879],[-123.21148,43.51901],[-123.21278,43.51781],[-123.2166,43.51694],[-123.21626,43.51509],[-123.21458,43.514],[-123.21412,43.51259],[-123.21648,43.51095],[-123.2165,43.50951],[-123.21499,43.5089],[-123.21475,43.50705],[-123.21292,43.50601],[-123.21031,43.50605],[-123.20953,43.50517],[-123.2091,43.50186],[-123.207,43.50081],[-123.20725,43.49743],[-123.2022,43.49617],[-123.2033,43.4938],[-123.20191,43.49186],[-123.2041,43.49062],[-123.2025,43.48903],[-123.20272,43.48766],[-123.20158,43.48708],[-123.20273,43.48548],[-123.20285,43.48325],[-123.20096,43.48367],[-123.1983,43.48725],[-123.19518,43.48752],[-123.19476,43.48532],[-123.19178,43.48488],[-123.19251,43.48254],[-123.19034,43.48266],[-123.18773,43.4851],[-123.18434,43.48548],[-123.1833,43.48416],[-123.17816,43.48389],[-123.17592,43.4815],[-123.17211,43.47947],[-123.16898,43.48014],[-123.16951,43.4787],[-123.16492,43.47714],[-123.16728,43.47879],[-123.16648,43.4804],[-123.16439,43.48018],[-123.1585,43.48164],[-123.15643,43.48022],[-123.15429,43.48025],[-123.15212,43.47885],[-123.15137,43.47738],[-123.15206,43.47521],[-123.15559,43.4731],[-123.15486,43.4708],[-123.14854,43.47184],[-123.14685,43.4743],[-123.1447,43.47261],[-123.14487,43.46993],[-123.1436,43.46976],[-123.14174,43.47183],[-123.14102,43.47532],[-123.13908,43.47766],[-123.14075,43.47945],[-123.14255,43.47928],[-123.14218,43.48042],[-123.14404,43.48212],[-123.1444,43.48472],[-123.14624,43.48556],[-123.14578,43.48688],[-123.15061,43.49262],[-123.14969,43.49248],[-123.14821,43.49048],[-123.14635,43.48998],[-123.14142,43.48178],[-123.14009,43.48126],[-123.13798,43.48279],[-123.1394,43.48373],[-123.13938,43.48676],[-123.13781,43.48599],[-123.13608,43.48853],[-123.13379,43.48983],[-123.13259,43.49502],[-123.13199,43.49516],[-123.13158,43.49143],[-123.13294,43.48769],[-123.13427,43.48626],[-123.13436,43.48297],[-123.1366,43.48026],[-123.13558,43.47893],[-123.12779,43.48099],[-123.12587,43.48216],[-123.12621,43.4858],[-123.12464,43.48734],[-123.12318,43.48748],[-123.12244,43.48436],[-123.12095,43.48232],[-123.11906,43.48336],[-123.11844,43.48509],[-123.11751,43.48346],[-123.11788,43.48116],[-123.11111,43.48097],[-123.10729,43.48232],[-123.10717,43.48668],[-123.10464,43.484],[-123.1046,43.483],[-123.10396,43.4831],[-123.10503,43.4815],[-123.11182,43.47864],[-123.11499,43.47852],[-123.1161,43.47768],[-123.11705,43.47864],[-123.12029,43.47907],[-123.1203,43.4777],[-123.12131,43.47732],[-123.12268,43.47805],[-123.12421,43.47755],[-123.12464,43.47625],[-123.12652,43.47679],[-123.12832,43.4763],[-123.12907,43.47425],[-123.12488,43.47218],[-123.12284,43.47291],[-123.12125,43.47198],[-123.12009,43.47368],[-123.11889,43.4726],[-123.11743,43.47391],[-123.11602,43.47359],[-123.11079,43.47745],[-123.10612,43.4792],[-123.10729,43.47638],[-123.10644,43.47573],[-123.1099,43.47504],[-123.11159,43.47382],[-123.10979,43.47214],[-123.10743,43.47175],[-123.10577,43.47052],[-123.10545,43.46863],[-123.10724,43.46967],[-123.10852,43.4694],[-123.10939,43.47035],[-123.11109,43.46992],[-123.11338,43.47183],[-123.11492,43.47064],[-123.11744,43.47032],[-123.11118,43.46652],[-123.11345,43.46684],[-123.11324,43.4655],[-123.11494,43.46602],[-123.11705,43.46425],[-123.11891,43.4673],[-123.12149,43.46589],[-123.12288,43.46249],[-123.12398,43.46638],[-123.1258,43.46783],[-123.12716,43.46791],[-123.12891,43.46749],[-123.12793,43.46557],[-123.13136,43.46639],[-123.1328,43.46429],[-123.13374,43.4651],[-123.13612,43.46417],[-123.13764,43.46238],[-123.13736,43.46139],[-123.14034,43.45976],[-123.13839,43.45959],[-123.13431,43.46092],[-123.13048,43.45994],[-123.13471,43.45753],[-123.13518,43.45541],[-123.1409,43.45542],[-123.14136,43.454],[-123.14445,43.45224],[-123.14778,43.45429],[-123.15032,43.45316],[-123.15069,43.45177],[-123.15354,43.45208],[-123.15495,43.45085],[-123.15474,43.44976],[-123.15712,43.44967],[-123.15608,43.44732],[-123.15878,43.44777],[-123.15909,43.44572],[-123.16168,43.4469],[-123.16376,43.44569],[-123.16172,43.44248],[-123.163,43.4422],[-123.16307,43.44064],[-123.16612,43.4439],[-123.16819,43.44334],[-123.16892,43.4418],[-123.16826,43.44099],[-123.1686,43.43937],[-123.17047,43.43974],[-123.17174,43.43724],[-123.17479,43.43693],[-123.17566,43.43581],[-123.17652,43.4335],[-123.17541,43.43199],[-123.17826,43.43053],[-123.17916,43.43182],[-123.18206,43.43142],[-123.18267,43.43004],[-123.18087,43.42881],[-123.18172,43.42743],[-123.18304,43.42717],[-123.18619,43.42832],[-123.18939,43.42508],[-123.18847,43.42478],[-123.18667,43.42606],[-123.1867,43.42415],[-123.18409,43.42465],[-123.18253,43.42362],[-123.18276,43.4211],[-123.18825,43.42111],[-123.18856,43.42211],[-123.19172,43.42233],[-123.18976,43.42081],[-123.19034,43.41897],[-123.1945,43.41788],[-123.19482,43.41666],[-123.19698,43.41751],[-123.19781,43.41593],[-123.19976,43.41601],[-123.20113,43.41492],[-123.19846,43.41306],[-123.19777,43.41068],[-123.19554,43.41024],[-123.1949,43.40872],[-123.19323,43.40893],[-123.19283,43.41001],[-123.19422,43.41206],[-123.19046,43.41191],[-123.19029,43.41265],[-123.1913,43.41325],[-123.19079,43.41483],[-123.18937,43.41767],[-123.18774,43.41854],[-123.18558,43.41868],[-123.18529,43.41642],[-123.18287,43.41714],[-123.18168,43.41536],[-123.17651,43.41565],[-123.17477,43.41814],[-123.17692,43.41858],[-123.17693,43.4196],[-123.17416,43.42105],[-123.17699,43.42166],[-123.17577,43.42327],[-123.17738,43.42473],[-123.17718,43.42549],[-123.17643,43.42606],[-123.17408,43.42568],[-123.17339,43.42646],[-123.17378,43.4282],[-123.1718,43.42813],[-123.17043,43.42917],[-123.16942,43.42854],[-123.17037,43.42396],[-123.16927,43.4234],[-123.16737,43.42422],[-123.1652,43.42809],[-123.16317,43.42846],[-123.16201,43.43039],[-123.16689,43.43136],[-123.16698,43.43326],[-123.16394,43.43443],[-123.16169,43.43317],[-123.1606,43.43541],[-123.15828,43.43591],[-123.15529,43.4396],[-123.15353,43.4405],[-123.14981,43.44564],[-123.14875,43.44589],[-123.14782,43.449],[-123.14523,43.45044],[-123.14249,43.45004],[-123.14468,43.44904],[-123.1464,43.44606],[-123.14385,43.44624],[-123.14477,43.44478],[-123.144,43.44362],[-123.14717,43.4439],[-123.14953,43.4415],[-123.14594,43.43949],[-123.14709,43.43842],[-123.15082,43.43954],[-123.15171,43.43828],[-123.15032,43.43653],[-123.15324,43.43691],[-123.15355,43.4345],[-123.15595,43.43461],[-123.1576,43.43334],[-123.15858,43.43116],[-123.15733,43.42877],[-123.15946,43.42779],[-123.16197,43.42308],[-123.16479,43.41995],[-123.16836,43.41775],[-123.16936,43.41498],[-123.16702,43.41504],[-123.16573,43.41796],[-123.16265,43.41822],[-123.15741,43.42351],[-123.15631,43.42238],[-123.1521,43.42294],[-123.1518,43.42362],[-123.15295,43.42539],[-123.1521,43.42607],[-123.15261,43.42692],[-123.15013,43.42971],[-123.14907,43.42987],[-123.14906,43.42796],[-123.14772,43.42804],[-123.14851,43.42527],[-123.14777,43.42604],[-123.14329,43.42652],[-123.14293,43.42745],[-123.14052,43.42821],[-123.13877,43.42749],[-123.13848,43.42803],[-123.13963,43.42899],[-123.14271,43.42973],[-123.14105,43.43058],[-123.14171,43.43239],[-123.14112,43.43308],[-123.13867,43.43229],[-123.1386,43.43147],[-123.13745,43.43141],[-123.13689,43.42979],[-123.13589,43.42947],[-123.13461,43.43054],[-123.13396,43.43301],[-123.13668,43.43492],[-123.13346,43.43582],[-123.13497,43.43698],[-123.13382,43.43773],[-123.13428,43.4389],[-123.1319,43.4394],[-123.13085,43.4387],[-123.13005,43.43971],[-123.13119,43.44111],[-123.13004,43.44206],[-123.13076,43.44533],[-123.13027,43.44653],[-123.13189,43.45134],[-123.12772,43.44679],[-123.12707,43.44345],[-123.12604,43.44349],[-123.11927,43.44924],[-123.12034,43.44648],[-123.11953,43.44478],[-123.12194,43.44227],[-123.12124,43.44056],[-123.1238,43.43906],[-123.12129,43.43892],[-123.12142,43.43652],[-123.12623,43.43524],[-123.12768,43.43634],[-123.12962,43.43483],[-123.12995,43.43285],[-123.12645,43.43455],[-123.12503,43.43389],[-123.12845,43.43034],[-123.13025,43.42639],[-123.12814,43.42581],[-123.127,43.42822],[-123.12718,43.4298],[-123.1225,43.43328],[-123.12037,43.43268],[-123.11805,43.43365],[-123.11723,43.4324],[-123.11548,43.43318],[-123.11583,43.42919],[-123.11478,43.42862],[-123.11422,43.43138],[-123.11047,43.43246],[-123.10998,43.43339],[-123.10975,43.43498],[-123.11112,43.43625],[-123.10878,43.43703],[-123.11034,43.44048],[-123.10833,43.43921],[-123.10912,43.40048],[-123.11132,43.40193],[-123.11365,43.40211],[-123.11506,43.40034],[-123.11625,43.40065],[-123.11689,43.40384],[-123.12458,43.3984],[-123.12584,43.39622],[-123.12443,43.39498],[-123.12205,43.39529],[-123.12348,43.3941],[-123.12053,43.38943],[-123.12407,43.39117],[-123.1271,43.39477],[-123.13397,43.3921],[-123.13371,43.39309],[-123.12815,43.396],[-123.12785,43.39903],[-123.1263,43.40004],[-123.128,43.40167],[-123.12549,43.40143],[-123.12298,43.40371],[-123.12289,43.40463],[-123.12111,43.40507],[-123.12154,43.4066],[-123.12007,43.40663],[-123.11905,43.40761],[-123.1189,43.40917],[-123.11779,43.40916],[-123.11638,43.41072],[-123.11778,43.41106],[-123.11726,43.4119],[-123.1221,43.41335],[-123.1221,43.41622],[-123.12436,43.41648],[-123.12561,43.4156],[-123.12793,43.41629],[-123.12884,43.42003],[-123.13138,43.41993],[-123.13306,43.42095],[-123.13313,43.41945],[-123.13579,43.41848],[-123.13616,43.41752],[-123.13605,43.41535],[-123.13491,43.41528],[-123.13439,43.41342],[-123.13319,43.41317],[-123.13481,43.4119],[-123.13303,43.41094],[-123.13515,43.41045],[-123.13588,43.41148],[-123.13762,43.4114],[-123.1374,43.41287],[-123.13952,43.41439],[-123.14138,43.41217],[-123.14195,43.41028],[-123.14136,43.40884],[-123.14307,43.40593],[-123.14199,43.40348],[-123.14104,43.40381],[-123.14007,43.4031],[-123.13586,43.40417],[-123.13751,43.40133],[-123.14209,43.4009],[-123.14072,43.3991],[-123.14244,43.39865],[-123.14222,43.39736],[-123.14533,43.39816],[-123.14444,43.40117],[-123.14657,43.4017],[-123.15036,43.39878],[-123.15244,43.39847],[-123.15272,43.40054],[-123.15099,43.40316],[-123.15258,43.40618],[-123.15503,43.40586],[-123.15713,43.40277],[-123.1611,43.40652],[-123.16262,43.40569],[-123.16289,43.40434],[-123.16124,43.4042],[-123.16058,43.40322],[-123.16051,43.39987],[-123.16406,43.39795],[-123.16267,43.39689],[-123.16049,43.39823],[-123.16058,43.39556],[-123.15913,43.3956],[-123.15901,43.39439],[-123.15731,43.39378],[-123.15862,43.39172],[-123.15298,43.39462],[-123.15228,43.39313],[-123.14938,43.39609],[-123.14834,43.39354],[-123.14488,43.39266],[-123.14727,43.39141],[-123.1556,43.38984],[-123.15543,43.38877],[-123.15339,43.38955],[-123.15161,43.38803],[-123.14885,43.38815],[-123.15188,43.38587],[-123.15,43.38436],[-123.15043,43.38267],[-123.15472,43.385],[-123.15588,43.38455],[-123.15582,43.3825],[-123.15296,43.37784],[-123.15858,43.38141],[-123.15978,43.3841],[-123.16143,43.38428],[-123.16012,43.38617],[-123.1599,43.38872],[-123.16269,43.38906],[-123.16563,43.38784],[-123.1672,43.38946],[-123.16842,43.38898],[-123.1687,43.38764],[-123.17025,43.38648],[-123.16709,43.38629],[-123.16792,43.38458],[-123.16777,43.38257],[-123.17229,43.38245],[-123.1725,43.38055],[-123.17018,43.38011],[-123.17094,43.37615],[-123.17011,43.37552],[-123.16615,43.3762],[-123.16779,43.37419],[-123.16419,43.372],[-123.16787,43.37245],[-123.16887,43.37039],[-123.17011,43.37292],[-123.17162,43.37345],[-123.17302,43.37083],[-123.17291,43.36869],[-123.1767,43.36718],[-123.17526,43.37067],[-123.17724,43.37121],[-123.17475,43.37611],[-123.17692,43.37725],[-123.17704,43.37803],[-123.18007,43.37842],[-123.17815,43.38076],[-123.17876,43.38225],[-123.18088,43.38362],[-123.18083,43.38443],[-123.18,43.38591],[-123.17766,43.38714],[-123.17735,43.38866],[-123.175,43.38929],[-123.17549,43.39144],[-123.17334,43.3931],[-123.17526,43.3941],[-123.17456,43.39584],[-123.17214,43.39623],[-123.1731,43.39707],[-123.17176,43.40058],[-123.17952,43.39433],[-123.18045,43.38924],[-123.18495,43.38354],[-123.18446,43.38237],[-123.18629,43.38153],[-123.18657,43.37939],[-123.18775,43.3783],[-123.18761,43.37661],[-123.18938,43.37644],[-123.19125,43.37196],[-123.19119,43.37524],[-123.19268,43.37654],[-123.19722,43.37016],[-123.20009,43.3694],[-123.19942,43.36693],[-123.20052,43.36619],[-123.20006,43.36474],[-123.2009,43.3639],[-123.20107,43.36166],[-123.19987,43.35975],[-123.20159,43.35936],[-123.20493,43.36693],[-123.20606,43.36644],[-123.20535,43.36531],[-123.20667,43.3605],[-123.2074,43.36241],[-123.21051,43.36381],[-123.21017,43.36546],[-123.21348,43.36551],[-123.21467,43.36315],[-123.21303,43.36182],[-123.21585,43.36142],[-123.21423,43.35821],[-123.2154,43.35673],[-123.21784,43.35787],[-123.21703,43.35912],[-123.21762,43.3607],[-123.22102,43.36004],[-123.22031,43.36163],[-123.21783,43.36245],[-123.21634,43.36736],[-123.21974,43.36817],[-123.21732,43.36939],[-123.22025,43.37011],[-123.21997,43.37112],[-123.21798,43.37148],[-123.21902,43.37577],[-123.2204,43.3764],[-123.2211,43.37527],[-123.22246,43.37565],[-123.22389,43.3749],[-123.22537,43.37828],[-123.22788,43.37701],[-123.2304,43.37713],[-123.22778,43.37637],[-123.2265,43.37506],[-123.22642,43.37318],[-123.22789,43.37363],[-123.22871,43.37272],[-123.22755,43.37146],[-123.22798,43.36884],[-123.22682,43.36791],[-123.2269,43.36632],[-123.22843,43.36638],[-123.22933,43.36468],[-123.23079,43.36384],[-123.23113,43.36512],[-123.23001,43.36646],[-123.23005,43.36828],[-123.23355,43.37225],[-123.23663,43.36937],[-123.23685,43.36794],[-123.23566,43.36688],[-123.23693,43.36599],[-123.23719,43.36315],[-123.2414,43.36766],[-123.24258,43.36609],[-123.24461,43.36623],[-123.25004,43.36987],[-123.25122,43.36938],[-123.25159,43.36718],[-123.25297,43.36614],[-123.25262,43.36334],[-123.24875,43.36119],[-123.2453,43.36108],[-123.23902,43.35905],[-123.25058,43.35949],[-123.2546,43.36106],[-123.25525,43.35964],[-123.25474,43.35801],[-123.25727,43.35695],[-123.25785,43.35523],[-123.25402,43.35425],[-123.25427,43.35308],[-123.25161,43.35163],[-123.25694,43.34995],[-123.25822,43.35154],[-123.26082,43.35048],[-123.26255,43.35276],[-123.26408,43.35237],[-123.26464,43.34996],[-123.26424,43.34884],[-123.26317,43.3485],[-123.26532,43.34758],[-123.26707,43.34412],[-123.26676,43.34134],[-123.26492,43.33981],[-123.26418,43.34226],[-123.26111,43.34281],[-123.26025,43.34023],[-123.26126,43.33784],[-123.26043,43.33694],[-123.25852,43.33696],[-123.25851,43.3359],[-123.25716,43.33536],[-123.2557,43.33333],[-123.25548,43.33689],[-123.25667,43.33764],[-123.25511,43.33939],[-123.25569,43.34112],[-123.25503,43.34289],[-123.25378,43.34139],[-123.25003,43.34196],[-123.24952,43.34465],[-123.2477,43.34372],[-123.24612,43.34529],[-123.24588,43.34212],[-123.24755,43.33896],[-123.24398,43.34139],[-123.24397,43.3421],[-123.23956,43.34384],[-123.24032,43.34545],[-123.23958,43.34631],[-123.23789,43.34524],[-123.23579,43.34671],[-123.23427,43.34631],[-123.23055,43.34706],[-123.23422,43.3433],[-123.23648,43.34239],[-123.23688,43.3408],[-123.23983,43.33905],[-123.2399,43.33835],[-123.23854,43.33815],[-123.23889,43.33712],[-123.23709,43.3364],[-123.24287,43.33473],[-123.24407,43.3332],[-123.24242,43.33144],[-123.23771,43.3327],[-123.23691,43.33137],[-123.2344,43.33224],[-123.23368,43.33047],[-123.23807,43.32864],[-123.23965,43.32892],[-123.24219,43.32629],[-123.2402,43.32558],[-123.2406,43.32461],[-123.24613,43.32354],[-123.24826,43.322],[-123.2491,43.32043],[-123.24791,43.3183],[-123.24568,43.32153],[-123.24316,43.32075],[-123.23999,43.32208],[-123.23845,43.32174],[-123.23809,43.3226],[-123.23688,43.32241],[-123.23594,43.32327],[-123.23448,43.32339],[-123.23518,43.32123],[-123.23408,43.32046],[-123.23816,43.31731],[-123.2392,43.31445],[-123.24108,43.31356],[-123.24189,43.31131],[-123.24379,43.31085],[-123.24358,43.30973],[-123.24616,43.30926],[-123.24616,43.30775],[-123.24443,43.30646],[-123.24548,43.30575],[-123.24534,43.30427],[-123.24792,43.30306],[-123.24779,43.30185],[-123.2493,43.30095],[-123.2484,43.29966],[-123.25278,43.29527],[-123.25267,43.29419],[-123.24997,43.29259],[-123.24918,43.29398],[-123.24758,43.29403],[-123.24726,43.2951],[-123.24455,43.29417],[-123.24469,43.29648],[-123.24188,43.29643],[-123.24198,43.2979],[-123.24335,43.29953],[-123.24162,43.30127],[-123.23995,43.30171],[-123.23678,43.30083],[-123.23699,43.30417],[-123.23309,43.30333],[-123.23159,43.30215],[-123.23061,43.3032],[-123.23338,43.30669],[-123.23188,43.30733],[-123.23041,43.31078],[-123.22865,43.30983],[-123.22774,43.30604],[-123.22421,43.30766],[-123.22307,43.31027],[-123.22629,43.31133],[-123.22785,43.31346],[-123.22769,43.31476],[-123.2266,43.31554],[-123.22702,43.31765],[-123.2239,43.31995],[-123.22517,43.32067],[-123.22465,43.32174],[-123.22541,43.3241],[-123.22449,43.32519],[-123.22239,43.32462],[-123.22057,43.32599],[-123.21974,43.32534],[-123.22,43.32291],[-123.21923,43.32175],[-123.21532,43.32245],[-123.21493,43.31996],[-123.21306,43.3206],[-123.21212,43.31967],[-123.21088,43.32071],[-123.20911,43.32048],[-123.20784,43.31903],[-123.20846,43.31732],[-123.20668,43.31591],[-123.20587,43.31632],[-123.20524,43.31874],[-123.20706,43.32296],[-123.21091,43.32371],[-123.21434,43.32562],[-123.20686,43.32662],[-123.20553,43.32818],[-123.21,43.33131],[-123.21227,43.33145],[-123.21234,43.33236],[-123.22078,43.33447],[-123.21806,43.3351],[-123.21702,43.33703],[-123.20996,43.33589],[-123.2098,43.33711],[-123.2108,43.33755],[-123.21082,43.33919],[-123.21178,43.3399],[-123.21103,43.34058],[-123.21262,43.34158],[-123.212,43.34319],[-123.21502,43.34564],[-123.21324,43.34576],[-123.21252,43.34686],[-123.21098,43.34489],[-123.20972,43.34645],[-123.20734,43.34533],[-123.20837,43.34418],[-123.20711,43.34138],[-123.20439,43.33932],[-123.20517,43.33784],[-123.20434,43.33706],[-123.20606,43.33483],[-123.20336,43.3322],[-123.20173,43.33174],[-123.197,43.33519],[-123.19554,43.33882],[-123.19615,43.34017],[-123.19434,43.34058],[-123.196,43.34437],[-123.19422,43.34413],[-123.19326,43.34536],[-123.19244,43.34335],[-123.19168,43.34332],[-123.18563,43.34873],[-123.18656,43.34545],[-123.19182,43.34014],[-123.19177,43.33781],[-123.19062,43.33718],[-123.19328,43.33262],[-123.19278,43.33168],[-123.19668,43.32889],[-123.19845,43.32855],[-123.19811,43.32715],[-123.19954,43.32576],[-123.19961,43.32294],[-123.19807,43.32086],[-123.19549,43.32179],[-123.19349,43.32355],[-123.19055,43.3241],[-123.18705,43.32655],[-123.18693,43.32803],[-123.18452,43.32796],[-123.18375,43.32963],[-123.18459,43.33054],[-123.18268,43.33102],[-123.18228,43.33279],[-123.18136,43.33316],[-123.1798,43.33204],[-123.17839,43.33308],[-123.17851,43.33398],[-123.17692,43.33419],[-123.17814,43.33687],[-123.17752,43.338],[-123.17482,43.33631],[-123.17364,43.33698],[-123.1732,43.33866],[-123.17095,43.33818],[-123.1693,43.33923],[-123.16727,43.34178],[-123.17054,43.34426],[-123.16998,43.34544],[-123.16664,43.34382],[-123.16428,43.34492],[-123.16415,43.34617],[-123.16232,43.34575],[-123.15956,43.34798],[-123.15847,43.35199],[-123.15781,43.34771],[-123.15562,43.34775],[-123.1524,43.35016],[-123.15522,43.34709],[-123.15733,43.34604],[-123.1587,43.34669],[-123.16354,43.34329],[-123.16453,43.34226],[-123.1636,43.34137],[-123.1651,43.33986],[-123.16487,43.33919],[-123.16604,43.33906],[-123.17504,43.33063],[-123.17783,43.32918],[-123.18151,43.32376],[-123.18953,43.31796],[-123.18528,43.31844],[-123.18429,43.3192],[-123.17998,43.31895],[-123.17812,43.31989],[-123.17665,43.31776],[-123.1718,43.31888],[-123.17088,43.32108],[-123.1741,43.32315],[-123.17281,43.32357],[-123.1733,43.32505],[-123.17003,43.32881],[-123.16901,43.32403],[-123.16704,43.32385],[-123.16366,43.32567],[-123.16331,43.32391],[-123.16554,43.31934],[-123.16434,43.31926],[-123.163,43.32098],[-123.16099,43.31968],[-123.15964,43.32012],[-123.15907,43.3233],[-123.15724,43.32353],[-123.15638,43.32261],[-123.15511,43.32338],[-123.15217,43.32282],[-123.15316,43.32591],[-123.15529,43.32799],[-123.15502,43.32877],[-123.1531,43.32868],[-123.15424,43.33386],[-123.15114,43.33171],[-123.15121,43.33083],[-123.15024,43.33032],[-123.15091,43.32978],[-123.15064,43.32828],[-123.14957,43.32788],[-123.15002,43.32706],[-123.14727,43.3249],[-123.14552,43.32731],[-123.14562,43.32922],[-123.14404,43.32978],[-123.14309,43.33163],[-123.14174,43.33215],[-123.14506,43.3352],[-123.14226,43.33429],[-123.13945,43.33454],[-123.1382,43.33575],[-123.1388,43.33672],[-123.13769,43.33735],[-123.13788,43.33843],[-123.13521,43.34033],[-123.13644,43.34208],[-123.1388,43.34317],[-123.13694,43.3432],[-123.1355,43.34493],[-123.13532,43.34285],[-123.13333,43.34192],[-123.12852,43.34661],[-123.12811,43.34804],[-123.12686,43.3486],[-123.12634,43.35047],[-123.12972,43.35221],[-123.12592,43.35214],[-123.12406,43.35567],[-123.12437,43.35631],[-123.123,43.35716],[-123.12676,43.35915],[-123.12292,43.35873],[-123.12157,43.36181],[-123.11918,43.36272],[-123.11845,43.36429],[-123.11608,43.36447],[-123.11691,43.3625],[-123.11997,43.36103],[-123.12084,43.35881],[-123.12071,43.35811],[-123.11818,43.3587],[-123.11944,43.35714],[-123.11804,43.35582],[-123.12094,43.35588],[-123.12308,43.35294],[-123.12345,43.34986],[-123.12222,43.35084],[-123.12006,43.3503],[-123.11996,43.34932],[-123.12125,43.34859],[-123.12211,43.34638],[-123.12474,43.34596],[-123.12862,43.34265],[-123.12664,43.34288],[-123.12602,43.34112],[-123.1284,43.34099],[-123.13284,43.33816],[-123.12891,43.33741],[-123.13098,43.33618],[-123.13068,43.33456],[-123.13316,43.33477],[-123.135,43.33377],[-123.13381,43.33331],[-123.13485,43.33166],[-123.13376,43.33084],[-123.13627,43.32881],[-123.13658,43.32756],[-123.1392,43.32606],[-123.13915,43.32357],[-123.14052,43.3221],[-123.13963,43.32139],[-123.13988,43.32005],[-123.13884,43.31988],[-123.13372,43.32254],[-123.13389,43.32133],[-123.13583,43.31933],[-123.13271,43.31922],[-123.13344,43.31797],[-123.13286,43.31328],[-123.13172,43.31274],[-123.12906,43.31422],[-123.12586,43.31996],[-123.12426,43.32112],[-123.12402,43.31647],[-123.11977,43.31891],[-123.12152,43.3149],[-123.12065,43.31479],[-123.11399,43.32251],[-123.11844,43.32464],[-123.11697,43.32593],[-123.11244,43.32458],[-123.1099,43.32577],[-123.10708,43.32847],[-123.10746,43.3296],[-123.1092,43.33067],[-123.10695,43.33258],[-123.1069,43.33337],[-123.10866,43.33425],[-123.10664,43.33475],[-123.1076,43.33575],[-123.10593,43.33629],[-123.10563,43.33767],[-123.10672,43.33819],[-123.10633,43.33989],[-123.10799,43.34137],[-123.10988,43.34133],[-123.11326,43.33884],[-123.11206,43.34152],[-123.11273,43.34242],[-123.1109,43.34244],[-123.10958,43.34406],[-123.11018,43.34682],[-123.10656,43.35368],[-123.107,43.35557],[-123.10553,43.35541],[-123.10429,43.35402],[-123.10527,43.35274],[-123.10513,43.35152],[-123.10828,43.34847],[-123.10674,43.34694],[-123.10469,43.3475],[-123.10612,43.34523],[-123.10544,43.34314],[-123.10398,43.3422],[-123.10167,43.34586],[-123.0992,43.34686],[-123.09849,43.34565],[-123.09982,43.34225],[-123.09874,43.34182],[-123.09884,43.34096],[-123.10081,43.33986],[-123.10114,43.33809],[-123.09763,43.33774],[-123.0969,43.33862],[-123.0946,43.33769],[-123.09519,43.33623],[-123.10015,43.33502],[-123.09725,43.33364],[-123.09695,43.33267],[-123.10071,43.33206],[-123.09998,43.32876],[-123.09708,43.32513],[-123.09459,43.32611],[-123.09291,43.32511],[-123.0933,43.32282],[-123.09228,43.32167],[-123.0882,43.32309],[-123.08794,43.32191],[-123.08674,43.32197],[-123.08592,43.3254],[-123.0835,43.32403],[-123.08211,43.32217],[-123.07782,43.32311],[-123.07753,43.32461],[-123.07666,43.32495],[-123.07697,43.32849],[-123.0813,43.33229],[-123.08081,43.33389],[-123.08251,43.33504],[-123.08271,43.33602],[-123.0808,43.33524],[-123.07925,43.33571],[-123.07736,43.33394],[-123.07523,43.33468],[-123.07703,43.33257],[-123.07609,43.33021],[-123.07328,43.3295],[-123.07149,43.33091],[-123.07101,43.32964],[-123.07336,43.32618],[-123.07025,43.32583],[-123.07307,43.32428],[-123.07216,43.32243],[-123.06856,43.32226],[-123.0673,43.32292],[-123.06352,43.32132],[-123.06149,43.32197],[-123.05705,43.32568],[-123.05615,43.32766],[-123.05651,43.33112],[-123.05263,43.32896],[-123.05168,43.32677],[-123.04983,43.32631],[-123.04821,43.32664],[-123.04813,43.32782],[-123.04702,43.32841],[-123.04469,43.32591],[-123.0429,43.32624],[-123.04424,43.32739],[-123.04326,43.32831],[-123.04277,43.33094],[-123.04118,43.3302],[-123.0398,43.32713],[-123.0361,43.3289],[-123.03432,43.32793],[-123.02458,43.32858],[-123.01736,43.32736],[-123.0169,43.3294],[-123.01517,43.33141],[-123.01619,43.33264],[-123.01382,43.33571],[-123.01076,43.33521],[-123.00952,43.33607],[-123.00779,43.33501],[-123.00501,43.33484],[-123.00419,43.33702],[-123.00096,43.33875],[-122.99559,43.33887],[-122.99369,43.34105],[-122.99372,43.34381],[-122.99106,43.34371],[-122.99147,43.3211],[-123.00147,43.3213],[-123.00378,43.32342],[-123.00504,43.32356],[-123.00473,43.32564],[-123.00605,43.32669],[-123.00653,43.32935],[-123.00798,43.33007],[-123.01105,43.32981],[-123.01224,43.32884],[-123.01327,43.32583],[-123.01863,43.3221],[-123.02409,43.3208],[-123.02531,43.31965],[-123.02928,43.3185],[-123.03257,43.31942],[-123.03429,43.31732],[-123.0328,43.31451],[-123.03276,43.31271],[-123.03432,43.314],[-123.03673,43.31445],[-123.03688,43.31189],[-123.03757,43.31294],[-123.03851,43.31292],[-123.04149,43.30755],[-123.04112,43.31431],[-123.04726,43.31637],[-123.04734,43.31865],[-123.05109,43.31993],[-123.05838,43.31503],[-123.05886,43.31373],[-123.06091,43.3127],[-123.06035,43.31061],[-123.06322,43.31051],[-123.06567,43.30724],[-123.06731,43.30733],[-123.07022,43.30528],[-123.07496,43.30604],[-123.07588,43.3054],[-123.0763,43.30417],[-123.07405,43.30191],[-123.07475,43.30117],[-123.0744,43.30027],[-123.07641,43.30084],[-123.07746,43.29953],[-123.07491,43.29637],[-123.08032,43.29692],[-123.08292,43.29794],[-123.08308,43.29938],[-123.08633,43.29862],[-123.08466,43.29633],[-123.08611,43.29572],[-123.08501,43.29458],[-123.08548,43.29295],[-123.08421,43.29207],[-123.08607,43.29131],[-123.08396,43.28708],[-123.07679,43.28994],[-123.07167,43.28776],[-123.07625,43.28664],[-123.07765,43.28389],[-123.07414,43.27578],[-123.07112,43.27596],[-123.07186,43.27728],[-123.06957,43.27788],[-123.06749,43.28134],[-123.06589,43.28039],[-123.0637,43.28105],[-123.06305,43.28076],[-123.06405,43.27936],[-123.06631,43.27802],[-123.06587,43.2771],[-123.0636,43.27653],[-123.06344,43.27279],[-123.06272,43.2721],[-123.05886,43.27328],[-123.05651,43.2726],[-123.05409,43.27346],[-123.05075,43.27317],[-123.05039,43.2745],[-123.04936,43.27414],[-123.04761,43.27563],[-123.04676,43.27359],[-123.04443,43.27201],[-123.0437,43.2701],[-123.04126,43.26988],[-123.03782,43.2713],[-123.03746,43.27021],[-123.03262,43.26829],[-123.02959,43.27008],[-123.02951,43.26878],[-123.03132,43.2665],[-123.0308,43.2645],[-123.02867,43.26424],[-123.03003,43.26065],[-123.02808,43.26024],[-123.02637,43.26172],[-123.02804,43.25939],[-123.02817,43.25792],[-123.02432,43.25602],[-123.02369,43.25377],[-123.02089,43.25202],[-123.0199,43.24837],[-123.02148,43.24692],[-123.02163,43.24572],[-123.01941,43.24316],[-123.01704,43.24321],[-123.01648,43.24229],[-123.01374,43.24145],[-123.01021,43.24224],[-123.0112,43.24077],[-123.00861,43.23972],[-123.00815,43.23876],[-123.00013,43.23802],[-122.99571,43.23634],[-122.99207,43.23762],[-122.98615,43.23441],[-122.98,43.23236],[-122.96722,43.23206],[-122.98352,43.23095],[-122.991,43.23436],[-122.99812,43.23323],[-122.99901,43.23429],[-123.00332,43.23447],[-123.00665,43.23624],[-123.01464,43.23613],[-123.01625,43.23303],[-123.01724,43.22797],[-123.01685,43.2256],[-123.01829,43.22312],[-123.01715,43.22157],[-123.01686,43.21809],[-123.01795,43.21739],[-123.0162,43.21623],[-123.01822,43.21419],[-123.02142,43.21425],[-123.02163,43.21339],[-123.01996,43.21185],[-123.02136,43.20941],[-123.02078,43.21203],[-123.02253,43.21372],[-123.0214,43.21523],[-123.0196,43.21582],[-123.02042,43.21629],[-123.02049,43.22036],[-123.02219,43.22296],[-123.02012,43.22591],[-123.0209,43.22798],[-123.0192,43.2301],[-123.02009,43.232],[-123.01913,43.23459],[-123.02085,43.23543],[-123.0223,43.23946],[-123.0269,43.23956],[-123.02845,43.24079],[-123.03484,43.23905],[-123.0298,43.24174],[-123.02776,43.24183],[-123.0252,43.24019],[-123.02342,43.24078],[-123.02318,43.24194],[-123.0248,43.24358],[-123.02488,43.24553],[-123.02738,43.24569],[-123.02864,43.25033],[-123.03209,43.253],[-123.0331,43.25592],[-123.03592,43.25755],[-123.03655,43.2588],[-123.03764,43.25731],[-123.04,43.25853],[-123.03698,43.26096],[-123.03682,43.2647],[-123.03817,43.26502],[-123.0428,43.26366],[-123.04359,43.26518],[-123.04716,43.26562],[-123.04763,43.26665],[-123.05266,43.2686],[-123.05449,43.2674],[-123.05489,43.2662],[-123.05999,43.26499],[-123.06124,43.26685],[-123.0647,43.26762],[-123.06636,43.26756],[-123.06824,43.26634],[-123.07035,43.26671],[-123.07034,43.26515],[-123.07289,43.26368],[-123.07183,43.26277],[-123.07396,43.26097],[-123.07333,43.25909],[-123.07551,43.25804],[-123.07411,43.25663],[-123.07466,43.25582],[-123.07419,43.255],[-123.07649,43.25409],[-123.07587,43.25253],[-123.07698,43.25158],[-123.07804,43.24788],[-123.07673,43.24543],[-123.07966,43.24232],[-123.08324,43.24078],[-123.0828,43.24195],[-123.0807,43.24316],[-123.08075,43.24472],[-123.07971,43.24529],[-123.0816,43.24771],[-123.08145,43.25011],[-123.08235,43.25199],[-123.08177,43.25252],[-123.08234,43.25493],[-123.08093,43.25614],[-123.08231,43.25698],[-123.08184,43.25797],[-123.08241,43.25861],[-123.08058,43.26053],[-123.08229,43.26191],[-123.08219,43.2629],[-123.08025,43.26468],[-123.08249,43.26587],[-123.08286,43.2671],[-123.08556,43.26793],[-123.0877,43.27082],[-123.08871,43.27313],[-123.08702,43.2755],[-123.0878,43.27586],[-123.08958,43.27487],[-123.09122,43.27214],[-123.08985,43.27111],[-123.0911,43.26857],[-123.09006,43.26602],[-123.09087,43.26487],[-123.09004,43.26291],[-123.09044,43.26151],[-123.09282,43.25996],[-123.09458,43.25982],[-123.09441,43.25835],[-123.09646,43.25748],[-123.09529,43.25451],[-123.09266,43.25141],[-123.09651,43.25256],[-123.10101,43.25697],[-123.10349,43.25582],[-123.10291,43.25142],[-123.10027,43.24817],[-123.09994,43.24615],[-123.10636,43.25204],[-123.10728,43.25501],[-123.10905,43.25483],[-123.11098,43.25237],[-123.11069,43.25161],[-123.10886,43.25149],[-123.1097,43.24447],[-123.11215,43.24006],[-123.11614,43.24035],[-123.11712,43.24231],[-123.11682,43.24387],[-123.11762,43.24452],[-123.11557,43.24622],[-123.11548,43.24911],[-123.11874,43.24959],[-123.11573,43.2521],[-123.11587,43.25331],[-123.11368,43.25624],[-123.1173,43.25746],[-123.12118,43.25588],[-123.12392,43.25578],[-123.12095,43.25989],[-123.12305,43.26172],[-123.12669,43.26207],[-123.1255,43.26534],[-123.12379,43.26723],[-123.1189,43.26262],[-123.11855,43.26104],[-123.11227,43.2611],[-123.11108,43.2621],[-123.11641,43.26473],[-123.11682,43.26741],[-123.11495,43.26747],[-123.11374,43.26544],[-123.11304,43.26571],[-123.11303,43.26701],[-123.11095,43.2674],[-123.10842,43.26608],[-123.10657,43.26608],[-123.10625,43.26277],[-123.10272,43.2618],[-123.1001,43.26318],[-123.10011,43.26496],[-123.0983,43.26519],[-123.09799,43.26664],[-123.09948,43.26769],[-123.09947,43.27094],[-123.101,43.27172],[-123.10338,43.2716],[-123.10408,43.27292],[-123.1057,43.27367],[-123.10315,43.27711],[-123.1012,43.27696],[-123.09931,43.27852],[-123.10315,43.28066],[-123.10848,43.27751],[-123.11235,43.27753],[-123.11442,43.27629],[-123.11669,43.27665],[-123.12054,43.273],[-123.12193,43.27258],[-123.12269,43.27344],[-123.12395,43.27179],[-123.12434,43.26958],[-123.12544,43.26916],[-123.12572,43.27275],[-123.12936,43.27506],[-123.12635,43.27445],[-123.12504,43.27494],[-123.12365,43.27773],[-123.12651,43.28009],[-123.12517,43.28101],[-123.12208,43.27923],[-123.12125,43.28107],[-123.11996,43.28132],[-123.11722,43.2844],[-123.11525,43.2857],[-123.11136,43.28637],[-123.11135,43.28693],[-123.11593,43.28652],[-123.11878,43.2851],[-123.11864,43.28754],[-123.12094,43.28815],[-123.12345,43.28471],[-123.12715,43.28233],[-123.12876,43.28279],[-123.12955,43.2817],[-123.1308,43.28288],[-123.13296,43.28314],[-123.12498,43.29291],[-123.126,43.29358],[-123.1253,43.29472],[-123.12785,43.29602],[-123.13071,43.29965],[-123.1335,43.29908],[-123.13501,43.29752],[-123.13517,43.29672],[-123.13395,43.29555],[-123.13489,43.29197],[-123.13646,43.29214],[-123.13829,43.29399],[-123.13931,43.29403],[-123.13993,43.2954],[-123.14229,43.29571],[-123.14346,43.29493],[-123.14343,43.29334],[-123.14551,43.292],[-123.14548,43.2908],[-123.14703,43.2886],[-123.14858,43.2887],[-123.15169,43.29087],[-123.15327,43.29075],[-123.15409,43.29393],[-123.15326,43.29615],[-123.15612,43.29475],[-123.15803,43.2925],[-123.15901,43.29467],[-123.16041,43.29507],[-123.15996,43.29815],[-123.16382,43.29405],[-123.16535,43.29519],[-123.16532,43.29659],[-123.1674,43.29672],[-123.16798,43.29755],[-123.1673,43.29876],[-123.16887,43.29937],[-123.1717,43.2958],[-123.17334,43.29508],[-123.17331,43.29398],[-123.1723,43.29302],[-123.17006,43.29588],[-123.16914,43.29596],[-123.16745,43.294],[-123.16749,43.29294],[-123.16444,43.29286],[-123.16315,43.2912],[-123.16627,43.29037],[-123.16288,43.28899],[-123.16365,43.28788],[-123.16629,43.2879],[-123.16619,43.28715],[-123.16798,43.28655],[-123.16815,43.28571],[-123.17035,43.28583],[-123.17048,43.28413],[-123.17199,43.28385],[-123.17159,43.28242],[-123.17254,43.28118],[-123.17151,43.28055],[-123.17044,43.28158],[-123.16854,43.28114],[-123.16771,43.28321],[-123.16673,43.28349],[-123.16512,43.28262],[-123.16277,43.2828],[-123.16094,43.28516],[-123.15844,43.28576],[-123.15325,43.28482],[-123.15286,43.28366],[-123.15506,43.28276],[-123.15477,43.28092],[-123.15718,43.28034],[-123.15608,43.27891],[-123.15883,43.27579],[-123.15671,43.27464],[-123.1573,43.27221],[-123.15453,43.27247],[-123.1544,43.26907],[-123.15252,43.26708],[-123.14781,43.26785],[-123.14536,43.27104],[-123.14101,43.27119],[-123.13985,43.27595],[-123.13696,43.27768],[-123.13793,43.27565],[-123.13673,43.27314],[-123.13513,43.27275],[-123.13579,43.27198],[-123.13504,43.27093],[-123.13688,43.27068],[-123.13748,43.26922],[-123.13965,43.26752],[-123.13731,43.26791],[-123.13768,43.26672],[-123.13623,43.26581],[-123.14139,43.26471],[-123.13799,43.26311],[-123.14305,43.26239],[-123.14108,43.26013],[-123.14575,43.26108],[-123.14546,43.25917],[-123.14805,43.25796],[-123.14566,43.25674],[-123.1438,43.25729],[-123.14348,43.25622],[-123.14188,43.25645],[-123.14111,43.25558],[-123.13897,43.25574],[-123.13998,43.25497],[-123.1395,43.25376],[-123.14256,43.25464],[-123.14357,43.25446],[-123.14395,43.25348],[-123.1458,43.25435],[-123.14684,43.25353],[-123.15096,43.2544],[-123.1518,43.2533],[-123.15026,43.25233],[-123.1531,43.25007],[-123.15294,43.24898],[-123.1514,43.24831],[-123.15037,43.24623],[-123.14771,43.2487],[-123.14737,43.24515],[-123.14494,43.24631],[-123.1437,43.24541],[-123.14275,43.24622],[-123.14126,43.24571],[-123.13922,43.24636],[-123.13772,43.24296],[-123.13429,43.24326],[-123.1344,43.24094],[-123.13836,43.2411],[-123.13955,43.24042],[-123.14201,43.24195],[-123.14811,43.2433],[-123.14992,43.24299],[-123.1508,43.24118],[-123.14872,43.23997],[-123.15074,43.23903],[-123.14892,43.23796],[-123.14971,43.23672],[-123.14778,43.23476],[-123.1462,43.2347],[-123.1464,43.23364],[-123.14462,43.23324],[-123.13958,43.23594],[-123.13817,43.23573],[-123.13592,43.23281],[-123.13982,43.23352],[-123.14197,43.23161],[-123.14292,43.22806],[-123.14403,43.22798],[-123.14511,43.231],[-123.14943,43.23071],[-123.15003,43.23263],[-123.15221,43.23372],[-123.15229,43.23461],[-123.15544,43.23563],[-123.15391,43.23758],[-123.15474,43.23844],[-123.15661,43.23862],[-123.15554,43.23994],[-123.1568,43.24082],[-123.15501,43.24164],[-123.15458,43.24339],[-123.15516,43.24468],[-123.15954,43.24587],[-123.16446,43.24251],[-123.16467,43.24117],[-123.16608,43.24033],[-123.1689,43.23592],[-123.16718,43.23072],[-123.16477,43.22855],[-123.17079,43.22973],[-123.17444,43.22747],[-123.17386,43.22624],[-123.17444,43.22534],[-123.1742,43.22176],[-123.17111,43.2208],[-123.17006,43.2196],[-123.16738,43.21926],[-123.1663,43.21819],[-123.16986,43.21734],[-123.17091,43.21617],[-123.17479,43.21658],[-123.17783,43.21617],[-123.17841,43.21526],[-123.17706,43.21419],[-123.17429,43.21387],[-123.17466,43.21265],[-123.17722,43.21179],[-123.17715,43.21035],[-123.1758,43.21031],[-123.17675,43.20836],[-123.17604,43.20703],[-123.17437,43.20825],[-123.17348,43.20741],[-123.17133,43.20765],[-123.17071,43.20698],[-123.16984,43.20786],[-123.1702,43.20905],[-123.16758,43.20879],[-123.16846,43.21064],[-123.16632,43.20974],[-123.16467,43.21054],[-123.16327,43.21464],[-123.16436,43.21765],[-123.16151,43.219],[-123.16033,43.21924],[-123.1602,43.2175],[-123.16215,43.21308],[-123.16206,43.21096],[-123.15842,43.21176],[-123.15806,43.21292],[-123.15642,43.21234],[-123.15057,43.21388],[-123.15314,43.21109],[-123.15638,43.21044],[-123.15897,43.20858],[-123.16302,43.20737],[-123.16402,43.2067],[-123.16366,43.20603],[-123.16498,43.20573],[-123.16457,43.20515],[-123.16234,43.20582],[-123.15949,43.2053],[-123.16486,43.20262],[-123.1689,43.20258],[-123.17078,43.20451],[-123.18227,43.20152],[-123.18079,43.20014],[-123.17625,43.20023],[-123.17548,43.19787],[-123.17843,43.19866],[-123.17872,43.1963],[-123.18156,43.19862],[-123.18257,43.19662],[-123.18395,43.19632],[-123.18368,43.19938],[-123.18551,43.20116],[-123.18766,43.19961],[-123.18712,43.19858],[-123.18804,43.19818],[-123.18799,43.19709],[-123.1889,43.19668],[-123.1901,43.19741],[-123.19197,43.19633],[-123.19182,43.19787],[-123.19026,43.19924],[-123.19053,43.20094],[-123.19145,43.20091],[-123.19257,43.20221],[-123.19411,43.20127],[-123.19556,43.20305],[-123.20044,43.2036],[-123.20126,43.20277],[-123.19854,43.20147],[-123.19828,43.20014],[-123.20139,43.2011],[-123.20269,43.19861],[-123.20368,43.20123],[-123.20508,43.20168],[-123.20616,43.20088],[-123.20746,43.20114],[-123.20802,43.19966],[-123.2099,43.20019],[-123.21068,43.19944],[-123.21011,43.19756],[-123.20766,43.1947],[-123.2127,43.19663],[-123.21357,43.19783],[-123.2155,43.19683],[-123.21511,43.19596],[-123.216,43.19496],[-123.21129,43.1936],[-123.21288,43.19277],[-123.21265,43.19169],[-123.21472,43.18915],[-123.21671,43.19136],[-123.21778,43.18873],[-123.22021,43.18724],[-123.21972,43.18825],[-123.22035,43.19257],[-123.22231,43.194],[-123.22243,43.19184],[-123.22377,43.19032],[-123.22628,43.19131],[-123.22583,43.18917],[-123.22705,43.189],[-123.22867,43.18725],[-123.2301,43.18695],[-123.23106,43.18788],[-123.23092,43.18971],[-123.23299,43.18933],[-123.23519,43.18639],[-123.23501,43.18556],[-123.2374,43.18416],[-123.2394,43.18515],[-123.24189,43.18436],[-123.24406,43.18083],[-123.24198,43.18043],[-123.24238,43.1788],[-123.24046,43.17894],[-123.23724,43.18058],[-123.23718,43.1814],[-123.23502,43.18218],[-123.23263,43.18197],[-123.23108,43.18317],[-123.23046,43.18113],[-123.22879,43.1815],[-123.22535,43.18007],[-123.22439,43.18155],[-123.223,43.18076],[-123.22138,43.18165],[-123.2231,43.18452],[-123.22074,43.18322],[-123.21978,43.18414],[-123.21836,43.1835],[-123.2173,43.18461],[-123.21431,43.18409],[-123.21419,43.18565],[-123.2119,43.18492],[-123.21272,43.18593],[-123.21136,43.18776],[-123.20918,43.18554],[-123.20856,43.18628],[-123.20557,43.18562],[-123.20533,43.18849],[-123.20275,43.1863],[-123.2,43.18692],[-123.19853,43.18626],[-123.19791,43.18655],[-123.19818,43.18788],[-123.19649,43.18688],[-123.1955,43.18722],[-123.19682,43.18977],[-123.19298,43.18737],[-123.19226,43.18833],[-123.19066,43.18817],[-123.19032,43.18919],[-123.18432,43.18948],[-123.18269,43.19097],[-123.17743,43.18979],[-123.17403,43.1917],[-123.17526,43.18941],[-123.17134,43.18799],[-123.17092,43.1869],[-123.17692,43.18746],[-123.17823,43.18666],[-123.17852,43.18445],[-123.17932,43.18671],[-123.18117,43.18719],[-123.18434,43.18665],[-123.1879,43.18458],[-123.1885,43.18279],[-123.18806,43.18124],[-123.18642,43.18115],[-123.18574,43.18205],[-123.18408,43.18093],[-123.18191,43.18111],[-123.183,43.1802],[-123.18166,43.17826],[-123.18582,43.1798],[-123.18848,43.17969],[-123.18977,43.18065],[-123.1913,43.18003],[-123.19144,43.18124],[-123.19356,43.18206],[-123.19652,43.18104],[-123.19635,43.18245],[-123.20058,43.18294],[-123.21017,43.18012],[-123.21294,43.17721],[-123.21117,43.17728],[-123.21123,43.17548],[-123.20818,43.17649],[-123.20776,43.17748],[-123.20637,43.17683],[-123.20407,43.17796],[-123.20377,43.17671],[-123.20684,43.17466],[-123.20609,43.17372],[-123.2043,43.17379],[-123.20541,43.17194],[-123.20449,43.17052],[-123.20304,43.17075],[-123.19725,43.17569],[-123.1981,43.17189],[-123.19623,43.17276],[-123.19572,43.17188],[-123.19394,43.17195],[-123.19114,43.17429],[-123.18983,43.17414],[-123.19272,43.17113],[-123.19936,43.16978],[-123.19964,43.16882],[-123.19857,43.16891],[-123.19783,43.16794],[-123.19455,43.16914],[-123.1918,43.16801],[-123.18576,43.17073],[-123.18401,43.17013],[-123.18499,43.1694],[-123.18387,43.16903],[-123.18417,43.16764],[-123.18931,43.16627],[-123.18872,43.16432],[-123.1924,43.16564],[-123.19498,43.1652],[-123.19317,43.16253],[-123.1941,43.16191],[-123.19347,43.16069],[-123.19063,43.15973],[-123.18918,43.15511],[-123.19287,43.15835],[-123.20221,43.1595],[-123.19778,43.16104],[-123.1976,43.16327],[-123.20013,43.1658],[-123.20295,43.16627],[-123.20377,43.1654],[-123.20515,43.16602],[-123.20805,43.16316],[-123.20964,43.16266],[-123.20904,43.16561],[-123.20629,43.16798],[-123.21177,43.17006],[-123.21338,43.16966],[-123.21423,43.16787],[-123.21569,43.16783],[-123.21708,43.16914],[-123.2146,43.17258],[-123.21637,43.1726],[-123.22059,43.17029],[-123.22151,43.16881],[-123.22336,43.16913],[-123.22686,43.16726],[-123.22888,43.16498],[-123.22845,43.16353],[-123.22639,43.1635],[-123.22649,43.16251],[-123.22467,43.16118],[-123.22276,43.16198],[-123.22227,43.16372],[-123.22126,43.16293],[-123.21904,43.16318],[-123.21698,43.16443],[-123.21738,43.16228],[-123.22098,43.16042],[-123.22017,43.15832],[-123.21904,43.15831],[-123.2177,43.16046],[-123.21677,43.15844],[-123.21385,43.15901],[-123.21523,43.15743],[-123.21249,43.15504],[-123.21504,43.15501],[-123.21847,43.15625],[-123.21905,43.15515],[-123.21833,43.15371],[-123.21595,43.15407],[-123.21455,43.15306],[-123.21653,43.15295],[-123.21603,43.15174],[-123.2178,43.15146],[-123.21739,43.15029],[-123.22069,43.15112],[-123.22253,43.15256],[-123.22363,43.15419],[-123.22311,43.15575],[-123.22439,43.15614],[-123.2241,43.1577],[-123.22628,43.15808],[-123.22655,43.15898],[-123.23139,43.1621],[-123.23322,43.16125],[-123.23273,43.15985],[-123.2356,43.1547],[-123.23504,43.1541],[-123.23236,43.15534],[-123.22854,43.15575],[-123.22967,43.15283],[-123.22581,43.15367],[-123.22694,43.15052],[-123.22464,43.14959],[-123.22334,43.15014],[-123.22254,43.14838],[-123.21987,43.14795],[-123.21984,43.1472],[-123.22477,43.14873],[-123.22554,43.14822],[-123.22538,43.14721],[-123.2276,43.14768],[-123.23235,43.15032],[-123.23287,43.14756],[-123.22717,43.14504],[-123.22899,43.1439],[-123.23299,43.1449],[-123.23652,43.14426],[-123.24058,43.1456],[-123.24181,43.14213],[-123.24062,43.14034],[-123.24093,43.13838],[-123.24442,43.1401],[-123.24457,43.14096],[-123.2463,43.14051],[-123.24612,43.1436],[-123.24701,43.14414],[-123.24909,43.14268],[-123.25107,43.14261],[-123.2514,43.14136],[-123.25064,43.13985],[-123.25411,43.13892],[-123.25432,43.13738],[-123.25328,43.13667],[-123.255,43.13602],[-123.2571,43.13681],[-123.25748,43.13425],[-123.2599,43.13665],[-123.26159,43.1372],[-123.26157,43.13852],[-123.26435,43.14175],[-123.26657,43.14246],[-123.26714,43.1416],[-123.26601,43.1411],[-123.26603,43.13917],[-123.26852,43.13784],[-123.26583,43.13799],[-123.26616,43.13595],[-123.26519,43.13557],[-123.26201,43.13681],[-123.26573,43.13176],[-123.26517,43.13081],[-123.26159,43.12991],[-123.26245,43.12926],[-123.26163,43.12875],[-123.26206,43.12738],[-123.26693,43.12952],[-123.26657,43.12733],[-123.2709,43.12948],[-123.27336,43.12889],[-123.27423,43.12751],[-123.27758,43.12617],[-123.27674,43.12553],[-123.27498,43.12626],[-123.27358,43.12437],[-123.2692,43.12465],[-123.26838,43.12397],[-123.26912,43.12324],[-123.26827,43.12172],[-123.27126,43.12276],[-123.27663,43.12144],[-123.28079,43.12242],[-123.28008,43.12058],[-123.27857,43.12039],[-123.279,43.11853],[-123.27708,43.11638],[-123.27771,43.11616],[-123.27999,43.1167],[-123.28148,43.11617],[-123.28228,43.11677],[-123.28224,43.11861],[-123.28406,43.11861],[-123.28546,43.1203],[-123.28922,43.12165],[-123.29183,43.11946],[-123.29216,43.11531],[-123.29069,43.11528],[-123.29143,43.11372],[-123.28762,43.1146],[-123.28741,43.11378],[-123.28579,43.11403],[-123.28452,43.11316],[-123.2812,43.11393],[-123.28129,43.11299],[-123.27878,43.11236],[-123.28021,43.11198],[-123.28068,43.10908],[-123.28243,43.11143],[-123.28329,43.11061],[-123.28433,43.11145],[-123.2856,43.11083],[-123.28773,43.112],[-123.29025,43.11084],[-123.29003,43.10758],[-123.29244,43.10973],[-123.2929,43.11151],[-123.29697,43.10886],[-123.29434,43.11332],[-123.29648,43.1151],[-123.29664,43.11644],[-123.2984,43.1185],[-123.30003,43.11746],[-123.30298,43.11717],[-123.30425,43.11766],[-123.30472,43.11985],[-123.30344,43.1222],[-123.30144,43.12196],[-123.30127,43.12374],[-123.29767,43.12272],[-123.29784,43.12383],[-123.29556,43.12492],[-123.29393,43.12702],[-123.29629,43.12959],[-123.29735,43.12864],[-123.299,43.12945],[-123.30054,43.1277],[-123.302,43.12852],[-123.30715,43.1271],[-123.30846,43.12753],[-123.31309,43.12495],[-123.31009,43.12454],[-123.30955,43.12335],[-123.30728,43.12287],[-123.307,43.12205],[-123.30874,43.12091],[-123.30918,43.11838],[-123.31118,43.11893],[-123.31328,43.11715],[-123.31477,43.11213],[-123.31806,43.11393],[-123.31952,43.11377],[-123.32182,43.11795],[-123.32099,43.12008],[-123.32231,43.11979],[-123.3235,43.11734],[-123.32202,43.11522],[-123.3221,43.11336],[-123.32441,43.1126],[-123.32311,43.11194],[-123.32401,43.11087],[-123.32369,43.10915],[-123.32185,43.10791],[-123.32464,43.10726],[-123.32557,43.10614],[-123.3269,43.10579],[-123.32711,43.1078],[-123.32895,43.10883],[-123.33072,43.10746],[-123.3349,43.10621],[-123.3356,43.10837],[-123.34105,43.10771],[-123.34145,43.10991],[-123.34016,43.11095],[-123.34071,43.11177],[-123.33999,43.11254],[-123.34176,43.1135],[-123.3395,43.11556],[-123.34046,43.11611],[-123.34387,43.11299],[-123.34786,43.1127],[-123.34806,43.11071],[-123.34982,43.10982],[-123.35268,43.1091],[-123.35421,43.1108],[-123.35624,43.10609],[-123.35385,43.10241],[-123.35658,43.10378],[-123.36271,43.10427],[-123.36421,43.10348],[-123.36338,43.10007],[-123.36383,43.09924],[-123.36305,43.09859],[-123.36405,43.09756],[-123.36299,43.09618],[-123.3618,43.09605],[-123.36101,43.09407],[-123.36263,43.08956],[-123.36074,43.08932],[-123.36169,43.08782],[-123.36133,43.08668],[-123.35834,43.08942],[-123.35594,43.09027],[-123.35862,43.0865],[-123.35763,43.08552],[-123.35933,43.08155],[-123.35761,43.07964],[-123.3543,43.08124],[-123.35348,43.07986],[-123.35529,43.07742],[-123.35378,43.07732],[-123.35223,43.0787],[-123.35306,43.08297],[-123.35157,43.08804],[-123.35132,43.08649],[-123.34976,43.08504],[-123.35003,43.08377],[-123.34878,43.08129],[-123.34663,43.0805],[-123.34531,43.08328],[-123.34224,43.0829],[-123.34091,43.0847],[-123.3428,43.08876],[-123.34034,43.08861],[-123.33808,43.08714],[-123.33734,43.08786],[-123.33778,43.09022],[-123.34212,43.09336],[-123.3411,43.09382],[-123.33853,43.09275],[-123.33498,43.09263],[-123.33626,43.09497],[-123.33341,43.09457],[-123.3335,43.09694],[-123.33133,43.09466],[-123.3304,43.09468],[-123.32908,43.09539],[-123.32809,43.09832],[-123.32673,43.09828],[-123.32515,43.10024],[-123.32346,43.10067],[-123.32524,43.09677],[-123.32393,43.09696],[-123.32425,43.09574],[-123.32313,43.09504],[-123.32071,43.09788],[-123.32034,43.09396],[-123.31801,43.09392],[-123.31718,43.09522],[-123.31586,43.09483],[-123.3133,43.09593],[-123.31313,43.09713],[-123.31173,43.09666],[-123.3105,43.09739],[-123.30955,43.09924],[-123.311,43.10199],[-123.30927,43.1034],[-123.30964,43.10173],[-123.309,43.10098],[-123.30627,43.10132],[-123.30751,43.09983],[-123.30687,43.0989],[-123.30319,43.09968],[-123.30285,43.09709],[-123.29946,43.09722],[-123.2963,43.1003],[-123.29792,43.09676],[-123.29448,43.09698],[-123.29142,43.09874],[-123.2908,43.09842],[-123.2905,43.09766],[-123.29194,43.09769],[-123.29341,43.09633],[-123.29199,43.09516],[-123.29614,43.0951],[-123.29532,43.0928],[-123.29667,43.09092],[-123.29608,43.08893],[-123.29747,43.09011],[-123.29734,43.09317],[-123.29889,43.09464],[-123.30488,43.09447],[-123.30779,43.09532],[-123.31033,43.09435],[-123.30993,43.09288],[-123.31099,43.09232],[-123.31336,43.09291],[-123.31591,43.09116],[-123.32181,43.091],[-123.32372,43.09022],[-123.32466,43.09121],[-123.32665,43.09091],[-123.32969,43.08982],[-123.3328,43.0872],[-123.33292,43.08568],[-123.32881,43.08817],[-123.32845,43.08635],[-123.32934,43.08528],[-123.3285,43.084],[-123.32727,43.08384],[-123.32392,43.08531],[-123.32207,43.08448],[-123.321,43.08595],[-123.31936,43.08657],[-123.31902,43.08474],[-123.31758,43.08468],[-123.31116,43.0872],[-123.31174,43.085],[-123.31037,43.08311],[-123.30808,43.08252],[-123.30411,43.08364],[-123.30361,43.08254],[-123.30098,43.08192],[-123.3081,43.08013],[-123.30554,43.07704],[-123.30956,43.07886],[-123.31175,43.07868],[-123.31259,43.08087],[-123.31445,43.08074],[-123.31596,43.0819],[-123.31939,43.0814],[-123.32078,43.08033],[-123.32188,43.08028],[-123.32258,43.0813],[-123.32455,43.08124],[-123.32588,43.08062],[-123.32578,43.07979],[-123.32883,43.08066],[-123.32972,43.07984],[-123.33186,43.08011],[-123.33254,43.07802],[-123.33397,43.07784],[-123.3342,43.07693],[-123.33722,43.07529],[-123.3442,43.0736],[-123.34498,43.07196],[-123.34431,43.0707],[-123.34162,43.07073],[-123.34056,43.07225],[-123.3391,43.07202],[-123.33792,43.07289],[-123.33691,43.07234],[-123.33533,43.07439],[-123.33348,43.07369],[-123.3315,43.07539],[-123.3303,43.07518],[-123.33014,43.07604],[-123.32765,43.07642],[-123.32631,43.07446],[-123.3265,43.0733],[-123.32561,43.07301],[-123.32326,43.07477],[-123.32109,43.07466],[-123.31968,43.076],[-123.31792,43.0755],[-123.31517,43.07649],[-123.31498,43.075],[-123.31692,43.07292],[-123.31555,43.07179],[-123.31383,43.07164],[-123.31378,43.07013],[-123.31594,43.06905],[-123.31483,43.0682],[-123.31585,43.06749],[-123.31485,43.06588],[-123.3172,43.0665],[-123.31883,43.0683],[-123.32286,43.06913],[-123.32394,43.06851],[-123.32264,43.06699],[-123.32327,43.0659],[-123.32703,43.06616],[-123.32747,43.06516],[-123.32936,43.06515],[-123.33172,43.06335],[-123.33115,43.06237],[-123.32831,43.06339],[-123.32703,43.06135],[-123.32396,43.06092],[-123.32261,43.05951],[-123.32424,43.05693],[-123.32338,43.05541],[-123.3158,43.05479],[-123.31845,43.05295],[-123.31725,43.05157],[-123.31766,43.05099],[-123.32267,43.04891],[-123.32197,43.04701],[-123.32248,43.04559],[-123.32143,43.0453],[-123.32111,43.0443],[-123.32341,43.04358],[-123.32107,43.04151],[-123.3221,43.03682],[-123.31671,43.03664],[-123.31386,43.03522],[-123.30854,43.03821],[-123.30774,43.03427],[-123.3019,43.03543],[-123.29772,43.03792],[-123.2984,43.03522],[-123.29502,43.03421],[-123.29501,43.03003],[-123.29203,43.02965],[-123.2904,43.0317],[-123.28757,43.03207],[-123.28523,43.03411],[-123.2863,43.03515],[-123.28275,43.03738],[-123.28342,43.03964],[-123.28009,43.03836],[-123.27878,43.03875],[-123.28112,43.04089],[-123.28155,43.04239],[-123.27727,43.04135],[-123.27704,43.04463],[-123.27489,43.04476],[-123.27719,43.04803],[-123.2802,43.04972],[-123.27835,43.0504],[-123.27708,43.04984],[-123.2744,43.05134],[-123.27046,43.04909],[-123.2706,43.04776],[-123.26888,43.04537],[-123.26578,43.0478],[-123.26357,43.04788],[-123.26176,43.04695],[-123.26294,43.04951],[-123.2652,43.05052],[-123.26466,43.05523],[-123.26375,43.05608],[-123.26632,43.05848],[-123.26682,43.06105],[-123.26177,43.05817],[-123.26285,43.06116],[-123.26052,43.06099],[-123.25988,43.06187],[-123.26034,43.06298],[-123.25899,43.06376],[-123.2579,43.06281],[-123.25637,43.06352],[-123.26113,43.06787],[-123.26045,43.0695],[-123.2612,43.0706],[-123.26019,43.06983],[-123.25948,43.06758],[-123.25712,43.06678],[-123.25583,43.06713],[-123.25278,43.0715],[-123.25321,43.07342],[-123.25071,43.07612],[-123.25112,43.07722],[-123.24922,43.07743],[-123.2462,43.07926],[-123.24795,43.08226],[-123.24595,43.08115],[-123.24414,43.08115],[-123.237,43.08676],[-123.23854,43.08312],[-123.23816,43.08184],[-123.24176,43.07903],[-123.24084,43.07767],[-123.24388,43.0772],[-123.24616,43.0749],[-123.2454,43.07334],[-123.24864,43.07229],[-123.24798,43.07042],[-123.24953,43.0705],[-123.2495,43.06914],[-123.25185,43.06734],[-123.25152,43.06618],[-123.24928,43.06609],[-123.25023,43.06548],[-123.24977,43.0647],[-123.25154,43.06402],[-123.25102,43.0629],[-123.25163,43.06237],[-123.25672,43.05998],[-123.25742,43.05871],[-123.25656,43.05784],[-123.25811,43.05704],[-123.25826,43.05559],[-123.2545,43.05366],[-123.25251,43.05505],[-123.25254,43.05641],[-123.24895,43.05675],[-123.24797,43.05972],[-123.24644,43.05768],[-123.24336,43.05842],[-123.2402,43.06051],[-123.24041,43.05961],[-123.23925,43.05917],[-123.24171,43.05783],[-123.2417,43.05688],[-123.24524,43.05571],[-123.24593,43.05395],[-123.24755,43.05379],[-123.24874,43.05153],[-123.25089,43.0513],[-123.251,43.0504],[-123.25413,43.04839],[-123.25432,43.04633],[-123.25278,43.04551],[-123.25023,43.0464],[-123.24975,43.04569],[-123.24277,43.04758],[-123.23664,43.05182],[-123.23752,43.04706],[-123.23594,43.04646],[-123.23549,43.04522],[-123.23448,43.04522],[-123.23259,43.04651],[-123.231,43.04654],[-123.23134,43.04912],[-123.22814,43.04888],[-123.22606,43.05329],[-123.22586,43.05439],[-123.22705,43.05524],[-123.22645,43.05768],[-123.22956,43.0583],[-123.2291,43.05942],[-123.22736,43.05942],[-123.22627,43.06039],[-123.22694,43.06304],[-123.22907,43.06422],[-123.22766,43.06496],[-123.22848,43.06747],[-123.22632,43.06986],[-123.2257,43.06852],[-123.22676,43.06705],[-123.22608,43.0656],[-123.22295,43.06423],[-123.223,43.0634],[-123.22125,43.06328],[-123.22332,43.06149],[-123.22164,43.06062],[-123.22286,43.05976],[-123.22261,43.05648],[-123.22016,43.05625],[-123.22182,43.05424],[-123.2226,43.05021],[-123.21972,43.05236],[-123.21954,43.05334],[-123.21459,43.05537],[-123.21252,43.05274],[-123.2116,43.05323],[-123.21199,43.05642],[-123.21086,43.05651],[-123.2103,43.05848],[-123.21222,43.06015],[-123.21011,43.06069],[-123.2104,43.06169],[-123.20738,43.06276],[-123.20816,43.06411],[-123.21053,43.06456],[-123.20973,43.06728],[-123.21308,43.06942],[-123.21457,43.07413],[-123.21266,43.07336],[-123.2108,43.07007],[-123.20919,43.06909],[-123.20579,43.06902],[-123.20562,43.06646],[-123.20408,43.06394],[-123.20218,43.06511],[-123.20108,43.06857],[-123.20005,43.06925],[-123.19982,43.07361],[-123.19896,43.07405],[-123.19847,43.07614],[-123.20366,43.07778],[-123.20508,43.07977],[-123.20277,43.07899],[-123.2007,43.08034],[-123.20001,43.07897],[-123.19834,43.07824],[-123.1954,43.08236],[-123.19785,43.08396],[-123.19991,43.08329],[-123.20136,43.08466],[-123.19849,43.08546],[-123.19852,43.08643],[-123.20502,43.09068],[-123.21008,43.0924],[-123.21204,43.09163],[-123.21136,43.09323],[-123.21308,43.0952],[-123.21369,43.09768],[-123.21301,43.09782],[-123.21173,43.09578],[-123.20954,43.09444],[-123.20701,43.09492],[-123.20693,43.09397],[-123.20545,43.0935],[-123.20229,43.09683],[-123.20293,43.09277],[-123.19841,43.09092],[-123.19404,43.09553],[-123.19494,43.09765],[-123.19464,43.10222],[-123.19005,43.0995],[-123.19052,43.09852],[-123.18971,43.09545],[-123.19096,43.09504],[-123.19086,43.09388],[-123.19175,43.0936],[-123.19264,43.09112],[-123.19095,43.08956],[-123.19326,43.08891],[-123.19294,43.08473],[-123.19131,43.08158],[-123.18959,43.08239],[-123.18892,43.08469],[-123.18749,43.08336],[-123.18562,43.08373],[-123.18508,43.08591],[-123.18362,43.08454],[-123.18196,43.08541],[-123.1812,43.08426],[-123.17882,43.08435],[-123.17735,43.08747],[-123.17591,43.08487],[-123.17275,43.08634],[-123.17304,43.0888],[-123.17162,43.08739],[-123.17034,43.08722],[-123.16879,43.08995],[-123.17276,43.09487],[-123.17148,43.10064],[-123.17232,43.10153],[-123.17093,43.10192],[-123.17197,43.10486],[-123.17481,43.10755],[-123.1746,43.1099],[-123.17272,43.11271],[-123.17289,43.11363],[-123.17146,43.11296],[-123.16796,43.11504],[-123.17176,43.11037],[-123.17192,43.10866],[-123.17004,43.10588],[-123.16922,43.10577],[-123.16757,43.10259],[-123.16373,43.10299],[-123.1598,43.10446],[-123.14845,43.1126],[-123.13927,43.11504],[-123.14303,43.11261],[-123.14532,43.1126],[-123.1491,43.11043],[-123.15651,43.10239],[-123.16743,43.0993],[-123.16821,43.09727],[-123.16802,43.09606],[-123.16674,43.09552],[-123.16633,43.09339],[-123.16517,43.0932],[-123.1651,43.09208],[-123.16396,43.09174],[-123.16556,43.0871],[-123.16388,43.08719],[-123.16295,43.0884],[-123.16211,43.08698],[-123.15688,43.08751],[-123.15203,43.08924],[-123.15187,43.09029],[-123.14957,43.09066],[-123.14914,43.09184],[-123.14837,43.09163],[-123.14365,43.09487],[-123.14012,43.09531],[-123.13831,43.09766],[-123.13454,43.10014],[-123.13931,43.09467],[-123.1445,43.09186],[-123.14954,43.08758],[-123.16156,43.08321],[-123.16432,43.08079],[-123.16434,43.08351],[-123.16848,43.0838],[-123.17086,43.08173],[-123.1737,43.08101],[-123.17392,43.08005],[-123.17545,43.0804],[-123.17967,43.07903],[-123.18584,43.07904],[-123.18676,43.07861],[-123.18676,43.07738],[-123.19312,43.0771],[-123.18974,43.07384],[-123.19181,43.07172],[-123.19153,43.07065],[-123.183,43.07106],[-123.18426,43.07041],[-123.18389,43.06956],[-123.18802,43.06886],[-123.18798,43.06674],[-123.19005,43.06844],[-123.19465,43.0689],[-123.19308,43.0644],[-123.19566,43.06437],[-123.19596,43.06288],[-123.19484,43.06171],[-123.19768,43.05993],[-123.19571,43.05811],[-123.20304,43.05787],[-123.2025,43.05705],[-123.2036,43.05648],[-123.20254,43.05321],[-123.20088,43.05249],[-123.20508,43.05053],[-123.20436,43.04954],[-123.2072,43.04862],[-123.2071,43.04674],[-123.21078,43.04589],[-123.21333,43.04644],[-123.21267,43.04422],[-123.21724,43.04586],[-123.22006,43.04436],[-123.2203,43.04347],[-123.22312,43.04403],[-123.22352,43.04258],[-123.22518,43.04131],[-123.23137,43.03951],[-123.23579,43.03984],[-123.23823,43.03831],[-123.24628,43.03563],[-123.25209,43.03732],[-123.25286,43.03558],[-123.25041,43.03536],[-123.24928,43.03428],[-123.25014,43.03214],[-123.24797,43.03219],[-123.24787,43.03024],[-123.24464,43.02984],[-123.24213,43.03208],[-123.23811,43.03256],[-123.2401,43.03034],[-123.23977,43.02926],[-123.24142,43.02726],[-123.23874,43.02634],[-123.23285,43.03104],[-123.23104,43.03183],[-123.22991,43.03108],[-123.22804,43.03118],[-123.22888,43.03615],[-123.22624,43.03515],[-123.22431,43.0372],[-123.22068,43.03745],[-123.22391,43.03354],[-123.22393,43.03197],[-123.22256,43.03264],[-123.2208,43.032],[-123.21888,43.03298],[-123.21792,43.0324],[-123.21636,43.03305],[-123.21349,43.03278],[-123.21658,43.02951],[-123.21405,43.02957],[-123.21129,43.02837],[-123.21093,43.02748],[-123.20861,43.02798],[-123.20905,43.02576],[-123.20514,43.02579],[-123.20248,43.02731],[-123.20253,43.02896],[-123.20117,43.03089],[-123.1999,43.02958],[-123.19565,43.03387],[-123.1956,43.03504],[-123.19427,43.03548],[-123.19557,43.03734],[-123.19447,43.03851],[-123.19298,43.03835],[-123.1933,43.04062],[-123.19439,43.04196],[-123.18682,43.03848],[-123.18951,43.04221],[-123.19107,43.04301],[-123.18836,43.04808],[-123.18474,43.05119],[-123.18433,43.05236],[-123.18246,43.05238],[-123.18484,43.04883],[-123.18662,43.04428],[-123.18588,43.0413],[-123.18392,43.04161],[-123.18278,43.04306],[-123.18018,43.04169],[-123.17871,43.04317],[-123.17714,43.04115],[-123.17719,43.03949],[-123.17499,43.03841],[-123.17297,43.04106],[-123.17269,43.03836],[-123.16929,43.03886],[-123.16737,43.03752],[-123.1658,43.0386],[-123.16493,43.03722],[-123.16056,43.03792],[-123.16012,43.03881],[-123.16069,43.03994],[-123.16063,43.04541],[-123.16151,43.04678],[-123.1612,43.04751],[-123.15922,43.04405],[-123.15767,43.03786],[-123.15477,43.03754],[-123.15173,43.03894],[-123.15071,43.04044],[-123.14886,43.04047],[-123.14877,43.04154],[-123.147,43.04237],[-123.14442,43.0468],[-123.14349,43.05281],[-123.14196,43.05487],[-123.14261,43.05128],[-123.1423,43.04625],[-123.14398,43.04198],[-123.14168,43.03956],[-123.13739,43.03916],[-123.13666,43.04099],[-123.13563,43.03987],[-123.13584,43.03851],[-123.13125,43.03736],[-123.13004,43.0377],[-123.1295,43.03571],[-123.12513,43.03348],[-123.1165,43.03312],[-123.11536,43.03414],[-123.11405,43.03362],[-123.11295,43.03466],[-123.11349,43.03239],[-123.10661,43.03099],[-123.10476,43.03152],[-123.10402,43.03069],[-123.10923,43.02941],[-123.11765,43.03065],[-123.1264,43.03068],[-123.1317,43.0324],[-123.13381,43.03398],[-123.14411,43.03445],[-123.15018,43.03222],[-123.15046,43.0308],[-123.15189,43.03165],[-123.15654,43.03215],[-123.1606,43.03147],[-123.16214,43.0322],[-123.1705,43.03086],[-123.17349,43.03184],[-123.17507,43.03065],[-123.17637,43.03231],[-123.1825,43.03533],[-123.18656,43.0324],[-123.18518,43.03174],[-123.18624,43.03114],[-123.18423,43.02898],[-123.18729,43.02865],[-123.18657,43.02775],[-123.18939,43.02736],[-123.19033,43.02525],[-123.19278,43.02471],[-123.18938,43.0222],[-123.19697,43.02113],[-123.19713,43.0203],[-123.20044,43.02028],[-123.2015,43.01833],[-123.2008,43.01721],[-123.20285,43.01639],[-123.20634,43.01247],[-123.20708,43.00957],[-123.20826,43.01043],[-123.21197,43.00984],[-123.21071,43.01059],[-123.20789,43.01488],[-123.20871,43.01617],[-123.20731,43.0189],[-123.20844,43.02007],[-123.21338,43.02045],[-123.21764,43.02213],[-123.22046,43.0182],[-123.22204,43.01756],[-123.22263,43.02171],[-123.22117,43.02313],[-123.22161,43.02408],[-123.22491,43.02419],[-123.22723,43.023],[-123.23324,43.02251],[-123.23067,43.02021],[-123.23069,43.01953],[-123.2329,43.01929],[-123.23517,43.02026],[-123.2389,43.02015],[-123.24657,43.02162],[-123.24799,43.02416],[-123.24905,43.0234],[-123.25212,43.0247],[-123.25292,43.02383],[-123.25246,43.02224],[-123.25067,43.02218],[-123.25074,43.02003],[-123.24939,43.01949],[-123.24702,43.02052],[-123.24668,43.01952],[-123.24544,43.01916],[-123.24539,43.0168],[-123.24342,43.01642],[-123.2435,43.01536],[-123.24262,43.01462],[-123.24129,43.01487],[-123.24109,43.01394],[-123.23901,43.01342],[-123.24071,43.01228],[-123.23988,43.01193],[-123.24006,43.01078],[-123.23922,43.00979],[-123.23648,43.01024],[-123.23235,43.00956],[-123.2362,43.00802],[-123.24007,43.00772],[-123.23967,43.00586],[-123.24126,43.00582],[-123.24152,43.00409],[-123.24408,43.00487],[-123.2425,43.00796],[-123.2453,43.00788],[-123.24374,43.00957],[-123.24415,43.01073],[-123.24557,43.01113],[-123.24649,43.013],[-123.24842,43.0122],[-123.24865,43.01435],[-123.24945,43.01481],[-123.25328,43.0148],[-123.25422,43.01708],[-123.2565,43.01416],[-123.2591,43.0128],[-123.25935,43.00948],[-123.25793,43.00884],[-123.25823,43.00783],[-123.26263,43.00857],[-123.26378,43.00514],[-123.26254,43.00402],[-123.26077,43.00464],[-123.259,43.0026],[-123.26131,43.00162],[-123.2613,43.00053],[-123.25414,42.99969],[-123.25331,42.99807],[-123.25434,42.99751],[-123.25685,42.9981],[-123.25642,42.99719],[-123.25716,42.99646],[-123.26001,42.99765],[-123.26249,42.99768],[-123.2633,42.99657],[-123.26208,42.99523],[-123.26227,42.99444],[-123.26456,42.99543],[-123.26736,42.99361],[-123.27002,42.99385],[-123.26681,42.99552],[-123.26722,42.99645],[-123.26586,42.99696],[-123.26645,42.99887],[-123.2653,43.00004],[-123.26628,43.00153],[-123.2688,43.00192],[-123.26755,43.00369],[-123.26896,43.00475],[-123.26896,43.00702],[-123.27209,43.00724],[-123.27267,43.00352],[-123.27355,43.00242],[-123.27514,43.00494],[-123.28176,43.00206],[-123.28302,43.00082],[-123.28298,42.99828],[-123.28468,43.00153],[-123.28351,43.00397],[-123.28258,43.00425],[-123.28342,43.00537],[-123.28093,43.00571],[-123.28169,43.0073],[-123.28312,43.00728],[-123.28583,43.005],[-123.28582,43.00402],[-123.28939,43.00077],[-123.2906,42.9984],[-123.2932,42.99658],[-123.29381,42.99412],[-123.29557,42.99409],[-123.29711,42.9924],[-123.29903,42.9926],[-123.29946,42.99106],[-123.30436,42.98873],[-123.3105,42.98695],[-123.3096,42.98619],[-123.30534,42.98644],[-123.30544,42.98511],[-123.29904,42.98602],[-123.2987,42.9852],[-123.29693,42.98495],[-123.29166,42.98532],[-123.29037,42.9842],[-123.29825,42.98386],[-123.30007,42.98313],[-123.29948,42.98062],[-123.29605,42.9776],[-123.30108,42.97983],[-123.30281,42.98305],[-123.30673,42.98133],[-123.30936,42.98273],[-123.31234,42.98224],[-123.31556,42.98402],[-123.3182,42.98307],[-123.31695,42.98098],[-123.31545,42.98051],[-123.31576,42.97824],[-123.31344,42.97601],[-123.31686,42.97398],[-123.31943,42.97046],[-123.32461,42.96787],[-123.32484,42.96663],[-123.32689,42.96481],[-123.32672,42.96374],[-123.32356,42.96407],[-123.32371,42.96226],[-123.32202,42.96182],[-123.32251,42.95851],[-123.32657,42.95367],[-123.32229,42.95612],[-123.32057,42.95891],[-123.31929,42.95933],[-123.31894,42.96088],[-123.31772,42.96118],[-123.31679,42.96359],[-123.31428,42.96306],[-123.31201,42.96495],[-123.31037,42.96867],[-123.30939,42.96729],[-123.30706,42.96748],[-123.30712,42.96668],[-123.30322,42.96576],[-123.29984,42.96812],[-123.29931,42.96754],[-123.30045,42.96601],[-123.30078,42.96307],[-123.30017,42.9623],[-123.2977,42.96382],[-123.29873,42.96219],[-123.29846,42.9598],[-123.30206,42.95506],[-123.30235,42.95273],[-123.29683,42.95526],[-123.29406,42.95487],[-123.29379,42.95635],[-123.29177,42.95599],[-123.28964,42.95801],[-123.28845,42.95807],[-123.28904,42.95568],[-123.29138,42.95313],[-123.2902,42.9524],[-123.2886,42.95334],[-123.28775,42.95242],[-123.28844,42.95118],[-123.28667,42.95035],[-123.28463,42.95099],[-123.28244,42.95328],[-123.28011,42.95909],[-123.27755,42.95688],[-123.27585,42.95732],[-123.27264,42.95663],[-123.26575,42.95825],[-123.2628,42.9609],[-123.26126,42.9606],[-123.26093,42.96152],[-123.26019,42.96089],[-123.25823,42.96132],[-123.26052,42.95941],[-123.26072,42.9582],[-123.25813,42.95682],[-123.25772,42.95582],[-123.25562,42.95556],[-123.25491,42.95458],[-123.25264,42.95566],[-123.25177,42.95348],[-123.2488,42.95327],[-123.24782,42.95455],[-123.24788,42.95701],[-123.24612,42.95651],[-123.24361,42.96017],[-123.24277,42.9642],[-123.24368,42.96526],[-123.24354,42.96753],[-123.248,42.9722],[-123.25004,42.97605],[-123.24762,42.97256],[-123.24454,42.97089],[-123.24145,42.96736],[-123.23992,42.96283],[-123.24044,42.95854],[-123.23614,42.96165],[-123.23212,42.96328],[-123.23144,42.96486],[-123.23295,42.96587],[-123.23445,42.96572],[-123.23386,42.96694],[-123.23525,42.96793],[-123.23629,42.97124],[-123.23338,42.96831],[-123.22935,42.967],[-123.22711,42.96986],[-123.22476,42.97091],[-123.22525,42.97257],[-123.22269,42.9719],[-123.22061,42.9739],[-123.22214,42.97534],[-123.21984,42.9761],[-123.21934,42.97715],[-123.22042,42.97883],[-123.22036,42.98121],[-123.22181,42.98206],[-123.22124,42.98352],[-123.22337,42.98622],[-123.22976,42.98854],[-123.22933,42.9892],[-123.23044,42.99227],[-123.22854,42.98952],[-123.2216,42.98668],[-123.21588,42.99247],[-123.21785,42.98804],[-123.2169,42.98744],[-123.21876,42.98662],[-123.21908,42.9852],[-123.21804,42.9844],[-123.21809,42.98321],[-123.2168,42.98277],[-123.21689,42.98068],[-123.21549,42.9797],[-123.21577,42.97759],[-123.21021,42.97876],[-123.20954,42.97812],[-123.2068,42.97852],[-123.20503,42.97911],[-123.20486,42.98046],[-123.20291,42.98108],[-123.19968,42.97788],[-123.19801,42.97716],[-123.19676,42.9778],[-123.1947,42.97959],[-123.19536,42.98159],[-123.19459,42.98345],[-123.19545,42.98429],[-123.19417,42.98744],[-123.19298,42.98824],[-123.19448,42.98991],[-123.19233,42.99014],[-123.19313,42.99339],[-123.19082,42.9914],[-123.18634,42.99452],[-123.19005,42.98906],[-123.19115,42.98336],[-123.19026,42.98151],[-123.17769,42.98561],[-123.16847,42.98312],[-123.1661,42.98378],[-123.16487,42.98257],[-123.16087,42.98273],[-123.15284,42.98508],[-123.15177,42.98614],[-123.15291,42.98974],[-123.15325,42.99465],[-123.1579,42.99762],[-123.15306,42.99664],[-123.15037,42.99971],[-123.14947,43.0034],[-123.15069,43.00691],[-123.14795,43.00154],[-123.1417,43.00282],[-123.14784,43.00032],[-123.15035,42.99663],[-123.14948,42.993],[-123.14754,42.99068],[-123.14757,42.98778],[-123.14076,42.98821],[-123.13435,42.99037],[-123.13165,42.99212],[-123.12861,42.99052],[-123.12274,42.99015],[-123.12213,42.9881],[-123.11715,42.9874],[-123.11777,42.98533],[-123.11181,42.98572],[-123.11075,42.98766],[-123.11023,42.98632],[-123.10787,42.98581],[-123.10425,42.98834],[-123.1034,42.99289],[-123.10149,42.99124],[-123.08675,42.99354],[-123.10498,42.9839],[-123.10574,42.98297],[-123.10398,42.98064],[-123.10764,42.9829],[-123.11471,42.98214],[-123.116,42.98109],[-123.11673,42.98246],[-123.12009,42.98311],[-123.12087,42.98422],[-123.12288,42.9842],[-123.12428,42.98371],[-123.12462,42.98143],[-123.12597,42.98271],[-123.13226,42.98014],[-123.13134,42.98189],[-123.14214,42.97973],[-123.14135,42.97682],[-123.14435,42.9784],[-123.14488,42.97752],[-123.14426,42.97657],[-123.1469,42.97634],[-123.14854,42.97428],[-123.1499,42.97724],[-123.15122,42.97525],[-123.14996,42.97279],[-123.15505,42.97419],[-123.15548,42.97245],[-123.15468,42.9721],[-123.15421,42.97022],[-123.15897,42.97087],[-123.15787,42.96955],[-123.16114,42.96661],[-123.16165,42.96375],[-123.1636,42.96096],[-123.16351,42.95945],[-123.16808,42.95578],[-123.16931,42.95373],[-123.16722,42.95398],[-123.16692,42.95312],[-123.16419,42.95264],[-123.15301,42.95367],[-123.15045,42.95425],[-123.14764,42.95617],[-123.14405,42.95694],[-123.14003,42.95577],[-123.13899,42.95663],[-123.1392,42.95782],[-123.13816,42.95745],[-123.1367,42.95836],[-123.13739,42.95487],[-123.13574,42.95387],[-123.1301,42.95385],[-123.12817,42.95492],[-123.12602,42.95401],[-123.12113,42.95423],[-123.12271,42.94904],[-123.12464,42.9482],[-123.12472,42.94714],[-123.1257,42.9466],[-123.1237,42.9425],[-123.12378,42.94118],[-123.12506,42.94062],[-123.12141,42.93871],[-123.11694,42.9385],[-123.11472,42.93717],[-123.11308,42.93765],[-123.11026,42.9406],[-123.10984,42.94271],[-123.10459,42.9447],[-123.10456,42.94604],[-123.10595,42.94825],[-123.10314,42.94553],[-123.1002,42.94463],[-123.09912,42.94502],[-123.09638,42.94331],[-123.09359,42.94328],[-123.09132,42.94537],[-123.09169,42.94303],[-123.08895,42.94439],[-123.08943,42.94241],[-123.08886,42.94174],[-123.08565,42.9411],[-123.08329,42.94256],[-123.08198,42.9419],[-123.08394,42.94043],[-123.08054,42.93971],[-123.07764,42.94057],[-123.07929,42.93886],[-123.07836,42.938],[-123.07519,42.93826],[-123.07505,42.93734],[-123.06845,42.93627],[-123.06515,42.9339],[-123.05938,42.93351],[-123.05597,42.93201],[-123.05326,42.93394],[-123.0528,42.93608],[-123.05084,42.93744],[-123.04972,42.93942],[-123.05373,42.9307],[-123.04881,42.93194],[-123.04546,42.93488],[-123.03986,42.93552],[-123.03818,42.93902],[-123.03561,42.94004],[-123.03527,42.94092],[-123.02625,42.9418],[-123.02415,42.9441],[-123.02109,42.94566],[-123.02203,42.94444],[-123.02193,42.94254],[-123.01842,42.94288],[-123.0132,42.93877],[-123.01165,42.93916],[-123.01085,42.9407],[-123.0134,42.94298],[-123.0133,42.94422],[-123.01266,42.94536],[-123.01078,42.94583],[-123.00739,42.94534],[-123.00231,42.9409],[-122.99951,42.94211],[-122.99492,42.94112],[-122.9991,42.94137],[-123.00016,42.93991],[-122.99203,42.93788],[-122.99106,42.93588],[-122.99123,42.93241],[-122.98664,42.93246],[-122.97558,42.92791],[-122.96265,42.92961],[-122.95157,42.92739],[-122.94531,42.9328],[-122.94004,42.93485],[-122.9452,42.93225],[-122.9511,42.92676],[-122.95096,42.92594],[-122.95422,42.92733],[-122.96294,42.92885],[-122.97664,42.92696],[-122.98629,42.93138],[-122.99218,42.93164],[-122.99294,42.93274],[-122.99232,42.93515],[-122.99314,42.93728],[-122.99893,42.93788],[-123.00035,42.93736],[-123.00061,42.93828],[-123.00412,42.94023],[-123.00684,42.94307],[-123.00843,42.94356],[-123.00944,42.94253],[-123.00885,42.93942],[-123.01078,42.93754],[-123.02037,42.9372],[-123.0237,42.93523],[-123.03467,42.93211],[-123.03606,42.93048],[-123.04607,42.9296],[-123.04774,42.92719],[-123.04693,42.92528],[-123.04837,42.91933],[-123.04782,42.9173],[-123.04968,42.91452],[-123.04873,42.9174],[-123.05016,42.91954],[-123.04857,42.92497],[-123.0516,42.92698],[-123.05845,42.92855],[-123.05976,42.92752],[-123.0604,42.92874],[-123.06932,42.93273],[-123.07028,42.93248],[-123.07058,42.93135],[-123.07147,42.93272],[-123.07602,42.93274],[-123.08169,42.93443],[-123.08548,42.93405],[-123.08692,42.93296],[-123.09768,42.9364],[-123.09931,42.93564],[-123.10381,42.938],[-123.10515,42.93741],[-123.1072,42.93442],[-123.10938,42.93325],[-123.10751,42.93132],[-123.10772,42.92887],[-123.10866,42.9311],[-123.10993,42.9319],[-123.10934,42.92882],[-123.1106,42.93054],[-123.11284,42.93155],[-123.12089,42.93041],[-123.12276,42.93092],[-123.12882,42.93042],[-123.13267,42.93249],[-123.13405,42.93457],[-123.13524,42.93442],[-123.13725,42.93192],[-123.13594,42.9306],[-123.13742,42.93074],[-123.13829,42.9279],[-123.1413,42.92495],[-123.14097,42.92385],[-123.14189,42.92435],[-123.14322,42.92367],[-123.14561,42.91876],[-123.14727,42.91721],[-123.14424,42.92284],[-123.14417,42.92443],[-123.14304,42.92471],[-123.14061,42.92739],[-123.13988,42.92948],[-123.14037,42.93075],[-123.13947,42.93085],[-123.13803,42.93496],[-123.1326,42.93982],[-123.13451,42.94483],[-123.147,42.94239],[-123.15057,42.94405],[-123.15146,42.94726],[-123.15846,42.94616],[-123.162,42.94395],[-123.15806,42.94097],[-123.16037,42.94114],[-123.1607,42.93982],[-123.16452,42.94242],[-123.16666,42.94029],[-123.16851,42.94082],[-123.1687,42.93996],[-123.17108,42.93944],[-123.17307,42.93754],[-123.17248,42.93583],[-123.17312,42.9352],[-123.17269,42.92915],[-123.17484,42.93513],[-123.17609,42.93619],[-123.17773,42.93587],[-123.17753,42.93423],[-123.17974,42.93603],[-123.1889,42.93444],[-123.19087,42.9326],[-123.19113,42.93032],[-123.19193,42.93375],[-123.19885,42.93374],[-123.19361,42.93502],[-123.19641,42.9364],[-123.19118,42.93576],[-123.19052,42.93664],[-123.18992,42.93611],[-123.18612,42.93718],[-123.1872,42.93939],[-123.18233,42.93779],[-123.18209,42.94111],[-123.17987,42.93982],[-123.17894,42.94004],[-123.17877,42.93925],[-123.17601,42.94033],[-123.17485,42.94479],[-123.17765,42.9478],[-123.17663,42.95342],[-123.17733,42.95492],[-123.17837,42.95521],[-123.17973,42.95863],[-123.17767,42.96109],[-123.17413,42.96224],[-123.17322,42.96329],[-123.17491,42.96788],[-123.17786,42.96873],[-123.17902,42.96727],[-123.17986,42.96814],[-123.18318,42.9677],[-123.18489,42.96592],[-123.18673,42.9664],[-123.18721,42.9645],[-123.18876,42.96557],[-123.19138,42.96415],[-123.19171,42.96293],[-123.19028,42.96202],[-123.19,42.95954],[-123.19262,42.96088],[-123.20027,42.96002],[-123.20196,42.95902],[-123.20452,42.95982],[-123.2058,42.95694],[-123.20813,42.95706],[-123.2081,42.95568],[-123.21006,42.95433],[-123.21005,42.95322],[-123.21123,42.95209],[-123.21081,42.95083],[-123.21153,42.95033],[-123.21466,42.95327],[-123.21406,42.95441],[-123.21775,42.95409],[-123.21826,42.95257],[-123.22128,42.95109],[-123.21759,42.95136],[-123.21752,42.94925],[-123.22252,42.94854],[-123.22306,42.94781],[-123.2242,42.94824],[-123.22586,42.94637],[-123.22529,42.94428],[-123.22403,42.94349],[-123.22234,42.94365],[-123.22179,42.94198],[-123.22293,42.9425],[-123.22532,42.94195],[-123.22821,42.94497],[-123.22939,42.94505],[-123.23063,42.94402],[-123.23067,42.94212],[-123.23209,42.9422],[-123.2335,42.9403],[-123.23615,42.93927],[-123.23667,42.93769],[-123.23567,42.93601],[-123.23889,42.93619],[-123.23992,42.93533],[-123.24484,42.93479],[-123.24872,42.93221],[-123.25008,42.93212],[-123.25147,42.93069],[-123.24994,42.93033],[-123.24959,42.92904],[-123.24087,42.92998],[-123.24712,42.92701],[-123.24789,42.92556],[-123.2466,42.92398],[-123.24377,42.92308],[-123.24198,42.92082],[-123.24102,42.91792],[-123.23981,42.91759],[-123.23943,42.91711],[-123.23979,42.91625],[-123.2398,42.91723],[-123.24122,42.91776],[-123.24303,42.92063],[-123.24996,42.92468],[-123.25333,42.92544],[-123.25476,42.92444],[-123.25516,42.92565],[-123.25985,42.9267],[-123.26187,42.92372],[-123.26571,42.9267],[-123.27303,42.92154],[-123.27182,42.92012],[-123.26989,42.92068],[-123.27089,42.91798],[-123.26915,42.91813],[-123.26767,42.91676],[-123.26784,42.91517],[-123.26464,42.9146],[-123.26459,42.91376],[-123.26288,42.91302],[-123.26351,42.91081],[-123.26047,42.9089],[-123.26037,42.90779],[-123.25395,42.90733],[-123.2534,42.9047],[-123.24998,42.90372],[-123.24921,42.90201],[-123.24996,42.90014],[-123.24919,42.89917],[-123.24594,42.89766],[-123.23962,42.89667],[-123.23673,42.89421],[-123.23519,42.89387],[-123.23624,42.89342],[-123.23882,42.8888],[-123.23824,42.89353],[-123.23908,42.895],[-123.24869,42.89692],[-123.24949,42.89466],[-123.25076,42.89412],[-123.2526,42.89061],[-123.25615,42.88751],[-123.25926,42.88715],[-123.25996,42.88559],[-123.25974,42.88724],[-123.25697,42.8883],[-123.25295,42.89416],[-123.25062,42.89612],[-123.25194,42.90232],[-123.25545,42.9033],[-123.2559,42.90515],[-123.25722,42.90573],[-123.26066,42.90462],[-123.26033,42.906],[-123.2626,42.90814],[-123.26627,42.90971],[-123.26692,42.91269],[-123.27156,42.91196],[-123.27159,42.91566],[-123.27474,42.91739],[-123.27792,42.91741],[-123.27678,42.91926],[-123.27854,42.92097],[-123.28179,42.92196],[-123.2838,42.92086],[-123.28572,42.92221],[-123.28709,42.92208],[-123.28747,42.92287],[-123.28966,42.92302],[-123.29072,42.92189],[-123.28931,42.92025],[-123.29252,42.92131],[-123.29458,42.91977],[-123.29621,42.92057],[-123.29985,42.92048],[-123.30034,42.92078],[-123.29643,42.92653],[-123.29831,42.92773],[-123.30065,42.9247],[-123.30236,42.92574],[-123.30631,42.92389],[-123.30708,42.92263],[-123.30575,42.92262],[-123.30654,42.92146],[-123.30496,42.92027],[-123.30773,42.91976],[-123.31023,42.92072],[-123.31439,42.91921],[-123.31611,42.92046],[-123.3165,42.92171],[-123.31357,42.9217],[-123.31003,42.92341],[-123.30747,42.9262],[-123.3085,42.92698],[-123.30766,42.92858],[-123.30581,42.92846],[-123.30048,42.93097],[-123.30069,42.93196],[-123.29818,42.93463],[-123.29796,42.93662],[-123.30276,42.93428],[-123.30449,42.93431],[-123.30311,42.93646],[-123.30359,42.93751],[-123.30158,42.9386],[-123.3015,42.94079],[-123.30046,42.9417],[-123.2976,42.9421],[-123.2985,42.94412],[-123.29755,42.94659],[-123.30189,42.94393],[-123.30695,42.94315],[-123.30844,42.94171],[-123.30931,42.93849],[-123.31231,42.94045],[-123.31223,42.94271],[-123.31402,42.94316],[-123.31956,42.93995],[-123.32392,42.94154],[-123.3232,42.93948],[-123.32642,42.93941],[-123.32781,42.93861],[-123.32881,42.93853],[-123.3286,42.94011],[-123.33502,42.93977],[-123.3345,42.93843],[-123.33297,42.93848],[-123.33274,42.93648],[-123.3339,42.93472],[-123.33283,42.93294],[-123.33133,42.93288],[-123.33106,42.93219],[-123.32714,42.93319],[-123.32337,42.93532],[-123.32222,42.9348],[-123.31891,42.9366],[-123.31944,42.93502],[-123.31748,42.9343],[-123.32167,42.93202],[-123.32166,42.93079],[-123.32422,42.92779],[-123.32202,42.92573],[-123.32002,42.92538],[-123.32027,42.9242],[-123.31806,42.92194],[-123.32181,42.92288],[-123.32661,42.92283],[-123.32724,42.9212],[-123.32293,42.92125],[-123.32134,42.91906],[-123.32364,42.91883],[-123.32382,42.91805],[-123.32839,42.91809],[-123.32953,42.91745],[-123.33188,42.91859],[-123.33225,42.91745],[-123.33119,42.91704],[-123.33174,42.91592],[-123.33649,42.91599],[-123.33992,42.91014],[-123.34014,42.90597],[-123.3412,42.91295],[-123.34649,42.91662],[-123.3465,42.92096],[-123.34366,42.92186],[-123.34414,42.92313],[-123.34302,42.92436],[-123.34104,42.92381],[-123.34074,42.92586],[-123.33966,42.9254],[-123.33756,42.92676],[-123.3386,42.92901],[-123.34226,42.92873],[-123.3457,42.93034],[-123.34631,42.9293],[-123.34532,42.92715],[-123.34704,42.92586],[-123.34694,42.92707],[-123.34946,42.92882],[-123.35215,42.92904],[-123.35432,42.92775],[-123.35477,42.92627],[-123.35742,42.92634],[-123.35974,42.92469],[-123.35766,42.92423],[-123.35609,42.92265],[-123.35939,42.92188],[-123.36084,42.92082],[-123.36072,42.91984],[-123.35751,42.91956],[-123.35392,42.92066],[-123.35327,42.91907],[-123.35143,42.92008],[-123.35089,42.91896],[-123.34849,42.91824],[-123.35022,42.91694],[-123.35046,42.914],[-123.34969,42.91331],[-123.35296,42.91346],[-123.35384,42.91237],[-123.35555,42.91346],[-123.35998,42.91014],[-123.36018,42.91283],[-123.36102,42.91334],[-123.36365,42.91259],[-123.36497,42.91108],[-123.3673,42.91226],[-123.36783,42.91347],[-123.3703,42.91294],[-123.37086,42.91384],[-123.36634,42.91569],[-123.36436,42.91745],[-123.36448,42.91817],[-123.36714,42.91734],[-123.36596,42.92063],[-123.36646,42.9221],[-123.36468,42.92269],[-123.36573,42.92386],[-123.36507,42.92438],[-123.3654,42.92544],[-123.364,42.92633],[-123.36392,42.9283],[-123.35511,42.93289],[-123.35696,42.93435],[-123.35209,42.93483],[-123.35251,42.93584],[-123.3539,42.93543],[-123.35555,42.93614],[-123.35418,42.93879],[-123.35726,42.94004],[-123.35934,42.93881],[-123.36074,42.93628],[-123.36273,42.93566],[-123.36597,42.93093],[-123.37146,42.92588],[-123.3707,42.92272],[-123.37355,42.92419],[-123.37488,42.92172],[-123.38022,42.91984],[-123.38206,42.92069],[-123.38454,42.918],[-123.38424,42.91628],[-123.38181,42.91613],[-123.38185,42.91416],[-123.37868,42.91504],[-123.37737,42.91458],[-123.37403,42.91605],[-123.37448,42.91433],[-123.37331,42.9137],[-123.37434,42.9128],[-123.37999,42.91137],[-123.37686,42.90966],[-123.37813,42.90858],[-123.37872,42.90651],[-123.37647,42.90223],[-123.37482,42.90074],[-123.37476,42.899],[-123.38099,42.90662],[-123.38426,42.90633],[-123.38382,42.90814],[-123.38632,42.90891],[-123.38396,42.91015],[-123.38396,42.91094],[-123.39198,42.91332],[-123.3949,42.91324],[-123.39688,42.91187],[-123.3987,42.91319],[-123.39988,42.91261],[-123.40153,42.91343],[-123.40795,42.91142],[-123.40225,42.90898],[-123.40315,42.90797],[-123.4027,42.90575],[-123.40644,42.90783],[-123.40603,42.90607],[-123.40839,42.90161],[-123.40835,42.89542],[-123.41001,42.89262],[-123.40931,42.89498],[-123.40951,42.89948],[-123.41163,42.90024],[-123.41036,42.90105],[-123.40923,42.90469],[-123.41209,42.90741],[-123.41197,42.90814],[-123.41386,42.90837],[-123.41171,42.91014],[-123.4126,42.91132],[-123.41778,42.91171],[-123.41819,42.91079],[-123.41748,42.91018],[-123.41912,42.91067],[-123.4214,42.90883],[-123.42192,42.90893],[-123.42128,42.91021],[-123.4225,42.91117],[-123.42579,42.90992],[-123.42626,42.90934],[-123.42533,42.90853],[-123.42602,42.9071],[-123.42769,42.90714],[-123.43023,42.90456],[-123.43094,42.90084],[-123.43225,42.89947],[-123.43168,42.90055],[-123.43275,42.90514],[-123.43607,42.90648],[-123.43154,42.90764],[-123.42974,42.90936],[-123.42996,42.91076],[-123.42869,42.91197],[-123.42823,42.91461],[-123.43156,42.91911],[-123.43306,42.91974],[-123.437,42.91818],[-123.43761,42.91695],[-123.44014,42.91739],[-123.44357,42.91972],[-123.44904,42.9185],[-123.44985,42.91702],[-123.45139,42.91797],[-123.4536,42.91775],[-123.45493,42.917],[-123.45332,42.91439],[-123.45681,42.91464],[-123.45758,42.91347],[-123.46398,42.91216],[-123.46409,42.91047],[-123.46236,42.90698],[-123.46512,42.90933],[-123.46657,42.91254],[-123.46644,42.9197],[-123.46472,42.91857],[-123.46506,42.91762],[-123.4644,42.91708],[-123.46066,42.91869],[-123.46074,42.91964],[-123.46276,42.92148],[-123.4614,42.926],[-123.46095,42.92261],[-123.45968,42.92253],[-123.45963,42.9216],[-123.45787,42.92023],[-123.45349,42.92096],[-123.45221,42.92223],[-123.456,42.92388],[-123.45616,42.92536],[-123.45177,42.92814],[-123.45042,42.92745],[-123.44907,42.92794],[-123.4505,42.92872],[-123.45087,42.9318],[-123.44924,42.93207],[-123.44634,42.9303],[-123.44301,42.9329],[-123.44359,42.93437],[-123.44256,42.93512],[-123.43477,42.93538],[-123.43386,42.93724],[-123.43336,42.93656],[-123.43155,42.93745],[-123.43232,42.9392],[-123.43189,42.94154],[-123.43142,42.93984],[-123.42937,42.93959],[-123.42129,42.94239],[-123.41715,42.94529],[-123.41885,42.94195],[-123.41704,42.94036],[-123.41758,42.93945],[-123.41607,42.93813],[-123.40931,42.9416],[-123.41035,42.94286],[-123.4075,42.9432],[-123.406,42.94588],[-123.40317,42.94276],[-123.39951,42.9436],[-123.39584,42.9429],[-123.39449,42.94482],[-123.39747,42.94903],[-123.39847,42.94926],[-123.39674,42.94993],[-123.39471,42.94867],[-123.39111,42.94961],[-123.39018,42.94811],[-123.38502,42.94936],[-123.38402,42.94858],[-123.38359,42.95076],[-123.38208,42.95024],[-123.38165,42.95276],[-123.38044,42.95281],[-123.37769,42.95538],[-123.37786,42.95673],[-123.37638,42.95723],[-123.37447,42.96111],[-123.3725,42.96272],[-123.37271,42.9639],[-123.36891,42.96516],[-123.36913,42.96649],[-123.3672,42.96726],[-123.36664,42.96832],[-123.36778,42.96895],[-123.37006,42.96849],[-123.37253,42.96769],[-123.37258,42.96671],[-123.37542,42.96682],[-123.37618,42.96562],[-123.37849,42.96604],[-123.38049,42.96485],[-123.38698,42.96515],[-123.3814,42.96772],[-123.38151,42.9694],[-123.38089,42.96983],[-123.37836,42.96946],[-123.37707,42.97114],[-123.37355,42.97165],[-123.37157,42.97394],[-123.36681,42.97503],[-123.36762,42.97954],[-123.3703,42.98212],[-123.37534,42.98473],[-123.37233,42.98461],[-123.36784,42.98216],[-123.36643,42.98461],[-123.36601,42.98074],[-123.36391,42.97861],[-123.36264,42.97965],[-123.36157,42.97845],[-123.36158,42.97587],[-123.35826,42.97625],[-123.35475,42.97784],[-123.35035,42.98342],[-123.35027,42.9858],[-123.35121,42.98648],[-123.35009,42.98794],[-123.34778,42.98728],[-123.34604,42.98899],[-123.3466,42.99177],[-123.34202,42.99248],[-123.34211,42.99368],[-123.34117,42.99416],[-123.34157,42.99541],[-123.33993,42.99532],[-123.33929,42.99702],[-123.33788,42.99745],[-123.33803,42.99899],[-123.33513,42.99947],[-123.33605,43.00141],[-123.33428,43.001],[-123.3323,43.0016],[-123.33165,43.00074],[-123.32881,43.00217],[-123.32842,43.003],[-123.32944,43.00582],[-123.32738,43.00506],[-123.32217,43.00643],[-123.32108,43.00494],[-123.31527,43.00812],[-123.31543,43.00983],[-123.30996,43.00976],[-123.30779,43.01092],[-123.3077,43.01308],[-123.30507,43.01479],[-123.30683,43.01553],[-123.30628,43.01715],[-123.30409,43.01805],[-123.30285,43.02196],[-123.30362,43.023],[-123.30151,43.02423],[-123.30272,43.02484],[-123.30306,43.02664],[-123.30448,43.02796],[-123.30555,43.02699],[-123.3071,43.02728],[-123.31214,43.0257],[-123.31341,43.02597],[-123.31329,43.02741],[-123.31551,43.02725],[-123.31741,43.0288],[-123.31987,43.02936],[-123.32121,43.02721],[-123.32263,43.02759],[-123.323,43.02674],[-123.32726,43.02492],[-123.32867,43.02895],[-123.33075,43.0279],[-123.33117,43.02903],[-123.3328,43.02943],[-123.33598,43.02675],[-123.33661,43.02525],[-123.33836,43.0253],[-123.33824,43.02846],[-123.33897,43.03018],[-123.33844,43.03143],[-123.33972,43.03074],[-123.3446,43.03283],[-123.34762,43.03286],[-123.34614,43.03374],[-123.34238,43.03372],[-123.34148,43.03536],[-123.33687,43.0369],[-123.33938,43.03724],[-123.33946,43.03934],[-123.33718,43.04247],[-123.33825,43.04336],[-123.33758,43.04534],[-123.33924,43.04643],[-123.33885,43.04723],[-123.33697,43.04752],[-123.3369,43.04849],[-123.33802,43.0494],[-123.33702,43.05082],[-123.34204,43.05298],[-123.34174,43.05501],[-123.34427,43.05686],[-123.34651,43.05552],[-123.34741,43.05292],[-123.35375,43.0551],[-123.35571,43.05422],[-123.35657,43.05215],[-123.35475,43.05116],[-123.35403,43.04838],[-123.35307,43.04811],[-123.3533,43.0464],[-123.35529,43.04772],[-123.35802,43.04768],[-123.35605,43.0445],[-123.3572,43.0438],[-123.3588,43.04528],[-123.36072,43.04538],[-123.36159,43.04383],[-123.36096,43.04221],[-123.36179,43.04238],[-123.36258,43.04139],[-123.36636,43.04675],[-123.36965,43.04649],[-123.3724,43.04881],[-123.37183,43.04969],[-123.37258,43.0503],[-123.37162,43.05099],[-123.37222,43.05229],[-123.37098,43.05418],[-123.37322,43.05432],[-123.37491,43.0583],[-123.37676,43.05955],[-123.37673,43.06066],[-123.37863,43.0625],[-123.37982,43.06302],[-123.38257,43.06197],[-123.38244,43.06376],[-123.38344,43.06422],[-123.38259,43.06534],[-123.38327,43.06616],[-123.38238,43.067],[-123.38274,43.06787],[-123.38156,43.06824],[-123.38221,43.06914],[-123.3812,43.06934],[-123.38097,43.07154],[-123.37244,43.07497],[-123.37368,43.07776],[-123.37464,43.07607],[-123.37865,43.07604],[-123.3809,43.07509],[-123.38659,43.07617],[-123.39254,43.07464],[-123.39442,43.07258],[-123.38954,43.07236],[-123.38939,43.07147],[-123.38817,43.07142],[-123.38808,43.07044],[-123.39025,43.06759],[-123.39289,43.06726],[-123.39307,43.06609],[-123.39518,43.0655],[-123.39492,43.06459],[-123.3967,43.06388],[-123.39677,43.05963],[-123.3899,43.05902],[-123.3914,43.05732],[-123.39083,43.05626],[-123.38767,43.0561],[-123.38753,43.05519],[-123.39203,43.05242],[-123.39071,43.05135],[-123.3888,43.05238],[-123.38709,43.05146],[-123.38633,43.05242],[-123.38399,43.05235],[-123.38436,43.05121],[-123.3834,43.05056],[-123.38887,43.04835],[-123.3872,43.04743],[-123.38745,43.04634],[-123.3845,43.04848],[-123.38001,43.05029],[-123.37932,43.05138],[-123.37599,43.05214],[-123.3777,43.04998],[-123.37717,43.0478],[-123.37965,43.04767],[-123.38279,43.04374],[-123.38183,43.0433],[-123.37977,43.04421],[-123.3793,43.04334],[-123.37848,43.04492],[-123.37768,43.0437],[-123.37556,43.04404],[-123.37609,43.04197],[-123.37322,43.04433],[-123.37169,43.044],[-123.37195,43.04082],[-123.37036,43.0406],[-123.36839,43.03906],[-123.36955,43.03848],[-123.36861,43.03712],[-123.37084,43.037],[-123.37028,43.0349],[-123.37122,43.03394],[-123.37615,43.03895],[-123.37561,43.03693],[-123.37627,43.03661],[-123.37636,43.03236],[-123.37852,43.0342],[-123.37855,43.03514],[-123.38023,43.03578],[-123.37955,43.03713],[-123.38013,43.03859],[-123.38392,43.03877],[-123.3868,43.04035],[-123.38705,43.03813],[-123.38425,43.03728],[-123.38566,43.03627],[-123.3857,43.03516],[-123.38269,43.03551],[-123.3825,43.03418],[-123.38321,43.03351],[-123.38273,43.03211],[-123.38132,43.03123],[-123.3857,43.02857],[-123.38567,43.02991],[-123.38794,43.03032],[-123.38912,43.03241],[-123.39277,43.03096],[-123.39323,43.03189],[-123.3923,43.03466],[-123.39598,43.03478],[-123.39783,43.03595],[-123.39522,43.03834],[-123.39652,43.04018],[-123.39612,43.04123],[-123.39289,43.04142],[-123.39218,43.04278],[-123.39361,43.04426],[-123.3956,43.04447],[-123.39646,43.04551],[-123.39579,43.04625],[-123.39935,43.04851],[-123.40068,43.04536],[-123.403,43.04727],[-123.40551,43.04717],[-123.40616,43.04828],[-123.40894,43.04576],[-123.40593,43.04515],[-123.40525,43.04277],[-123.4023,43.0418],[-123.40393,43.04057],[-123.404,43.03847],[-123.40835,43.04141],[-123.40963,43.03986],[-123.41144,43.0416],[-123.41251,43.03793],[-123.41058,43.03611],[-123.41399,43.03633],[-123.41532,43.03836],[-123.41695,43.03558],[-123.41621,43.0343],[-123.41707,43.03332],[-123.41588,43.03294],[-123.41396,43.03366],[-123.41379,43.03272],[-123.41028,43.03258],[-123.40994,43.03193],[-123.4112,43.0309],[-123.40847,43.02901],[-123.41816,43.03017],[-123.41831,43.02911],[-123.4167,43.02721],[-123.41184,43.02542],[-123.41594,43.02216],[-123.41311,43.01974],[-123.41393,43.01843],[-123.41542,43.01984],[-123.41882,43.02047],[-123.41986,43.02556],[-123.42086,43.02694],[-123.4221,43.02625],[-123.42315,43.02363],[-123.42546,43.02358],[-123.42602,43.02506],[-123.42908,43.02514],[-123.42667,43.02868],[-123.42809,43.02936],[-123.42953,43.02889],[-123.42974,43.03054],[-123.42768,43.03111],[-123.42621,43.03038],[-123.42246,43.03172],[-123.42234,43.03297],[-123.42553,43.03331],[-123.4237,43.0345],[-123.42264,43.0365],[-123.4276,43.03763],[-123.42622,43.03921],[-123.4223,43.03928],[-123.4254,43.0413],[-123.42113,43.0423],[-123.4208,43.04303],[-123.42248,43.04492],[-123.41866,43.04604],[-123.42202,43.04897],[-123.41592,43.04958],[-123.41417,43.05132],[-123.41722,43.05222],[-123.41958,43.05472],[-123.41759,43.05659],[-123.41535,43.05679],[-123.41484,43.05775],[-123.4114,43.0564],[-123.4109,43.05737],[-123.41238,43.05884],[-123.40948,43.05996],[-123.41154,43.06227],[-123.40962,43.06255],[-123.4093,43.06354],[-123.4081,43.06383],[-123.40823,43.0651],[-123.4053,43.06625],[-123.40471,43.06738],[-123.40542,43.0688],[-123.40501,43.07033],[-123.40341,43.07134],[-123.40445,43.07236],[-123.40421,43.07333],[-123.40224,43.07526],[-123.40849,43.07764],[-123.40818,43.07614],[-123.41076,43.07659],[-123.40966,43.0743],[-123.41051,43.07346],[-123.41018,43.07233],[-123.41244,43.07022],[-123.4123,43.06741],[-123.41569,43.06243],[-123.41747,43.06238],[-123.41922,43.05989],[-123.42152,43.06017],[-123.42479,43.0581],[-123.42565,43.05654],[-123.42718,43.05588],[-123.42865,43.05271],[-123.42681,43.05174],[-123.42774,43.0507],[-123.43065,43.05064],[-123.43039,43.04964],[-123.43184,43.04908],[-123.43293,43.04753],[-123.4308,43.04634],[-123.42848,43.04626],[-123.4306,43.04469],[-123.43448,43.04435],[-123.43502,43.04298],[-123.43199,43.04118],[-123.43295,43.03979],[-123.43718,43.04102],[-123.43995,43.03927],[-123.43949,43.03811],[-123.43681,43.03743],[-123.43424,43.03527],[-123.44206,43.03691],[-123.44343,43.03625],[-123.43636,43.03275],[-123.43772,43.03208],[-123.44467,43.03429],[-123.44611,43.03372],[-123.44373,43.03102],[-123.44474,43.03045],[-123.44448,43.02945],[-123.44196,43.02903],[-123.44384,43.02817],[-123.44214,43.0263],[-123.44369,43.02614],[-123.44427,43.02294],[-123.4458,43.02685],[-123.44955,43.03188],[-123.45268,43.03101],[-123.45684,43.02788],[-123.45568,43.02551],[-123.45277,43.02502],[-123.45512,43.02439],[-123.45456,43.02216],[-123.45274,43.02136],[-123.45392,43.02113],[-123.45399,43.01996],[-123.45549,43.01874],[-123.45597,43.01858],[-123.45507,43.02109],[-123.45652,43.02159],[-123.45657,43.0231],[-123.45784,43.0234],[-123.457,43.02396],[-123.45716,43.02482],[-123.45936,43.02814],[-123.4627,43.02747],[-123.46395,43.02592],[-123.46407,43.02703],[-123.46527,43.02685],[-123.46742,43.02342],[-123.4725,43.01992],[-123.47362,43.02009],[-123.46846,43.0253],[-123.46759,43.0268],[-123.46859,43.02766],[-123.46648,43.02768],[-123.46534,43.0292],[-123.45881,43.03065],[-123.45882,43.03249],[-123.45606,43.03269],[-123.45521,43.03567],[-123.4527,43.03476],[-123.45199,43.03623],[-123.4494,43.03725],[-123.44907,43.03959],[-123.44647,43.03976],[-123.44984,43.04234],[-123.44722,43.0425],[-123.44538,43.04145],[-123.44549,43.04282],[-123.4433,43.04261],[-123.44711,43.04522],[-123.44602,43.04642],[-123.44447,43.0462],[-123.44353,43.04748],[-123.44229,43.04512],[-123.44097,43.04498],[-123.44077,43.04664],[-123.4388,43.04856],[-123.44322,43.04835],[-123.44282,43.04932],[-123.44364,43.05024],[-123.43942,43.05277],[-123.43752,43.05282],[-123.43758,43.05459],[-123.43558,43.0565],[-123.44188,43.05592],[-123.44307,43.05404],[-123.44752,43.05308],[-123.44866,43.04922],[-123.45112,43.04862],[-123.452,43.04655],[-123.45379,43.04689],[-123.4544,43.04593],[-123.45529,43.04625],[-123.45832,43.04451],[-123.46234,43.04405],[-123.45967,43.04477],[-123.45664,43.0468],[-123.45522,43.0485],[-123.4554,43.04968],[-123.45392,43.04992],[-123.45288,43.05176],[-123.45362,43.05295],[-123.45175,43.05293],[-123.45144,43.05484],[-123.45466,43.05625],[-123.4531,43.05745],[-123.4506,43.05788],[-123.4488,43.05652],[-123.44839,43.05749],[-123.44712,43.05738],[-123.44476,43.05915],[-123.44702,43.06029],[-123.44967,43.06031],[-123.44936,43.06137],[-123.44808,43.06182],[-123.4488,43.063],[-123.44832,43.06419],[-123.44672,43.06307],[-123.44157,43.06184],[-123.44106,43.06282],[-123.44351,43.06564],[-123.44129,43.06564],[-123.44058,43.06698],[-123.43951,43.06719],[-123.43596,43.06325],[-123.43506,43.0647],[-123.43682,43.06715],[-123.4347,43.06719],[-123.43423,43.06871],[-123.4321,43.06875],[-123.42952,43.06371],[-123.42866,43.06452],[-123.43003,43.06636],[-123.42991,43.06796],[-123.42508,43.06728],[-123.42986,43.06995],[-123.43316,43.07026],[-123.43665,43.06894],[-123.43846,43.06926],[-123.4374,43.06996],[-123.43736,43.07123],[-123.4357,43.07158],[-123.437,43.07396],[-123.43471,43.07476],[-123.4323,43.074],[-123.42926,43.07511],[-123.42367,43.07319],[-123.42514,43.07622],[-123.42508,43.07835],[-123.42734,43.07727],[-123.43073,43.0781],[-123.43159,43.07912],[-123.42802,43.08097],[-123.42842,43.08198],[-123.42785,43.0826],[-123.42556,43.08282],[-123.42493,43.08427],[-123.42965,43.08823],[-123.43097,43.08729],[-123.42994,43.08628],[-123.43013,43.0855],[-123.43141,43.08525],[-123.43233,43.08399],[-123.43385,43.08439],[-123.43433,43.08344],[-123.437,43.0832],[-123.43577,43.08221],[-123.43734,43.08063],[-123.43846,43.08081],[-123.44019,43.07906],[-123.44186,43.08088],[-123.44439,43.0784],[-123.44688,43.07805],[-123.44688,43.07733],[-123.444,43.07557],[-123.44885,43.07505],[-123.44453,43.07276],[-123.44132,43.07268],[-123.44091,43.07192],[-123.44295,43.06982],[-123.44556,43.06998],[-123.44649,43.06883],[-123.44788,43.06917],[-123.44878,43.07059],[-123.45021,43.06778],[-123.452,43.06744],[-123.45322,43.06361],[-123.45682,43.06221],[-123.45574,43.06142],[-123.45579,43.06026],[-123.45688,43.06021],[-123.45769,43.05828],[-123.46002,43.06056],[-123.46067,43.0581],[-123.46244,43.05934],[-123.46326,43.05825],[-123.46459,43.05845],[-123.46544,43.05781],[-123.46519,43.05695],[-123.46721,43.05671],[-123.4681,43.05513],[-123.47517,43.05116],[-123.47691,43.05097],[-123.47224,43.05372],[-123.47087,43.05529],[-123.47094,43.05695],[-123.46996,43.05714],[-123.46905,43.05887],[-123.4714,43.06017],[-123.47856,43.0605],[-123.4809,43.06208],[-123.47553,43.06127],[-123.47334,43.0622],[-123.47085,43.0615],[-123.46969,43.06254],[-123.46824,43.06261],[-123.46832,43.06109],[-123.46485,43.06117],[-123.46279,43.06232],[-123.46314,43.06358],[-123.46154,43.065],[-123.46034,43.06451],[-123.45837,43.06608],[-123.45934,43.06841],[-123.45746,43.06872],[-123.4554,43.07059],[-123.45512,43.07245],[-123.45785,43.07255],[-123.46027,43.07136],[-123.46322,43.07164],[-123.46402,43.07113],[-123.46371,43.06972],[-123.46572,43.07005],[-123.46659,43.06893],[-123.46772,43.0696],[-123.47133,43.06885],[-123.47517,43.06972],[-123.47746,43.07199],[-123.47234,43.07056],[-123.46928,43.07094],[-123.466,43.07375],[-123.46713,43.0751],[-123.47035,43.07563],[-123.46802,43.07609],[-123.46739,43.0771],[-123.46348,43.07502],[-123.46124,43.07532],[-123.46117,43.07686],[-123.4621,43.07795],[-123.46028,43.07892],[-123.45923,43.07836],[-123.45926,43.07752],[-123.45768,43.07748],[-123.45792,43.07585],[-123.45342,43.07631],[-123.45438,43.07716],[-123.45422,43.07809],[-123.45274,43.07858],[-123.45572,43.08088],[-123.4526,43.08108],[-123.45198,43.08203],[-123.45018,43.08182],[-123.44865,43.08332],[-123.44699,43.08357],[-123.44705,43.08459],[-123.4451,43.08468],[-123.44497,43.08651],[-123.44292,43.08867],[-123.44303,43.09004],[-123.43912,43.09275],[-123.44356,43.0916],[-123.44434,43.09052],[-123.44549,43.0909],[-123.44668,43.09012],[-123.44761,43.09082],[-123.44935,43.0904],[-123.44957,43.08953],[-123.45236,43.09],[-123.4527,43.08876],[-123.45002,43.08756],[-123.45159,43.08615],[-123.45497,43.08625],[-123.4553,43.08438],[-123.45685,43.0841],[-123.45988,43.08643],[-123.46103,43.08332],[-123.46358,43.08459],[-123.46414,43.084],[-123.46378,43.08245],[-123.46608,43.08294],[-123.46635,43.08155],[-123.46766,43.0817],[-123.46822,43.0807],[-123.46925,43.08099],[-123.47072,43.08016],[-123.47147,43.08159],[-123.46971,43.08313],[-123.47036,43.08393],[-123.46939,43.08447],[-123.4693,43.08626],[-123.46839,43.08559],[-123.46672,43.08602],[-123.46557,43.08727],[-123.46636,43.0891],[-123.46103,43.09109],[-123.46092,43.09226],[-123.46387,43.09293],[-123.463,43.09449],[-123.46585,43.09412],[-123.4674,43.09497],[-123.46907,43.09449],[-123.47042,43.09504],[-123.47726,43.09275],[-123.47927,43.09363],[-123.47932,43.09675],[-123.4803,43.09722],[-123.4822,43.09444],[-123.48224,43.09294],[-123.48071,43.09152],[-123.48092,43.08965],[-123.48554,43.09155],[-123.48432,43.09278],[-123.48574,43.09405],[-123.48524,43.09666],[-123.48742,43.0973],[-123.48783,43.09825],[-123.48951,43.09764],[-123.48936,43.09638],[-123.49188,43.09442],[-123.49175,43.09267],[-123.4943,43.09358],[-123.49553,43.09246],[-123.49771,43.09279],[-123.49786,43.09189],[-123.49691,43.09103],[-123.50021,43.09011],[-123.4996,43.08854],[-123.50138,43.08681],[-123.49835,43.08462],[-123.49616,43.08496],[-123.49203,43.0836],[-123.48883,43.08441],[-123.48958,43.08331],[-123.48728,43.08146],[-123.48227,43.07975],[-123.48626,43.07997],[-123.48662,43.07876],[-123.4881,43.07888],[-123.48835,43.08015],[-123.49119,43.08175],[-123.49409,43.08135],[-123.49522,43.08212],[-123.49785,43.08144],[-123.4982,43.07957],[-123.49493,43.0776],[-123.49748,43.07652],[-123.49971,43.07708],[-123.49962,43.07537],[-123.50099,43.07279],[-123.49931,43.07124],[-123.4966,43.07158],[-123.49392,43.07041],[-123.4979,43.07027],[-123.49572,43.06585],[-123.49608,43.06431],[-123.49784,43.06754],[-123.49873,43.06781],[-123.49924,43.06968],[-123.50188,43.07064],[-123.50348,43.07225],[-123.50306,43.07506],[-123.50364,43.07685],[-123.50271,43.07791],[-123.50445,43.07894],[-123.50309,43.07976],[-123.50394,43.08213],[-123.50587,43.08292],[-123.50865,43.08261],[-123.50839,43.08125],[-123.50993,43.08043],[-123.51258,43.0811],[-123.51404,43.07932],[-123.51367,43.07781],[-123.51248,43.07733],[-123.51231,43.07582],[-123.51025,43.07607],[-123.50798,43.07749],[-123.50699,43.07594],[-123.5109,43.07371],[-123.50976,43.07298],[-123.50987,43.07186],[-123.50778,43.07206],[-123.50773,43.07084],[-123.50856,43.07009],[-123.50654,43.0678],[-123.50926,43.06759],[-123.51029,43.06273],[-123.51138,43.06642],[-123.51264,43.06698],[-123.51117,43.06817],[-123.51116,43.06946],[-123.51341,43.07072],[-123.51291,43.072],[-123.5138,43.07308],[-123.51513,43.07268],[-123.51529,43.07468],[-123.51785,43.07698],[-123.52034,43.07585],[-123.52006,43.07532],[-123.51866,43.07574],[-123.51811,43.07416],[-123.51957,43.07337],[-123.51898,43.07225],[-123.51996,43.07072],[-123.52206,43.07261],[-123.52363,43.0718],[-123.52452,43.07371],[-123.52695,43.0714],[-123.5271,43.07012],[-123.53059,43.06992],[-123.5306,43.06864],[-123.52765,43.06855],[-123.52774,43.06708],[-123.51982,43.06663],[-123.52119,43.06508],[-123.51943,43.06219],[-123.52309,43.06452],[-123.52647,43.06399],[-123.52578,43.06142],[-123.52274,43.05961],[-123.52243,43.05799],[-123.52545,43.0595],[-123.52671,43.05933],[-123.52688,43.06045],[-123.5287,43.06094],[-123.52916,43.06267],[-123.53137,43.06214],[-123.53056,43.06446],[-123.5322,43.06535],[-123.53311,43.06548],[-123.53672,43.06293],[-123.53747,43.06433],[-123.53678,43.0668],[-123.54176,43.06476],[-123.54399,43.06467],[-123.54721,43.06178],[-123.54853,43.05843],[-123.54788,43.05697],[-123.54316,43.06004],[-123.54076,43.0607],[-123.54102,43.059],[-123.54264,43.05812],[-123.54197,43.05717],[-123.54415,43.05622],[-123.5373,43.0559],[-123.53906,43.05447],[-123.53741,43.05437],[-123.5395,43.05293],[-123.53825,43.05217],[-123.53844,43.05104],[-123.53289,43.04988],[-123.53038,43.05036],[-123.53074,43.04924],[-123.5273,43.04711],[-123.53422,43.0483],[-123.53754,43.04803],[-123.5363,43.04684],[-123.53741,43.04644],[-123.5364,43.04579],[-123.53776,43.04501],[-123.53773,43.0428],[-123.54056,43.03908],[-123.53472,43.03963],[-123.54215,43.0365],[-123.54064,43.03503],[-123.53818,43.03488],[-123.53967,43.03348],[-123.53797,43.03276],[-123.5387,43.03144],[-123.53658,43.02992],[-123.53701,43.02899],[-123.53616,43.02709],[-123.52787,43.02649],[-123.52689,43.0278],[-123.52558,43.02744],[-123.52214,43.02854],[-123.51763,43.0314],[-123.51929,43.02948],[-123.51776,43.02955],[-123.52721,43.02435],[-123.53571,43.02458],[-123.53594,43.01849],[-123.53148,43.0181],[-123.53626,43.01668],[-123.53588,43.01519],[-123.53654,43.01369],[-123.53558,43.01255],[-123.53759,43.0128],[-123.53981,43.01018],[-123.54121,43.01315],[-123.54319,43.01361],[-123.54337,43.01196],[-123.54522,43.01081],[-123.54614,43.00912],[-123.54574,43.00828],[-123.55459,43.00572],[-123.55556,43.00382],[-123.55529,43.00258],[-123.55954,43.00077],[-123.55922,42.99795],[-123.56246,42.99778],[-123.56173,43.00072],[-123.55855,43.00391],[-123.55768,43.00615],[-123.55818,43.0066],[-123.55646,43.00768],[-123.55697,43.00858],[-123.55476,43.00869],[-123.5536,43.00985],[-123.55335,43.0112],[-123.5543,43.01206],[-123.55169,43.01367],[-123.55229,43.02205],[-123.55151,43.02362],[-123.55197,43.02527],[-123.55083,43.02632],[-123.55021,43.02859],[-123.55079,43.02969],[-123.54984,43.03025],[-123.55032,43.03152],[-123.55182,43.03349],[-123.55494,43.03404],[-123.55583,43.03536],[-123.55767,43.03575],[-123.57449,43.02913],[-123.57159,43.03318],[-123.56551,43.03707],[-123.56354,43.03815],[-123.55641,43.03954],[-123.56039,43.04345],[-123.5603,43.04584],[-123.56244,43.04511],[-123.56766,43.04558],[-123.57668,43.04405],[-123.58134,43.04455],[-123.5833,43.04509],[-123.58974,43.0495],[-123.59051,43.04847],[-123.58943,43.04497],[-123.59162,43.04664],[-123.5984,43.04024],[-123.59681,43.04681],[-123.60349,43.05013],[-123.60727,43.05019],[-123.60903,43.04934],[-123.609,43.04821],[-123.61125,43.04561],[-123.61272,43.04598],[-123.61401,43.04521],[-123.6197,43.04483],[-123.62594,43.0372],[-123.62474,43.03318],[-123.62576,43.03349],[-123.62743,43.03691],[-123.62279,43.04431],[-123.62352,43.04521],[-123.61992,43.04619],[-123.61943,43.04752],[-123.61738,43.04605],[-123.61645,43.04792],[-123.6134,43.04839],[-123.60715,43.05111],[-123.60164,43.05088],[-123.59571,43.0517],[-123.59137,43.05432],[-123.58932,43.05779],[-123.58862,43.05708],[-123.58901,43.05103],[-123.58292,43.04816],[-123.58058,43.04909],[-123.58144,43.04756],[-123.57741,43.04724],[-123.57047,43.04901],[-123.56837,43.05074],[-123.56667,43.05065],[-123.56614,43.05232],[-123.56495,43.04993],[-123.56246,43.04913],[-123.56026,43.05119],[-123.55988,43.04979],[-123.55793,43.05034],[-123.5576,43.04894],[-123.55531,43.04722],[-123.55544,43.04614],[-123.55405,43.04591],[-123.55504,43.04451],[-123.55379,43.04393],[-123.5528,43.04015],[-123.54829,43.04028],[-123.54713,43.03917],[-123.54554,43.03954],[-123.54488,43.04076],[-123.54451,43.04367],[-123.5458,43.04458],[-123.54557,43.04581],[-123.54709,43.0467],[-123.5459,43.04743],[-123.54627,43.04873],[-123.54917,43.05033],[-123.55058,43.04989],[-123.5523,43.05167],[-123.55452,43.05181],[-123.55629,43.0547],[-123.5566,43.05723],[-123.55899,43.05746],[-123.55991,43.06205],[-123.56376,43.06061],[-123.56415,43.06321],[-123.56673,43.06468],[-123.56887,43.0646],[-123.56775,43.06639],[-123.56873,43.06662],[-123.5695,43.06839],[-123.57515,43.06873],[-123.57678,43.06817],[-123.58124,43.06891],[-123.58139,43.06722],[-123.58389,43.06771],[-123.587,43.06465],[-123.58852,43.0661],[-123.58817,43.06735],[-123.58933,43.06811],[-123.58927,43.06892],[-123.58825,43.06924],[-123.58862,43.0703],[-123.58795,43.0712],[-123.59146,43.07072],[-123.59229,43.07131],[-123.59292,43.07036],[-123.59538,43.07022],[-123.59601,43.06855],[-123.59995,43.06869],[-123.60148,43.06776],[-123.60092,43.06674],[-123.6034,43.0674],[-123.6042,43.066],[-123.60584,43.06704],[-123.60678,43.0659],[-123.60892,43.06598],[-123.60889,43.06434],[-123.60984,43.06424],[-123.61212,43.06618],[-123.61616,43.06488],[-123.61676,43.06335],[-123.6178,43.06421],[-123.62397,43.06146],[-123.62407,43.06268],[-123.62824,43.06415],[-123.62139,43.06394],[-123.61821,43.06729],[-123.61811,43.06909],[-123.61705,43.06904],[-123.61705,43.06995],[-123.61519,43.07055],[-123.61314,43.06996],[-123.61149,43.07082],[-123.60844,43.07487],[-123.60876,43.07553],[-123.60785,43.07552],[-123.60802,43.0763],[-123.60646,43.07719],[-123.61095,43.07983],[-123.61417,43.08076],[-123.61565,43.08025],[-123.61631,43.0815],[-123.61796,43.08176],[-123.6195,43.08094],[-123.61908,43.07971],[-123.62079,43.08013],[-123.62124,43.07898],[-123.62278,43.07951],[-123.62434,43.07788],[-123.62639,43.07816],[-123.62668,43.07639],[-123.63051,43.07561],[-123.62825,43.07739],[-123.62799,43.07851],[-123.62941,43.07893],[-123.6321,43.07778],[-123.63431,43.07836],[-123.62979,43.07999],[-123.63385,43.08744],[-123.63129,43.08493],[-123.62973,43.08448],[-123.63019,43.08374],[-123.62921,43.08188],[-123.62708,43.07988],[-123.62242,43.08126],[-123.62056,43.08334],[-123.62225,43.08536],[-123.62247,43.08736],[-123.62355,43.0888],[-123.62633,43.09086],[-123.62696,43.09289],[-123.62577,43.09534],[-123.62411,43.09136],[-123.62096,43.09058],[-123.62081,43.08987],[-123.61944,43.09084],[-123.61756,43.09058],[-123.6203,43.08858],[-123.61843,43.08819],[-123.61961,43.08663],[-123.61882,43.08528],[-123.61742,43.08553],[-123.61664,43.08468],[-123.61537,43.08568],[-123.61429,43.08441],[-123.61292,43.08706],[-123.61281,43.0855],[-123.61128,43.08406],[-123.6105,43.08431],[-123.60932,43.0869],[-123.60759,43.08479],[-123.60486,43.08676],[-123.60418,43.08661],[-123.60395,43.08504],[-123.60214,43.08486],[-123.60003,43.08759],[-123.60194,43.0887],[-123.60063,43.08899],[-123.60019,43.09029],[-123.59843,43.08898],[-123.59748,43.08972],[-123.59622,43.08924],[-123.59444,43.08976],[-123.59188,43.09198],[-123.59261,43.09375],[-123.59492,43.0932],[-123.59565,43.09493],[-123.597,43.09404],[-123.59824,43.0948],[-123.6014,43.0935],[-123.60386,43.09438],[-123.605,43.09329],[-123.60814,43.09244],[-123.61156,43.0924],[-123.60836,43.095],[-123.61057,43.09701],[-123.60786,43.09637],[-123.60724,43.09787],[-123.60643,43.09695],[-123.60408,43.09745],[-123.60358,43.09902],[-123.60237,43.09865],[-123.60126,43.09973],[-123.60305,43.10184],[-123.60155,43.10246],[-123.60023,43.10256],[-123.59894,43.10114],[-123.59734,43.10243],[-123.59532,43.102],[-123.59631,43.10497],[-123.59934,43.1052],[-123.59702,43.10633],[-123.59705,43.10708],[-123.58988,43.10641],[-123.58958,43.10747],[-123.59204,43.10953],[-123.5908,43.11182],[-123.59384,43.11229],[-123.59472,43.1133],[-123.5968,43.11295],[-123.59888,43.11364],[-123.60012,43.11589],[-123.6019,43.11666],[-123.60927,43.11603],[-123.60924,43.11724],[-123.61302,43.11891],[-123.61501,43.11853],[-123.61479,43.11693],[-123.61677,43.11725],[-123.61838,43.11866],[-123.61709,43.12076],[-123.6204,43.1217],[-123.61934,43.12344],[-123.61943,43.12504],[-123.6261,43.12425],[-123.62888,43.12619],[-123.63242,43.1272],[-123.63321,43.12508],[-123.63907,43.12323],[-123.63337,43.12951],[-123.6348,43.1301],[-123.6405,43.12904],[-123.6352,43.13234],[-123.63469,43.13366],[-123.63534,43.13483],[-123.63955,43.13587],[-123.63256,43.13603],[-123.6323,43.13457],[-123.58289,43.17074],[-123.58486,43.17179],[-123.58514,43.17293],[-123.583,43.17422],[-123.58297,43.17633],[-123.58188,43.17717],[-123.57935,43.17671],[-123.5767,43.17749],[-123.57597,43.1796],[-123.57231,43.18088],[-123.572,43.18248],[-123.57299,43.18386],[-123.57075,43.18358],[-123.56936,43.18686],[-123.56671,43.18628],[-123.56692,43.18961],[-123.56088,43.19207],[-123.56085,43.19304],[-123.56217,43.19364],[-123.56178,43.19634],[-123.5626,43.19768],[-123.56015,43.19784],[-123.55932,43.19919],[-123.55976,43.20074],[-123.55851,43.20182],[-123.55919,43.20303],[-123.56138,43.20414],[-123.56082,43.20517],[-123.56222,43.20642],[-123.55845,43.20691],[-123.55688,43.20844],[-123.55816,43.20966],[-123.55344,43.21183],[-123.55066,43.21148],[-123.54784,43.20917],[-123.54214,43.21129],[-123.54259,43.21297],[-123.54494,43.21435],[-123.54551,43.21708],[-123.54478,43.21856],[-123.54287,43.21897],[-123.54283,43.21997],[-123.54004,43.21994],[-123.53765,43.2212],[-123.53849,43.22445],[-123.53778,43.22652],[-123.53821,43.22929],[-123.53659,43.2304],[-123.5373,43.23197],[-123.53603,43.23333],[-123.5381,43.23554],[-123.53732,43.23723],[-123.54112,43.23853],[-123.53639,43.24008],[-123.53506,43.2416],[-123.5365,43.24508],[-123.53914,43.24582],[-123.53661,43.24703],[-123.53614,43.24809],[-123.53258,43.24879],[-123.53245,43.25144],[-123.53405,43.25319],[-123.53132,43.25413],[-123.52972,43.25572],[-123.52933,43.25751],[-123.53097,43.2592],[-123.5258,43.26084],[-123.5199,43.26407],[-123.52073,43.26523],[-123.52046,43.26865],[-123.51857,43.26988],[-123.5205,43.2718],[-123.52107,43.27441],[-123.52052,43.27527],[-123.52328,43.27566],[-123.52226,43.27638],[-123.52171,43.2792],[-123.51733,43.27869],[-123.51713,43.28077],[-123.51581,43.27882],[-123.51497,43.27876],[-123.51445,43.28196],[-123.51153,43.27992],[-123.51025,43.28097],[-123.50998,43.28439],[-123.50721,43.28456],[-123.50677,43.28574],[-123.5043,43.28679],[-123.5046,43.28808],[-123.50753,43.2899],[-123.50803,43.29152],[-123.50634,43.29272],[-123.50759,43.29393],[-123.50764,43.29582],[-123.50866,43.29595],[-123.50762,43.29688],[-123.50694,43.29941],[-123.5109,43.2994],[-123.51142,43.30276],[-123.51432,43.30486],[-123.51791,43.30608],[-123.51582,43.30684],[-123.51556,43.30811],[-123.51287,43.31087],[-123.51054,43.31192],[-123.50863,43.31446],[-123.49888,43.31481],[-123.49434,43.31313],[-123.49201,43.31314],[-123.49545,43.31577],[-123.4998,43.31718],[-123.50706,43.31671],[-123.51244,43.31766],[-123.50888,43.31886],[-123.5071,43.32082],[-123.50784,43.32223],[-123.50966,43.32235],[-123.50793,43.32462],[-123.50778,43.32697],[-123.51062,43.32514],[-123.51261,43.32663],[-123.51431,43.3244],[-123.51661,43.32619],[-123.51988,43.32638],[-123.52163,43.32441],[-123.52559,43.32282],[-123.52709,43.32317],[-123.52862,43.3249],[-123.53318,43.32575],[-123.53264,43.32731],[-123.5352,43.33065],[-123.53461,43.3321],[-123.53155,43.33387],[-123.53133,43.33537],[-123.53718,43.33629],[-123.53722,43.33876],[-123.53944,43.33984],[-123.53748,43.34063],[-123.53878,43.34136],[-123.53924,43.34279],[-123.53663,43.3432],[-123.53763,43.34457],[-123.53318,43.34651],[-123.53458,43.34832],[-123.53265,43.35],[-123.53298,43.35187],[-123.5307,43.35184],[-123.53012,43.35295],[-123.52754,43.35281],[-123.527,43.35457],[-123.52796,43.35624],[-123.52549,43.35609],[-123.52497,43.35739],[-123.52266,43.35755],[-123.5228,43.35903],[-123.51947,43.35958],[-123.51905,43.36107],[-123.51996,43.36242],[-123.51734,43.36277],[-123.51752,43.36368],[-123.51654,43.36424],[-123.5149,43.36878],[-123.51691,43.37196],[-123.51931,43.37227],[-123.52286,43.37429],[-123.52336,43.3736],[-123.58491,43.40388],[-123.5853,43.51901],[-123.70555,43.6068],[-123.7054,43.65954],[-123.70992,43.65736],[-123.72137,43.65618],[-123.7829,43.65591],[-123.78872,43.65749],[-123.79229,43.66004],[-123.79332,43.66187],[-123.79404,43.67164],[-123.79563,43.67338],[-123.7988,43.67393],[-123.80931,43.66978],[-123.8098,43.66704],[-123.80745,43.66425],[-123.8076,43.65888],[-123.80939,43.65589],[-123.81373,43.65235],[-123.81797,43.65229],[-123.82625,43.65391],[-123.82715,43.66448],[-123.82776,43.69547],[-123.82859,43.69706],[-123.83303,43.69888],[-123.82817,43.69836],[-123.82651,43.70044],[-123.82434,43.70061],[-123.82592,43.69964],[-123.82659,43.6976],[-123.8241,43.6965],[-123.8259,43.69524],[-123.82361,43.69374],[-123.8253,43.69234],[-123.82455,43.69107],[-123.82548,43.69021],[-123.82511,43.68808],[-123.82705,43.68702],[-123.82376,43.68554],[-123.82297,43.68416],[-123.81978,43.68579],[-123.81927,43.68534],[-123.82077,43.68302],[-123.81876,43.68196],[-123.81947,43.68033],[-123.82288,43.68049],[-123.82305,43.67985],[-123.82091,43.67837],[-123.82377,43.67705],[-123.81958,43.67654],[-123.81936,43.67481],[-123.82183,43.67263],[-123.81633,43.67455],[-123.81406,43.67805],[-123.8119,43.6797],[-123.8124,43.68161],[-123.81179,43.68291],[-123.81304,43.68446],[-123.81269,43.686],[-123.81327,43.68667],[-123.81206,43.68827],[-123.81361,43.69139],[-123.81267,43.69415],[-123.80885,43.69361],[-123.80729,43.6948],[-123.80531,43.69468],[-123.80438,43.69848],[-123.80505,43.69935],[-123.80305,43.69945],[-123.80318,43.70239],[-123.80156,43.70177],[-123.80075,43.70258],[-123.7978,43.70177],[-123.7976,43.70061],[-123.79644,43.69989],[-123.79431,43.70039],[-123.79237,43.69823],[-123.78984,43.69815],[-123.78887,43.69639],[-123.7836,43.69666],[-123.78039,43.69553],[-123.78354,43.69384],[-123.78182,43.69294],[-123.78231,43.69189],[-123.78514,43.691],[-123.7815,43.69036],[-123.78126,43.68947],[-123.78249,43.68763],[-123.7849,43.68773],[-123.78684,43.68587],[-123.78686,43.68406],[-123.78832,43.68296],[-123.78814,43.68147],[-123.78725,43.68079],[-123.78453,43.68536],[-123.77963,43.68726],[-123.78077,43.6836],[-123.77711,43.68007],[-123.77636,43.68269],[-123.77403,43.68545],[-123.77307,43.68951],[-123.76966,43.68894],[-123.76672,43.69068],[-123.76694,43.6884],[-123.76457,43.68738],[-123.7665,43.68657],[-123.76559,43.68384],[-123.76469,43.68335],[-123.76515,43.68166],[-123.76232,43.67797],[-123.76142,43.67965],[-123.76261,43.68056],[-123.76124,43.68136],[-123.76143,43.68279],[-123.76049,43.6843],[-123.75744,43.68422],[-123.75691,43.68036],[-123.75603,43.68097],[-123.75535,43.68393],[-123.75377,43.6841],[-123.75244,43.68244],[-123.75073,43.68281],[-123.74917,43.68164],[-123.74985,43.68087],[-123.74764,43.68029],[-123.7487,43.67943],[-123.74786,43.67853],[-123.74904,43.67812],[-123.74968,43.67659],[-123.74661,43.67741],[-123.74591,43.67879],[-123.74413,43.67865],[-123.74425,43.67984],[-123.74351,43.68028],[-123.73963,43.67794],[-123.73872,43.67365],[-123.73782,43.6748],[-123.73877,43.67786],[-123.74032,43.6795],[-123.74006,43.6802],[-123.74512,43.68197],[-123.74468,43.68359],[-123.74711,43.68214],[-123.75167,43.68435],[-123.75191,43.68569],[-123.75444,43.68529],[-123.75436,43.68631],[-123.7563,43.68628],[-123.75728,43.68756],[-123.75898,43.68785],[-123.76058,43.69111],[-123.75826,43.69216],[-123.76135,43.69287],[-123.76065,43.6939],[-123.76228,43.69468],[-123.76009,43.69666],[-123.75858,43.69675],[-123.75716,43.69573],[-123.75629,43.69696],[-123.75663,43.69825],[-123.75555,43.69811],[-123.75475,43.69906],[-123.75328,43.69809],[-123.75356,43.69455],[-123.74836,43.69404],[-123.74938,43.69613],[-123.74639,43.6962],[-123.7446,43.69586],[-123.74217,43.69347],[-123.74078,43.69371],[-123.74193,43.69618],[-123.74451,43.6987],[-123.74062,43.70013],[-123.73717,43.69912],[-123.74001,43.70152],[-123.74161,43.70108],[-123.74369,43.70174],[-123.74317,43.70532],[-123.73949,43.70463],[-123.73926,43.70688],[-123.73543,43.70582],[-123.7336,43.70631],[-123.73178,43.70496],[-123.72767,43.70391],[-123.72733,43.70478],[-123.72944,43.70622],[-123.72926,43.70709],[-123.72731,43.70773],[-123.73051,43.70835],[-123.73029,43.70917],[-123.7317,43.70997],[-123.73137,43.71051],[-123.72863,43.70975],[-123.72906,43.71107],[-123.72832,43.71125],[-123.72658,43.70983],[-123.72372,43.70922],[-123.72383,43.7102],[-123.72518,43.71119],[-123.72472,43.71232],[-123.72654,43.7127],[-123.7266,43.7137],[-123.7278,43.71311],[-123.73236,43.71363],[-123.72964,43.7151],[-123.73325,43.71525],[-123.73244,43.71626],[-123.73363,43.71691],[-123.73168,43.71734],[-123.73149,43.71865],[-123.72809,43.71714],[-123.72811,43.72007],[-123.72592,43.71867],[-123.72185,43.71783],[-123.72342,43.72001],[-123.72037,43.7202],[-123.72057,43.72108],[-123.72259,43.72182],[-123.72219,43.72254],[-123.71975,43.72303],[-123.7192,43.72424],[-123.71687,43.72299],[-123.71238,43.72238],[-123.71223,43.72098],[-123.70796,43.71904],[-123.70246,43.70814],[-123.7005,43.71171],[-123.70294,43.7125],[-123.70233,43.71374],[-123.70403,43.71594],[-123.7021,43.71636],[-123.69848,43.7151],[-123.69683,43.7165],[-123.7002,43.71986],[-123.69915,43.72044],[-123.70023,43.72185],[-123.69649,43.72063],[-123.69662,43.71985],[-123.69328,43.71798],[-123.69058,43.72025],[-123.68697,43.71921],[-123.69002,43.71776],[-123.68863,43.71653],[-123.68876,43.71576],[-123.69299,43.71458],[-123.69315,43.71357],[-123.69025,43.71344],[-123.69188,43.71033],[-123.6867,43.70973],[-123.68912,43.70781],[-123.69154,43.70782],[-123.6946,43.70368],[-123.6899,43.70461],[-123.69038,43.70259],[-123.68885,43.70215],[-123.689,43.70144],[-123.68588,43.69906],[-123.68279,43.698],[-123.67808,43.70082],[-123.6783,43.70278],[-123.67742,43.70344],[-123.67605,43.70314],[-123.67504,43.70457],[-123.67353,43.70127],[-123.66973,43.7029],[-123.67046,43.70486],[-123.66754,43.7044],[-123.66899,43.70656],[-123.66463,43.70571],[-123.66522,43.70759],[-123.66741,43.70821],[-123.66701,43.7086],[-123.66465,43.70908],[-123.66262,43.70799],[-123.66139,43.70828],[-123.66217,43.71043],[-123.6632,43.7108],[-123.66276,43.71162],[-123.66433,43.71287],[-123.66817,43.71168],[-123.66636,43.71364],[-123.66714,43.71492],[-123.66907,43.71501],[-123.67115,43.7139],[-123.6712,43.71473],[-123.67224,43.71507],[-123.66814,43.7165],[-123.66919,43.71789],[-123.67191,43.71864],[-123.66949,43.71875],[-123.6691,43.71984],[-123.66402,43.71537],[-123.66137,43.71795],[-123.66072,43.71646],[-123.66155,43.71457],[-123.66081,43.71397],[-123.65633,43.71551],[-123.65576,43.71688],[-123.65715,43.71782],[-123.65558,43.71796],[-123.65497,43.71899],[-123.65455,43.71726],[-123.65268,43.71683],[-123.65419,43.71626],[-123.65397,43.71539],[-123.65123,43.71423],[-123.65483,43.71412],[-123.65855,43.71202],[-123.6575,43.70973],[-123.65501,43.711],[-123.65502,43.7103],[-123.65377,43.70984],[-123.65114,43.71043],[-123.65103,43.70946],[-123.65225,43.70894],[-123.65175,43.7071],[-123.65485,43.70719],[-123.65455,43.70528],[-123.65551,43.70499],[-123.65717,43.70658],[-123.65814,43.70642],[-123.65821,43.70534],[-123.66008,43.70434],[-123.65923,43.70203],[-123.66239,43.70268],[-123.66009,43.70008],[-123.66142,43.69977],[-123.66135,43.69887],[-123.66456,43.70079],[-123.66546,43.69997],[-123.66459,43.69774],[-123.66607,43.69677],[-123.66803,43.69822],[-123.66969,43.6973],[-123.66963,43.69639],[-123.67192,43.69532],[-123.67317,43.69635],[-123.67428,43.69518],[-123.6777,43.6951],[-123.67817,43.6939],[-123.67729,43.69192],[-123.67817,43.6907],[-123.68183,43.69084],[-123.68194,43.69167],[-123.68303,43.6919],[-123.68503,43.69083],[-123.68344,43.69016],[-123.68265,43.68804],[-123.68119,43.68896],[-123.67772,43.68901],[-123.67223,43.68649],[-123.67059,43.68709],[-123.67113,43.68792],[-123.6701,43.68907],[-123.67043,43.69102],[-123.66434,43.68947],[-123.66325,43.69077],[-123.66538,43.69302],[-123.66258,43.69404],[-123.65808,43.69384],[-123.65699,43.69361],[-123.65454,43.69092],[-123.65338,43.69132],[-123.65316,43.69064],[-123.64793,43.6899],[-123.64578,43.68614],[-123.64332,43.68574],[-123.63962,43.68943],[-123.64018,43.69104],[-123.64369,43.68792],[-123.64419,43.68901],[-123.64554,43.68948],[-123.64377,43.69324],[-123.64477,43.69393],[-123.64725,43.693],[-123.64685,43.69563],[-123.64988,43.69572],[-123.64886,43.69631],[-123.64866,43.69772],[-123.65543,43.69822],[-123.6528,43.69971],[-123.65254,43.70067],[-123.65067,43.70052],[-123.64968,43.70177],[-123.64819,43.70144],[-123.6491,43.70324],[-123.65138,43.70352],[-123.65059,43.7049],[-123.64902,43.7056],[-123.64782,43.70736],[-123.64718,43.70708],[-123.64576,43.7047],[-123.64267,43.70393],[-123.64087,43.70261],[-123.64253,43.70142],[-123.64287,43.69946],[-123.64084,43.70048],[-123.64081,43.69894],[-123.63875,43.69924],[-123.63874,43.6978],[-123.63755,43.69758],[-123.63706,43.69616],[-123.63364,43.69408],[-123.63231,43.69503],[-123.63492,43.69751],[-123.63411,43.69815],[-123.63514,43.69874],[-123.63405,43.69958],[-123.6345,43.70007],[-123.63207,43.70018],[-123.63442,43.70182],[-123.63393,43.70278],[-123.63451,43.70359],[-123.63756,43.70365],[-123.63707,43.70563],[-123.63922,43.70468],[-123.63992,43.70497],[-123.63977,43.70684],[-123.64134,43.70642],[-123.64203,43.70743],[-123.64388,43.70758],[-123.64481,43.70948],[-123.64068,43.71022],[-123.64552,43.71256],[-123.64116,43.71315],[-123.63947,43.71525],[-123.63804,43.71573],[-123.63813,43.71252],[-123.63655,43.71109],[-123.63446,43.71061],[-123.63495,43.71292],[-123.63417,43.71371],[-123.63435,43.71495],[-123.63295,43.71457],[-123.62651,43.7099],[-123.62772,43.70912],[-123.62735,43.70829],[-123.62832,43.70736],[-123.62518,43.70634],[-123.62512,43.70524],[-123.62169,43.70424],[-123.61979,43.70239],[-123.61994,43.70121],[-123.61501,43.70181],[-123.61463,43.70236],[-123.6157,43.70419],[-123.61735,43.70485],[-123.61852,43.70696],[-123.62057,43.7065],[-123.62233,43.70764],[-123.62248,43.70917],[-123.62116,43.70991],[-123.62139,43.71043],[-123.62517,43.71075],[-123.62596,43.71199],[-123.62321,43.71318],[-123.62356,43.71449],[-123.6246,43.71549],[-123.62928,43.71663],[-123.62968,43.71758],[-123.62436,43.71826],[-123.6232,43.72014],[-123.62204,43.72034],[-123.62164,43.71755],[-123.61968,43.71668],[-123.6184,43.71732],[-123.61777,43.71533],[-123.61584,43.71386],[-123.61508,43.7196],[-123.61415,43.72041],[-123.61448,43.72143],[-123.61146,43.71916],[-123.60627,43.71856],[-123.60764,43.71717],[-123.60615,43.71574],[-123.6078,43.71476],[-123.60496,43.71331],[-123.60788,43.7114],[-123.60617,43.71098],[-123.60578,43.71003],[-123.60752,43.70826],[-123.60222,43.70779],[-123.60294,43.71052],[-123.59838,43.71019],[-123.60033,43.71252],[-123.60029,43.71345],[-123.6014,43.71332],[-123.6019,43.71446],[-123.60369,43.71436],[-123.60396,43.71681],[-123.60289,43.71759],[-123.60026,43.71728],[-123.59894,43.71923],[-123.60126,43.71914],[-123.6009,43.72151],[-123.6035,43.72033],[-123.60367,43.72267],[-123.60548,43.7216],[-123.60842,43.7217],[-123.60556,43.72557],[-123.60655,43.7266],[-123.60909,43.72535],[-123.6078,43.72814],[-123.61256,43.72872],[-123.61088,43.72921],[-123.60965,43.73125],[-123.6066,43.73095],[-123.60756,43.73292],[-123.60558,43.73196],[-123.60209,43.73368],[-123.60258,43.73146],[-123.59576,43.73137],[-123.59488,43.73209],[-123.59252,43.73131],[-123.59047,43.73216],[-123.58582,43.73113],[-123.5894,43.72877],[-123.58731,43.72747],[-123.58504,43.72794],[-123.58485,43.72742],[-123.58729,43.725],[-123.58654,43.72353],[-123.58744,43.723],[-123.58664,43.72185],[-123.58705,43.72076],[-123.58605,43.71917],[-123.58952,43.71813],[-123.58982,43.71577],[-123.58927,43.71517],[-123.58748,43.71783],[-123.58367,43.71859],[-123.58116,43.7182],[-123.58196,43.72005],[-123.58356,43.72111],[-123.5817,43.72271],[-123.58389,43.7228],[-123.58367,43.72455],[-123.58053,43.72593],[-123.58043,43.72733],[-123.57665,43.72652],[-123.57757,43.72568],[-123.57714,43.72451],[-123.57431,43.72215],[-123.57306,43.72247],[-123.57262,43.72382],[-123.57108,43.72371],[-123.57208,43.72572],[-123.57037,43.72698],[-123.57533,43.73044],[-123.57214,43.7312],[-123.56836,43.73069],[-123.56778,43.7314],[-123.56556,43.73007],[-123.56208,43.73079],[-123.56074,43.72963],[-123.5628,43.72797],[-123.55825,43.72674],[-123.55596,43.72321],[-123.55492,43.72282],[-123.55586,43.72124],[-123.55952,43.72334],[-123.56065,43.72338],[-123.56015,43.72183],[-123.5615,43.72126],[-123.56402,43.72213],[-123.56515,43.72054],[-123.56038,43.71916],[-123.55882,43.7178],[-123.56073,43.71797],[-123.56327,43.71678],[-123.56135,43.71488],[-123.56282,43.71428],[-123.56242,43.71219],[-123.56338,43.71085],[-123.56593,43.7118],[-123.5669,43.71358],[-123.56906,43.71405],[-123.5692,43.71186],[-123.56773,43.70786],[-123.57188,43.70975],[-123.57335,43.70908],[-123.57431,43.71056],[-123.57404,43.71177],[-123.57562,43.71122],[-123.57759,43.71188],[-123.57662,43.70845],[-123.57914,43.7077],[-123.58031,43.70862],[-123.58088,43.70636],[-123.58413,43.70706],[-123.58404,43.70596],[-123.58565,43.70598],[-123.58708,43.70465],[-123.58555,43.70285],[-123.58583,43.69984],[-123.58375,43.70149],[-123.58103,43.7009],[-123.57992,43.70512],[-123.57367,43.70578],[-123.57115,43.70373],[-123.57121,43.70244],[-123.57019,43.70214],[-123.57262,43.7008],[-123.57072,43.69743],[-123.56907,43.69614],[-123.56804,43.6989],[-123.56699,43.69944],[-123.56756,43.70028],[-123.5658,43.7012],[-123.56665,43.7025],[-123.56466,43.70454],[-123.56011,43.7008],[-123.56098,43.69945],[-123.55816,43.69852],[-123.56005,43.69635],[-123.55594,43.69593],[-123.55283,43.69012],[-123.55212,43.6908],[-123.55291,43.6922],[-123.55051,43.69306],[-123.55114,43.69473],[-123.54665,43.6948],[-123.54576,43.69544],[-123.54714,43.69698],[-123.54493,43.69764],[-123.54695,43.69901],[-123.55003,43.69813],[-123.55004,43.7001],[-123.55143,43.69956],[-123.55332,43.70066],[-123.55223,43.7021],[-123.55555,43.70164],[-123.55634,43.70252],[-123.55588,43.70337],[-123.55925,43.70503],[-123.55997,43.70619],[-123.55655,43.70786],[-123.55712,43.70831],[-123.55661,43.70903],[-123.55892,43.70965],[-123.55616,43.71057],[-123.55722,43.71208],[-123.55451,43.71409],[-123.55528,43.71501],[-123.55368,43.71539],[-123.55376,43.71665],[-123.55274,43.71662],[-123.55126,43.71856],[-123.54943,43.71843],[-123.54882,43.71708],[-123.5503,43.7152],[-123.54829,43.71237],[-123.55054,43.71143],[-123.55177,43.70919],[-123.54928,43.70678],[-123.54694,43.7075],[-123.54594,43.70719],[-123.54537,43.70588],[-123.54354,43.7067],[-123.53983,43.70569],[-123.53768,43.7035],[-123.53792,43.70199],[-123.53625,43.70108],[-123.53627,43.70492],[-123.53733,43.70722],[-123.53591,43.70774],[-123.53562,43.70941],[-123.53348,43.70675],[-123.53093,43.7057],[-123.52922,43.70603],[-123.52692,43.70482],[-123.52669,43.70344],[-123.5223,43.70215],[-123.52326,43.70077],[-123.52475,43.70057],[-123.52382,43.69858],[-123.52548,43.69759],[-123.5286,43.69698],[-123.52929,43.6959],[-123.5333,43.69601],[-123.5354,43.69522],[-123.53423,43.69344],[-123.53192,43.69278],[-123.52922,43.69069],[-123.52676,43.69054],[-123.52693,43.68909],[-123.52555,43.68748],[-123.52827,43.68676],[-123.52798,43.68383],[-123.52714,43.68281],[-123.52954,43.68157],[-123.52901,43.68059],[-123.52632,43.68133],[-123.52668,43.68196],[-123.5254,43.68252],[-123.52509,43.68402],[-123.52358,43.6827],[-123.52156,43.6824],[-123.5226,43.68766],[-123.5219,43.68861],[-123.52284,43.68977],[-123.5207,43.69055],[-123.51701,43.69013],[-123.52044,43.69135],[-123.5194,43.69267],[-123.52201,43.69266],[-123.52152,43.69446],[-123.52321,43.69519],[-123.52057,43.69726],[-123.51749,43.69653],[-123.51638,43.69698],[-123.51615,43.69776],[-123.51777,43.69976],[-123.51495,43.70003],[-123.51373,43.70133],[-123.51454,43.70223],[-123.51376,43.70365],[-123.51828,43.70316],[-123.51675,43.70632],[-123.52061,43.70537],[-123.52168,43.70596],[-123.52033,43.70781],[-123.52345,43.70744],[-123.52384,43.70867],[-123.52279,43.71042],[-123.52622,43.71036],[-123.52725,43.71126],[-123.52431,43.71279],[-123.5223,43.71522],[-123.52618,43.71405],[-123.53138,43.71453],[-123.52931,43.71588],[-123.52959,43.71685],[-123.52604,43.71675],[-123.52347,43.71924],[-123.52434,43.72024],[-123.52761,43.72017],[-123.52535,43.72181],[-123.5306,43.72142],[-123.53039,43.72208],[-123.53117,43.72248],[-123.52938,43.72281],[-123.52975,43.72414],[-123.52793,43.72335],[-123.52773,43.72422],[-123.52644,43.72393],[-123.526,43.72519],[-123.52302,43.72398],[-123.52213,43.72582],[-123.51997,43.72394],[-123.52148,43.72233],[-123.51988,43.72204],[-123.51982,43.71952],[-123.51533,43.71821],[-123.51152,43.71425],[-123.50013,43.70792],[-123.49986,43.70866],[-123.50159,43.71121],[-123.49971,43.712],[-123.50029,43.7126],[-123.49762,43.71432],[-123.49988,43.71447],[-123.49892,43.71602],[-123.50108,43.71575],[-123.50094,43.71676],[-123.50249,43.71698],[-123.50118,43.71855],[-123.49571,43.71949],[-123.49529,43.72046],[-123.49649,43.72141],[-123.50496,43.71819],[-123.50456,43.72026],[-123.50673,43.71963],[-123.50826,43.7201],[-123.50157,43.72316],[-123.51031,43.72268],[-123.5099,43.72416],[-123.5137,43.72293],[-123.51116,43.72612],[-123.51232,43.72616],[-123.51426,43.72473],[-123.51445,43.72624],[-123.51596,43.72603],[-123.51644,43.72672],[-123.51524,43.72771],[-123.51728,43.72968],[-123.50567,43.72897],[-123.50758,43.732],[-123.51143,43.73283],[-123.50813,43.73386],[-123.51079,43.73565],[-123.50677,43.73561],[-123.50564,43.73737],[-123.50458,43.7349],[-123.50181,43.73312],[-123.50172,43.73172],[-123.49924,43.7282],[-123.49392,43.72668],[-123.4942,43.72826],[-123.49306,43.72884],[-123.49552,43.72987],[-123.49342,43.73126],[-123.497,43.73117],[-123.49744,43.73192],[-123.49572,43.73361],[-123.49755,43.73489],[-123.49258,43.73445],[-123.49188,43.73538],[-123.4934,43.7358],[-123.49328,43.73742],[-123.49513,43.737],[-123.49957,43.73804],[-123.49875,43.73899],[-123.49975,43.74011],[-123.49734,43.73953],[-123.49504,43.74022],[-123.49516,43.74122],[-123.4974,43.74275],[-123.49711,43.74354],[-123.49854,43.74472],[-123.49703,43.74554],[-123.49555,43.74416],[-123.4939,43.74442],[-123.49338,43.7431],[-123.49146,43.74336],[-123.49143,43.74137],[-123.48909,43.73894],[-123.48729,43.74062],[-123.48804,43.74128],[-123.48816,43.74328],[-123.4875,43.74429],[-123.48478,43.74186],[-123.48219,43.74337],[-123.48134,43.74477],[-123.48063,43.74284],[-123.47888,43.74155],[-123.48221,43.741],[-123.48217,43.7401],[-123.4833,43.73943],[-123.48265,43.73835],[-123.48371,43.73696],[-123.48243,43.73655],[-123.47918,43.73754],[-123.47862,43.73582],[-123.47506,43.73724],[-123.47631,43.73424],[-123.47186,43.73389],[-123.472,43.73226],[-123.47354,43.7327],[-123.47491,43.7321],[-123.4752,43.73004],[-123.47743,43.73148],[-123.48418,43.73184],[-123.48079,43.72994],[-123.47941,43.7282],[-123.48144,43.72798],[-123.48144,43.7264],[-123.48425,43.72684],[-123.48577,43.72586],[-123.48474,43.72477],[-123.47955,43.72386],[-123.48003,43.7227],[-123.47912,43.72109],[-123.48,43.72052],[-123.48231,43.72151],[-123.48322,43.72059],[-123.48505,43.72122],[-123.48672,43.72048],[-123.48556,43.71715],[-123.48197,43.71513],[-123.48038,43.71326],[-123.48116,43.71278],[-123.4806,43.71164],[-123.48167,43.71115],[-123.48441,43.71287],[-123.48632,43.71244],[-123.48539,43.71009],[-123.48771,43.70903],[-123.48535,43.7077],[-123.48563,43.7066],[-123.48676,43.70631],[-123.48632,43.70522],[-123.48333,43.70637],[-123.48074,43.70553],[-123.47784,43.70584],[-123.47297,43.70785],[-123.47258,43.70944],[-123.47436,43.70955],[-123.47572,43.71095],[-123.47406,43.71291],[-123.4771,43.71291],[-123.47592,43.71474],[-123.479,43.71692],[-123.47265,43.71706],[-123.47379,43.71953],[-123.4758,43.71947],[-123.47589,43.72097],[-123.47364,43.72184],[-123.47333,43.72315],[-123.47553,43.72482],[-123.47242,43.72525],[-123.47188,43.7258],[-123.47244,43.72668],[-123.47128,43.72668],[-123.47094,43.72748],[-123.46961,43.7271],[-123.47014,43.72618],[-123.46859,43.72483],[-123.47031,43.72413],[-123.4697,43.72258],[-123.46707,43.72024],[-123.46705,43.71768],[-123.46526,43.71634],[-123.46316,43.71652],[-123.46291,43.71881],[-123.46107,43.72035],[-123.45392,43.72017],[-123.45318,43.72212],[-123.45518,43.72203],[-123.45517,43.72325],[-123.45634,43.72312],[-123.45648,43.72423],[-123.45822,43.72349],[-123.4586,43.72544],[-123.46149,43.72509],[-123.45908,43.72816],[-123.46356,43.72653],[-123.46403,43.72747],[-123.46276,43.7289],[-123.46438,43.72986],[-123.46117,43.73061],[-123.4608,43.73131],[-123.46231,43.73239],[-123.46542,43.73201],[-123.46512,43.73296],[-123.46588,43.73364],[-123.4625,43.73429],[-123.46265,43.7361],[-123.4602,43.73551],[-123.45919,43.73374],[-123.4573,43.73367],[-123.45414,43.73112],[-123.45341,43.7312],[-123.45296,43.73302],[-123.4511,43.73276],[-123.44829,43.72838],[-123.4449,43.73082],[-123.44532,43.73246],[-123.44235,43.73259],[-123.44242,43.73426],[-123.44586,43.73387],[-123.44415,43.7364],[-123.44688,43.73568],[-123.44653,43.73814],[-123.45286,43.73702],[-123.45001,43.7392],[-123.45304,43.73994],[-123.44556,43.74123],[-123.44711,43.74289],[-123.44981,43.74327],[-123.45006,43.74438],[-123.45171,43.74403],[-123.45104,43.74503],[-123.45203,43.74532],[-123.45176,43.74626],[-123.44821,43.74537],[-123.44543,43.74569],[-123.44309,43.74456],[-123.43982,43.74571],[-123.43981,43.74194],[-123.44079,43.74135],[-123.43926,43.74029],[-123.4365,43.74197],[-123.43562,43.74505],[-123.43422,43.74516],[-123.43239,43.74312],[-123.43058,43.74262],[-123.43093,43.74184],[-123.43007,43.74131],[-123.431,43.74024],[-123.42655,43.73974],[-123.42831,43.73824],[-123.43318,43.73644],[-123.42676,43.73636],[-123.42553,43.7356],[-123.42536,43.73452],[-123.4266,43.73514],[-123.42815,43.73453],[-123.42736,43.73351],[-123.42883,43.73298],[-123.4281,43.73101],[-123.43204,43.73244],[-123.42951,43.72896],[-123.43457,43.72948],[-123.43153,43.72693],[-123.43308,43.7267],[-123.4326,43.72536],[-123.43438,43.72562],[-123.43467,43.72404],[-123.43596,43.7245],[-123.43773,43.72276],[-123.44036,43.72318],[-123.44116,43.72202],[-123.43832,43.72179],[-123.42738,43.72415],[-123.424,43.72392],[-123.42517,43.726],[-123.42538,43.72879],[-123.42361,43.72979],[-123.42053,43.72883],[-123.41901,43.73071],[-123.41911,43.73196],[-123.42036,43.73309],[-123.41965,43.73347],[-123.41678,43.73336],[-123.41686,43.73259],[-123.41549,43.7321],[-123.41566,43.73043],[-123.41437,43.729],[-123.41298,43.72953],[-123.41283,43.73125],[-123.41187,43.73208],[-123.40946,43.73184],[-123.40914,43.734],[-123.40233,43.73515],[-123.40208,43.73435],[-123.40464,43.73274],[-123.40536,43.73102],[-123.40169,43.73207],[-123.40215,43.73088],[-123.3993,43.73072],[-123.39873,43.7287],[-123.40092,43.72873],[-123.40151,43.72701],[-123.4031,43.72812],[-123.40387,43.72764],[-123.40482,43.72822],[-123.40504,43.72717],[-123.40811,43.72729],[-123.40953,43.72654],[-123.40564,43.72575],[-123.40346,43.72323],[-123.40638,43.72321],[-123.4103,43.72199],[-123.41345,43.72347],[-123.41447,43.72242],[-123.41335,43.7207],[-123.41145,43.72027],[-123.41068,43.72099],[-123.40893,43.71955],[-123.40746,43.72001],[-123.40591,43.7187],[-123.4068,43.71738],[-123.41076,43.7167],[-123.40958,43.71536],[-123.40737,43.71503],[-123.40763,43.71268],[-123.40624,43.71152],[-123.40804,43.70998],[-123.40968,43.71227],[-123.41088,43.71265],[-123.41582,43.7106],[-123.41714,43.71084],[-123.41638,43.71226],[-123.41721,43.71285],[-123.41633,43.71414],[-123.41836,43.71482],[-123.41795,43.71614],[-123.41923,43.71633],[-123.41919,43.71716],[-123.4209,43.71805],[-123.4225,43.7177],[-123.42479,43.71023],[-123.42918,43.71263],[-123.43012,43.71528],[-123.43158,43.71264],[-123.43402,43.71341],[-123.43496,43.71164],[-123.43391,43.70947],[-123.43724,43.70883],[-123.44201,43.70571],[-123.44359,43.70633],[-123.44237,43.70926],[-123.4428,43.71114],[-123.44482,43.71116],[-123.44474,43.70869],[-123.44648,43.70712],[-123.449,43.70888],[-123.44954,43.71012],[-123.45244,43.71047],[-123.45023,43.70901],[-123.4502,43.70696],[-123.44909,43.70481],[-123.44695,43.70353],[-123.44668,43.70247],[-123.4477,43.70216],[-123.44703,43.7011],[-123.44754,43.69986],[-123.44938,43.7002],[-123.44956,43.70149],[-123.45086,43.7024],[-123.45306,43.70228],[-123.45362,43.70321],[-123.45646,43.70214],[-123.45919,43.70235],[-123.45997,43.70395],[-123.46138,43.70298],[-123.46262,43.70367],[-123.46406,43.70224],[-123.46176,43.70125],[-123.4536,43.7002],[-123.4533,43.69964],[-123.45569,43.69851],[-123.45268,43.69598],[-123.4571,43.69523],[-123.4599,43.69564],[-123.45943,43.69322],[-123.46015,43.69192],[-123.46207,43.69081],[-123.46339,43.69206],[-123.46494,43.69014],[-123.46447,43.68833],[-123.46964,43.68885],[-123.46988,43.68995],[-123.47319,43.68972],[-123.47317,43.69095],[-123.47529,43.69134],[-123.47587,43.69103],[-123.47391,43.68859],[-123.47606,43.68757],[-123.47624,43.6856],[-123.47797,43.68494],[-123.47998,43.68536],[-123.48076,43.68422],[-123.48197,43.6842],[-123.48336,43.6851],[-123.48264,43.68694],[-123.48505,43.68631],[-123.48731,43.687],[-123.48751,43.68905],[-123.48868,43.68917],[-123.48988,43.68568],[-123.492,43.6863],[-123.49552,43.68494],[-123.49644,43.6859],[-123.49794,43.6853],[-123.49998,43.68611],[-123.50122,43.68424],[-123.50412,43.68332],[-123.50216,43.68061],[-123.50086,43.68269],[-123.49598,43.68158],[-123.49342,43.68373],[-123.48971,43.68511],[-123.4816,43.67789],[-123.47753,43.67737],[-123.47859,43.68034],[-123.47852,43.68146],[-123.47763,43.68199],[-123.4793,43.68396],[-123.47764,43.68436],[-123.4725,43.68339],[-123.47259,43.6854],[-123.47481,43.68602],[-123.47401,43.68765],[-123.47178,43.68728],[-123.47086,43.68792],[-123.46942,43.68686],[-123.46813,43.68774],[-123.46645,43.68678],[-123.46636,43.68566],[-123.46133,43.6795],[-123.45984,43.68042],[-123.46077,43.68274],[-123.45967,43.68319],[-123.46006,43.68447],[-123.45757,43.6837],[-123.45615,43.68428],[-123.45842,43.68643],[-123.45657,43.68676],[-123.4589,43.6889],[-123.45587,43.68889],[-123.45483,43.69047],[-123.45261,43.6872],[-123.44964,43.68872],[-123.44888,43.68643],[-123.44872,43.67696],[-123.44649,43.6764],[-123.4451,43.67776],[-123.44568,43.67854],[-123.44506,43.6801],[-123.44254,43.67904],[-123.44147,43.68069],[-123.43839,43.67963],[-123.439,43.68298],[-123.43196,43.68006],[-123.43559,43.68319],[-123.43299,43.68412],[-123.43275,43.68501],[-123.43923,43.68634],[-123.43454,43.68789],[-123.43736,43.68883],[-123.43577,43.69011],[-123.43745,43.69107],[-123.43566,43.69146],[-123.43343,43.6907],[-123.42733,43.68707],[-123.43047,43.69078],[-123.43322,43.69268],[-123.43281,43.69366],[-123.43922,43.69461],[-123.43641,43.6962],[-123.44048,43.69707],[-123.43802,43.69767],[-123.43779,43.69943],[-123.43258,43.69738],[-123.43185,43.69822],[-123.43244,43.69925],[-123.43117,43.69933],[-123.43161,43.70076],[-123.43041,43.70144],[-123.42869,43.69889],[-123.42789,43.69589],[-123.4249,43.69605],[-123.42202,43.69266],[-123.42203,43.69093],[-123.41939,43.68882],[-123.41845,43.6898],[-123.41799,43.69117],[-123.42002,43.69257],[-123.41967,43.69386],[-123.42051,43.695],[-123.4166,43.6942],[-123.41551,43.69494],[-123.41793,43.69678],[-123.42063,43.69762],[-123.41981,43.69865],[-123.42304,43.69868],[-123.42365,43.70024],[-123.42147,43.70109],[-123.42281,43.70241],[-123.42504,43.70266],[-123.42355,43.70352],[-123.42567,43.70504],[-123.4224,43.70449],[-123.42091,43.70555],[-123.41876,43.70236],[-123.41628,43.70166],[-123.41487,43.70272],[-123.41548,43.70377],[-123.41503,43.70454],[-123.41398,43.70385],[-123.41313,43.70491],[-123.41145,43.70432],[-123.40993,43.70187],[-123.41002,43.70068],[-123.41113,43.69998],[-123.41085,43.69906],[-123.40934,43.69822],[-123.40536,43.69914],[-123.40482,43.69752],[-123.40535,43.69558],[-123.40441,43.6936],[-123.402,43.69056],[-123.40044,43.69021],[-123.40082,43.69391],[-123.39914,43.69474],[-123.40141,43.6955],[-123.40053,43.69719],[-123.40097,43.69783],[-123.39998,43.6986],[-123.40195,43.69928],[-123.40335,43.70102],[-123.40225,43.70135],[-123.40228,43.70271],[-123.40564,43.70403],[-123.40486,43.70463],[-123.405,43.70566],[-123.40296,43.70517],[-123.40269,43.70685],[-123.40017,43.70568],[-123.39872,43.70886],[-123.39784,43.70801],[-123.39648,43.70314],[-123.39478,43.7021],[-123.393,43.70219],[-123.39117,43.70036],[-123.38948,43.70084],[-123.38972,43.70254],[-123.3932,43.70447],[-123.39412,43.70644],[-123.39091,43.70695],[-123.39078,43.70817],[-123.39667,43.71095],[-123.39549,43.71127],[-123.39653,43.71284],[-123.39049,43.71252],[-123.39803,43.71445],[-123.39662,43.717],[-123.3967,43.71917],[-123.39584,43.71942],[-123.39536,43.7209],[-123.39416,43.71885],[-123.39028,43.71601],[-123.39129,43.71876],[-123.39096,43.72161],[-123.3896,43.71892],[-123.38907,43.72132],[-123.38777,43.72253],[-123.38667,43.71866],[-123.38702,43.71724],[-123.38615,43.71658],[-123.38415,43.72255],[-123.38282,43.71946],[-123.38076,43.72289],[-123.38052,43.72121],[-123.37897,43.72136],[-123.37894,43.72052],[-123.38023,43.71974],[-123.37954,43.71886],[-123.38126,43.7179],[-123.3808,43.71723],[-123.38204,43.71664],[-123.38091,43.71601],[-123.3809,43.71509],[-123.38358,43.71314],[-123.38143,43.71099],[-123.37985,43.712],[-123.37805,43.71186],[-123.37698,43.71288],[-123.37785,43.71582],[-123.37657,43.71665],[-123.37341,43.71441],[-123.37122,43.71145],[-123.37412,43.70875],[-123.37327,43.7074],[-123.37586,43.70597],[-123.37578,43.70158],[-123.37508,43.70067],[-123.36969,43.70009],[-123.36936,43.69863],[-123.36859,43.69841],[-123.36697,43.70088],[-123.36847,43.70303],[-123.36719,43.70388],[-123.3691,43.70603],[-123.3683,43.7077],[-123.37075,43.70862],[-123.36855,43.71056],[-123.37008,43.71266],[-123.37065,43.71674],[-123.36793,43.71672],[-123.36947,43.7193],[-123.37162,43.7205],[-123.37083,43.72108],[-123.37289,43.7231],[-123.37344,43.7248],[-123.36895,43.72336],[-123.36737,43.72444],[-123.36415,43.7227],[-123.36264,43.72015],[-123.36431,43.72663],[-123.36931,43.72972],[-123.37194,43.72977],[-123.36859,43.73161],[-123.36779,43.73286],[-123.36664,43.73143],[-123.36342,43.73056],[-123.36308,43.73212],[-123.36442,43.7349],[-123.36303,43.73418],[-123.36175,43.73491],[-123.35948,43.7313],[-123.35982,43.72778],[-123.35808,43.72832],[-123.35666,43.72656],[-123.35735,43.72882],[-123.35638,43.73049],[-123.35784,43.73216],[-123.35627,43.73328],[-123.35861,43.73593],[-123.35968,43.7392],[-123.35354,43.73743],[-123.35396,43.74054],[-123.35607,43.74263],[-123.35401,43.74308],[-123.35289,43.74237],[-123.35164,43.74304],[-123.35146,43.7409],[-123.34943,43.74264],[-123.3494,43.74034],[-123.34755,43.74084],[-123.34553,43.74294],[-123.34379,43.74327],[-123.34494,43.74135],[-123.34389,43.73996],[-123.34598,43.73944],[-123.3468,43.73835],[-123.34496,43.73728],[-123.35008,43.73308],[-123.34849,43.73292],[-123.34763,43.73199],[-123.34436,43.73343],[-123.34462,43.73193],[-123.34637,43.72987],[-123.34532,43.72953],[-123.34538,43.72854],[-123.34803,43.72729],[-123.34796,43.72568],[-123.34398,43.72684],[-123.34496,43.72434],[-123.34352,43.72426],[-123.34427,43.72227],[-123.34247,43.72333],[-123.341,43.72255],[-123.3399,43.72396],[-123.33791,43.72123],[-123.3399,43.71648],[-123.34098,43.71585],[-123.34056,43.71274],[-123.34251,43.71238],[-123.34341,43.71047],[-123.34149,43.70835],[-123.33999,43.70787],[-123.33885,43.70582],[-123.33507,43.70593],[-123.33515,43.71004],[-123.33374,43.71167],[-123.3361,43.71445],[-123.33458,43.71608],[-123.33513,43.71791],[-123.33456,43.71873],[-123.33297,43.71868],[-123.33157,43.71736],[-123.32995,43.71881],[-123.3284,43.71749],[-123.32767,43.71796],[-123.3277,43.71984],[-123.33436,43.72166],[-123.33623,43.72321],[-123.33586,43.72463],[-123.33723,43.72463],[-123.33745,43.72566],[-123.34015,43.72733],[-123.34118,43.7298],[-123.33297,43.72862],[-123.33635,43.73164],[-123.33991,43.73336],[-123.33929,43.73456],[-123.34065,43.73679],[-123.33924,43.73683],[-123.33897,43.73794],[-123.33744,43.73717],[-123.33667,43.73835],[-123.33521,43.73609],[-123.33078,43.73435],[-123.3333,43.73669],[-123.33345,43.73865],[-123.33474,43.74036],[-123.33238,43.74048],[-123.33169,43.7419],[-123.33033,43.73885],[-123.32793,43.73818],[-123.3275,43.74081],[-123.32864,43.7436],[-123.32653,43.74531],[-123.32491,43.74282],[-123.32352,43.74502],[-123.32256,43.74357],[-123.32272,43.74161],[-123.32032,43.74132],[-123.32182,43.73809],[-123.3208,43.7392],[-123.31919,43.73858],[-123.31746,43.73993],[-123.31625,43.73861],[-123.31694,43.7365],[-123.31598,43.73542],[-123.31608,43.73416],[-123.31451,43.73258],[-123.31339,43.73253],[-123.31411,43.73394],[-123.31364,43.73564],[-123.31137,43.73792],[-123.31367,43.73984],[-123.31429,43.74171],[-123.31922,43.74297],[-123.32024,43.74515],[-123.3227,43.74652],[-123.32037,43.74723],[-123.31928,43.74648],[-123.31756,43.74689],[-123.31722,43.75076],[-123.31442,43.74718],[-123.30926,43.74653],[-123.3116,43.74895],[-123.30916,43.74993],[-123.31319,43.75132],[-123.31632,43.75364],[-123.31147,43.75343],[-123.31522,43.75505],[-123.31519,43.7559],[-123.3166,43.75671],[-123.31816,43.75691],[-123.31739,43.75758],[-123.31792,43.75818],[-123.31675,43.75867],[-123.31474,43.75784],[-123.31549,43.75878],[-123.31455,43.75972],[-123.31443,43.76146],[-123.31255,43.76016],[-123.31264,43.75892],[-123.31157,43.75927],[-123.30987,43.75761],[-123.30913,43.75806],[-123.30889,43.7591],[-123.31075,43.7598],[-123.31007,43.76069],[-123.31176,43.76237],[-123.31104,43.76294],[-123.31208,43.76418],[-123.30882,43.76396],[-123.31162,43.76573],[-123.31328,43.76812],[-123.31091,43.77055],[-123.3099,43.76931],[-123.30907,43.77094],[-123.30721,43.76784],[-123.30663,43.76799],[-123.30646,43.77005],[-123.30743,43.77164],[-123.30516,43.77227],[-123.30558,43.77322],[-123.30482,43.77368],[-123.30452,43.77589],[-123.30279,43.77525],[-123.30215,43.7719],[-123.30096,43.77267],[-123.30036,43.77121],[-123.29893,43.77185],[-123.2979,43.77059],[-123.29941,43.76829],[-123.29891,43.76702],[-123.29811,43.76741],[-123.29837,43.76849],[-123.29747,43.76967],[-123.29857,43.77263],[-123.3007,43.77479],[-123.30001,43.77557],[-123.29864,43.7752],[-123.29892,43.7769],[-123.29808,43.77705],[-123.29786,43.77845],[-123.29684,43.77797],[-123.29639,43.77564],[-123.29411,43.77772],[-123.29422,43.77475],[-123.29219,43.77771],[-123.29077,43.77802],[-123.29074,43.77548],[-123.28895,43.77681],[-123.28881,43.77489],[-123.28523,43.77657],[-123.28695,43.77373],[-123.28641,43.77296],[-123.28998,43.77034],[-123.2896,43.76966],[-123.29091,43.7686],[-123.291,43.76706],[-123.2894,43.76854],[-123.28856,43.76788],[-123.28837,43.76981],[-123.28663,43.77014],[-123.28594,43.77198],[-123.28489,43.77154],[-123.28434,43.76863],[-123.28488,43.76692],[-123.28217,43.7685],[-123.28235,43.7698],[-123.28028,43.76938],[-123.28015,43.76732],[-123.28284,43.76536],[-123.28111,43.76643],[-123.27832,43.76545],[-123.27987,43.76377],[-123.27968,43.76283],[-123.28174,43.76261],[-123.28189,43.7613],[-123.28009,43.76208],[-123.27913,43.76158],[-123.27796,43.7628],[-123.27708,43.76202],[-123.27531,43.76281],[-123.27556,43.76096],[-123.27783,43.75967],[-123.27617,43.75956],[-123.27737,43.75693],[-123.27533,43.75743],[-123.27528,43.76027],[-123.27403,43.76092],[-123.27323,43.76414],[-123.27182,43.76486],[-123.27112,43.76468],[-123.27159,43.76282],[-123.26981,43.76324],[-123.27019,43.76181],[-123.26877,43.76177],[-123.27055,43.75952],[-123.26675,43.7603],[-123.26738,43.76148],[-123.26649,43.76305],[-123.26688,43.764],[-123.26531,43.76651],[-123.26337,43.76716],[-123.26678,43.76854],[-123.27048,43.76826],[-123.26825,43.76961],[-123.2663,43.76977],[-123.26878,43.77299],[-123.26604,43.77245],[-123.26368,43.76994],[-123.25928,43.76886],[-123.25895,43.77091],[-123.25671,43.76999],[-123.25474,43.77104],[-123.25311,43.77041],[-123.25131,43.77246],[-123.24956,43.77112],[-123.24857,43.77266],[-123.2472,43.77248],[-123.24581,43.77418],[-123.24238,43.77565],[-123.24207,43.77643],[-123.24303,43.77692],[-123.24295,43.77773],[-123.24427,43.77799],[-123.24371,43.77892],[-123.24489,43.7796]]]}}]}