{"type":"FeatureCollection","features":[{"type":"Feature","properties":{"ava_id":"chehalem_mountains","name":"Chehalem Mountains","aka":null,"created":"2006-11-24","removed":null,"county":"Clackamas|Washington|Yamhill","state":"OR","within":"Willamette Valley","contains":"Laurelwood District|Ribbon Ridge","petitioner":"Alex Sokol-Blosser, secretary of the North\nWillamette Valley AVA Group","cfr_author":"David Adelsheim, Paul Hart, Richard Ponzi","cfr_index":"9.205","cfr_revision_history":"[T.D. TTB-56, 71 FR 68462, Nov. 27, 2006]","approved_maps":"(1) Newberg Quadrangle, Oregon, 7.5 Minute Series, 1961 (photorevised 1985); (2) Dundee Quadrangle, Oregon, 7.5 Minute Series, 1956 (revised 1993); (3) Laurelwood Quadrangle, Oregon, 7.5 Minutes Series 1956 (revised 1992); (4) Scholls Quadrangle, Oregon, 7.5 Minute Series, 1961 (photorevised 1985); (5) Beaverton Quadrangle, Oregon, 7.5 Minute Series, 1961 (photorevised 1984); and (6) Sherwood Quadrangle, Oregon, 7.5 Minute Series, 1961 (photorevised 1985).","boundary_description":"(1) The beginning point is in Yamhill County on the Newberg map in section 15, T3S/R2W, at the intersection of Oregon Highway 99W and the 250-foot contour line, 0.4 mile east of Spring Brook; (2) From the beginning point, proceed northwesterly 1.2 miles along the 250-foot contour to its intersection with an unnamed light-duty road locally known as Benjamin Road, section 50, T3S/R2W, Newberg map; then (3) Proceed west 0.5 mile along Benjamin Road, crossing railroad tracks, to its intersection with an unnamed light-duty road locally known as Spring Brook Road, section 48, T3S/R2W, Newberg map; then (4) Proceed southwest 0.3 mile along Spring Brook Road, parallel to the railroad tracks, to its intersection with an unnamed light-duty road locally known as Mountainview Drive, section 48, T3S/R2W, on the Newberg map; then (5) Proceed west 0.35 mile on Mountainview Drive to its intersection with an unnamed light-duty road locally known as Aspen Way, along the western boundary of section 8, T3S/R2W, Newberg map; then (6) Proceed northwesterly 1.4 miles on Aspen Way to its intersection with Bell Road, along the northern boundary of section 47, T3S/R2W, Newberg map; then (7) Proceed west 0.8 mile on Bell Road, which becomes North Valley Road after crossing Oregon Highway 219, to its intersection with the 250-foot contour line, immediately before an unimproved dirt road on the left, section 46, T3S/R2W, Newberg map; then (8) Proceed westerly 2 miles along the 250-foot contour line to its first intersection with the western boundary line of section 43, T3S/R3W, along the western border of the Newberg map; then (9) Proceed north 0.2 mile along the western boundary of section 43, T3S/R3W, to its intersection with the 240-foot contour line, Newberg map; then (10) Proceed westerly for 4 miles along the 240-foot contour line, crossing onto the Dundee map, to its intersection with an unnamed light-duty road locally known as Sullivan Lane, section 74, T3S/R3, Dundee map; then (11) Proceed south 0.25 mile along Sullivan Lane to its intersection with North Valley Road at elevation point 216, section 74, T3S/R3, Dundee map; then (12) Proceed west 0.1 mile along North Valley Road to its intersection with the 200-foot contour line, section 74, T3S/R3W, Dundee map; then (13) Proceed northwesterly 1 mile along the 200-foot contour line to its intersection with an unnamed creek northeast of elevation point 215, and continue northwesterly 0.05 mile along the unnamed creek to its intersection with Dopp Road along the western boundary line of section 74, T3S/R3W, Dundee map; then (14) Proceed south 0.8 mile along Dopp Road to its intersection with North Valley Road at the elevation point 202 near the Ewing Young School, section 39, T3S/R3W, Dundee map; then (15) Proceed northerly 5 miles on North Valley Road, crossing onto the Laurelwood map, to the road&#39;s intersection with Laughlin Road and Albertson Road at elevation point 235, section 58, T2S/R3W, Laurelwood map; then (16) Proceed east 0.1 mile on Albertson Road to its intersection with the 240-foot contour line, section 58, T2S/R3W, Laurelwood map; then (17) Proceed northerly 15.6 miles along the 240-foot contour line to its intersection with Sandstrom Road, section 19, T1S/R3W, Laurelwood map; then (18) Proceed west 0.15 mile on Sandstrom Road to its third crossing of the 200-foot contour line, just before Fern Hill Road to the west, section 24, T1S/R4W, Laurelwood map; then (19) Proceed northwesterly and then northeasterly 4.5 miles along the meandering 200-foot contour line to its intersection with La Follette Road along the eastern boundary of section 8, T1S/R3W, Laurelwood map; then (20) Proceed south 0.25 mile on La Follette Road to its intersection with the 240-foot contour line, north of Blooming Fern Hill Road, along the western boundary line of section 16, T1S/R3W, Laurelwood map; then (21) Proceed easterly and then southerly 17 miles along the meandering 240-foot contour line, crossing over and back on the Scholls map in section 25 and 56, T1S/R3W, crossing Christensen Creek in section 35, T1S/R3W, and continuing to the contour line&#39;s intersection with Laurel Road West, along the southern boundary line of section 1, T2S/R3W, Laurelwood map; then (22) Proceed east 0.15 mile on Laurel Road West to its intersection with the 200-foot contour line, along the southern boundary line of section 1, T2S/R3W, Laurelwood map; then (23) Proceed easterly 17.5 miles along the meandering 200-foot contour line, and, after crossing onto the Scholls map and crossing over Laurel Road South, McCormick Hill Road four times, and Midway Road, and after crossing over and back on the Newberg map (crossing Heaton Creek) in section 28, T2S/R2W, continue to the contour line&#39;s intersection with Mountain Home Road, east of Heaton Creek, section 21, T2S/R2W, Scholls map; then (24) Continue easterly and then southerly 8.9 miles along the 200-foot contour line and, after crossing Baker Creek, skirting Laurel Ridge to the north, crossing onto the Beaverton map, crossing over and back on the Sherwood map, crossing over in the northwest corner of the Beaverton map, and returning to the Scholls map, continue to the contour line&#39;s intersection with the middle tributary of an unnamed creek, along the western boundary line of section 24, T2S/R2W, Scholls map; then (25) Proceed southeast along the meandering 200-foot contour line and, after crossing over to the northeast corner of the Newberg map to the Sherwood map, continue to the contour line&#39;s intersection with Edy Road, section 25, T2S/R2W, Sherwood map; then (26) Proceed southwest along the meandering 200-foot contour line and, after crossing onto the Newberg map, skirting part of Chicken Creek, and returning to the Sherwood map, continue to the contour line&#39;s intersection with Elwert Road, along the eastern boundary line of section 25, T2S/R2W, Sherwood map; then (27) Proceed south 0.85 mile on Elwert Road to its intersection with Oregon Highway 99W, along the eastern boundary line of section 36, T2S/R2W, Sherwood map; then (28) Proceed south-southwest 0.45 mile on Oregon Highway 99W to its intersection with the 250-foot contour line immediately south of an unnamed Cedar Creek tributary, section 36, T2S/R2W, Sherwood map; then (29) Proceed southerly 1 mile along the meandering 250-foot contour line to its intersection with Middleton Road, section 1, T3S/R2W, Sherwood map; then (30) Proceed southwesterly 0.5 mile on Middleton Road, which becomes Rein Road, to the road&#39;s intersection with the 200-foot contour line, immediately south of Cedar Creek, section 1, T3S/R2W, Sherwood map; then (31) Proceed 1.6 miles generally east along the 200-foot contour line to its intersection, in the village of Middleton, with an unnamed light-duty east-west road locally known as Brookman Road, section 6, T3S/R1W, Sherwood map; then (32) Proceed easterly 0.7 mile on Brookman Road to its intersection with the Washington-Clackamas County line, at the northwest corner of section 5, T3S/R1W, Sherwood map; then (33) Proceed east 1 mile along the Washington-Clackamas County line to its intersection with Brown Road, at the northeast corner of section 5, T3S/R1W, Sherwood map; then (34) Proceed southerly 1 mile on Brown Road to its second intersection with the 250-foot contour line, immediately south of an intermittent stream, in section 4, T3S/R1W, Sherwood map; then (35) Proceed southerly 2.8 miles along the meandering 250-foot contour line, skirting Hoodview, to the contour line&#39;s intersection with Baker Road, section 16, T3S/R1W, Sherwood map; then (36) Proceed south 0.15 mile on Baker Road to its intersection with the 200-foot contour line, section 16, T3S/R1W, Sherwood map; then (37) Proceed southwesterly 13.1 miles along the meandering 200-foot contour line and, after crossing onto the Newberg map, continue to the contour line&#39;s intersection with Wilsonville Road, north of Willamette Greenway State Park, section 60, T3S/R2W, Newberg map; then (38) Proceed northwesterly 2 miles on Wilsonville Road to its intersection with an unnamed tributary of Spring Brook, east-northeast of Grouse Butte, section 57, T3S/R2W, Newberg map; then (39) Proceed southwesterly 0.25 mile along the unnamed tributary of Spring Brook to its intersection with the 200-foot contour line, section 57, T3S/R2W, Newberg map; then (40) Proceed westerly and then northerly 0.45 mile along the 200-foot contour line, following the base of Grouse Butte, to the contour line&#39;s intersection with Wilsonville Road, section 57, T3S/R2W, Newberg map; then (41) Proceed east 0.45 mile on Wilsonville Road to its intersection with the same unnamed tributary of Spring Brook, section 57, T3S/R2W, Newberg map; then (42) Proceed northeasterly 0.05 mile along the unnamed tributary of Spring Brook to its intersection with the 250-foot contour line, southwest of the quarries, section 57, T3S/R2W, Newberg map; then (43) Proceed northerly 2.2 miles along the 250-foot contour line to its intersection with Corral Creek Road (misnamed Ladd Hill Road on the Newberg map), south of Oregon Highway 99W, section 15, T3S/R2W, Newberg map; then (44) Proceed north 0.5 mile along Corral Creek Road to its western-most intersection with an unnamed light-duty road locally known as Veritas Lane, section 15, T3S/R2W, Newberg map; then (45) Proceed north-northwesterly in a straight line approximately 0.05 mile and return to the beginning point.","used_maps":"(1) Newberg Quadrangle, Oregon, 7.5 Minute Series, 1961 (photorevised 1985); (2) Dundee Quadrangle, Oregon, 7.5 Minute Series, 1956 (revised 1993); (3) Laurelwood Quadrangle, Oregon, 7.5 Minutes Series 1956 (revised 1992); (4) Scholls Quadrangle, Oregon, 7.5 Minute Series, 1961 (photorevised 1985); (5) Beaverton Quadrangle, Oregon, 7.5 Minute Series, 1961 (photorevised 1985); and (6) Sherwood Quadrangle, Oregon, 7.5 Minute Series, 1961 (photorevised 1985).","valid_start":null,"valid_end":null,"lcsh":null,"sameas":null,"ttb_name":"Chehalem Mountains","cfr_section":"27 CFR 9.205","counties":"Clackamas, Yamhill, Washington","boundary_source":"TTB AVA Map Explorer (AVAs_Production feature service)","boundary_retrieved":"2026-09-30"},"geometry":{"type":"MultiPolygon","coordinates":[[[[-122.922185,45.306049],[-122.922078,45.306174],[-122.922346,45.3076],[-122.922308,45.307794],[-122.922252,45.307874],[-122.922062,45.307991],[-122.921927,45.308029],[-122.920715,45.308162],[-122.919523,45.308373],[-122.919393,45.308411],[-122.919178,45.308613],[-122.919146,45.309114],[-122.919189,45.310653],[-122.919172,45.311659],[-122.919208,45.31189],[-122.919297,45.312062],[-122.919443,45.312193],[-122.919736,45.312283],[-122.920716,45.312872],[-122.920775,45.313007],[-122.920931,45.313129],[-122.920985,45.313251],[-122.920993,45.313384],[-122.920956,45.313537],[-122.920823,45.313779],[-122.920846,45.313913],[-122.921232,45.314025],[-122.921482,45.314197],[-122.921698,45.314568],[-122.921755,45.314993],[-122.921874,45.315069],[-122.922075,45.315105],[-122.923056,45.315112],[-122.923325,45.315183],[-122.923451,45.31527],[-122.923582,45.315496],[-122.923602,45.315692],[-122.923389,45.31645],[-122.923339,45.316939],[-122.923417,45.317029],[-122.923755,45.316728],[-122.923951,45.316603],[-122.924355,45.316508],[-122.924567,45.316513],[-122.924753,45.316571],[-122.924872,45.31666],[-122.924968,45.316799],[-122.925024,45.316931],[-122.92506,45.317182],[-122.924956,45.317552],[-122.924709,45.317913],[-122.925114,45.31804],[-122.925209,45.318119],[-122.925304,45.318277],[-122.925529,45.318361],[-122.926208,45.318332],[-122.926491,45.318469],[-122.926603,45.318611],[-122.927324,45.318733],[-122.927461,45.318797],[-122.927677,45.319205],[-122.928196,45.319625],[-122.928464,45.319967],[-122.928917,45.320419],[-122.928973,45.320551],[-122.928969,45.320714],[-122.928888,45.320875],[-122.928347,45.321421],[-122.928261,45.321644],[-122.928481,45.321743],[-122.928636,45.321708],[-122.928797,45.321597],[-122.929093,45.321472],[-122.929455,45.321394],[-122.92967,45.321414],[-122.929976,45.321602],[-122.930171,45.321915],[-122.930213,45.322061],[-122.930131,45.322223],[-122.930155,45.322351],[-122.930393,45.3223],[-122.930597,45.322504],[-122.930648,45.322395],[-122.930696,45.322035],[-122.930636,45.32175],[-122.930522,45.321482],[-122.930514,45.321362],[-122.930627,45.321076],[-122.930634,45.320834],[-122.93147,45.320668],[-122.937302,45.320661],[-122.937742,45.320577],[-122.938053,45.320662],[-122.938232,45.320672],[-122.940072,45.320639],[-122.94052,45.320704],[-122.941196,45.320215],[-122.941762,45.319907],[-122.944886,45.318476],[-122.945245,45.31843],[-122.947775,45.318432],[-122.948295,45.318114],[-122.94872,45.318317],[-122.949348,45.318433],[-122.950401,45.318202],[-122.950851,45.317807],[-122.951702,45.317523],[-122.952823,45.317529],[-122.952853,45.317798],[-122.95279,45.318379],[-122.952834,45.321156],[-122.952917,45.321431],[-122.95311,45.321628],[-122.953439,45.321764],[-122.954866,45.321822],[-122.955247,45.321921],[-122.955562,45.32212],[-122.955784,45.322409],[-122.957894,45.32627],[-122.95811,45.326438],[-122.958438,45.326513],[-122.961871,45.326522],[-122.962322,45.326563],[-122.962661,45.326681],[-122.962981,45.326926],[-122.963086,45.327109],[-122.963145,45.327398],[-122.963127,45.331928],[-122.967652,45.331934],[-122.969729,45.3319],[-122.970091,45.331836],[-122.970463,45.331604],[-122.97118,45.330791],[-122.972118,45.330246],[-122.978403,45.329868],[-122.979353,45.33034],[-122.980621,45.32979],[-122.981805,45.329692],[-122.981155,45.331906],[-122.981782,45.332565],[-122.98063,45.335005],[-122.982753,45.334548],[-122.983152,45.335448],[-122.984326,45.335365],[-122.985853,45.335193],[-122.987521,45.335418],[-122.988815,45.335529],[-122.989243,45.336215],[-122.989651,45.336528],[-122.990204,45.335749],[-122.992524,45.334498],[-122.992968,45.33444],[-122.993685,45.333602],[-122.994682,45.333361],[-122.995949,45.333692],[-122.996257,45.334274],[-122.997056,45.334336],[-122.998633,45.333617],[-123.000015,45.333329],[-123.000567,45.333158],[-123.000618,45.332698],[-123.001849,45.333462],[-123.00194,45.334498],[-123.002852,45.334766],[-123.004448,45.334786],[-123.005309,45.333843],[-123.006019,45.334143],[-123.006728,45.333815],[-123.00797,45.333916],[-123.00982,45.333865],[-123.011203,45.334086],[-123.012098,45.334434],[-123.013304,45.334303],[-123.013508,45.334719],[-123.011917,45.335926],[-123.01216,45.3363],[-123.013832,45.335955],[-123.014156,45.336014],[-123.017163,45.334958],[-123.018796,45.335144],[-123.0207,45.335174],[-123.022588,45.335018],[-123.023703,45.33505],[-123.02541,45.335507],[-123.026421,45.335915],[-123.027616,45.33548],[-123.028935,45.334339],[-123.027653,45.33696],[-123.027994,45.338091],[-123.028717,45.338198],[-123.030133,45.337851],[-123.031102,45.337344],[-123.032077,45.336517],[-123.033044,45.336084],[-123.033408,45.337185],[-123.03393,45.336576],[-123.03586,45.335851],[-123.036833,45.335568],[-123.037223,45.336118],[-123.037081,45.336832],[-123.038065,45.336637],[-123.038768,45.337546],[-123.039642,45.338363],[-123.040508,45.339002],[-123.041069,45.338481],[-123.041091,45.337505],[-123.04259,45.336644],[-123.042589,45.336233],[-123.041823,45.335934],[-123.041008,45.335323],[-123.040388,45.334673],[-123.040963,45.33358],[-123.040853,45.332678],[-123.041735,45.332447],[-123.043158,45.331689],[-123.043944,45.331105],[-123.044691,45.331801],[-123.045334,45.333354],[-123.045322,45.330023],[-123.046682,45.329998],[-123.046455,45.33038],[-123.046455,45.330666],[-123.047292,45.330627],[-123.048777,45.330437],[-123.050357,45.330684],[-123.052501,45.33151],[-123.05371,45.332655],[-123.053745,45.333502],[-123.054373,45.334301],[-123.054354,45.335577],[-123.053993,45.336262],[-123.055363,45.338718],[-123.055649,45.340202],[-123.056106,45.340716],[-123.056544,45.340869],[-123.057276,45.341208],[-123.058093,45.340773],[-123.058318,45.340535],[-123.058427,45.340246],[-123.058497,45.331204],[-123.058482,45.330931],[-123.058407,45.330599],[-123.058992,45.330708],[-123.072428,45.332347],[-123.073729,45.332428],[-123.078403,45.332601],[-123.078873,45.332664],[-123.07911,45.332867],[-123.084188,45.336582],[-123.087855,45.338966],[-123.089382,45.340061],[-123.089739,45.340416],[-123.090386,45.341237],[-123.090559,45.34157],[-123.090906,45.342429],[-123.091251,45.343445],[-123.091601,45.344178],[-123.094166,45.348143],[-123.095029,45.349379],[-123.096378,45.351753],[-123.096609,45.352107],[-123.096913,45.352434],[-123.098653,45.353737],[-123.098962,45.354074],[-123.099075,45.354259],[-123.09998,45.356522],[-123.100008,45.356919],[-123.099858,45.357507],[-123.099799,45.357898],[-123.09984,45.358286],[-123.099941,45.358674],[-123.100206,45.359449],[-123.10066,45.360177],[-123.100911,45.360748],[-123.101517,45.363075],[-123.101653,45.364062],[-123.101608,45.365243],[-123.101777,45.366021],[-123.101798,45.36642],[-123.101469,45.367977],[-123.101292,45.368567],[-123.101189,45.36956],[-123.100407,45.372236],[-123.100297,45.37304],[-123.100161,45.373428],[-123.099919,45.37479],[-123.09975,45.375555],[-123.099628,45.375946],[-123.099324,45.376509],[-123.098902,45.37702],[-123.098544,45.377315],[-123.097376,45.37815],[-123.09727,45.37826],[-123.096953,45.378423],[-123.09657,45.378711],[-123.096103,45.379207],[-123.095231,45.380638],[-123.095015,45.381173],[-123.09493,45.381612],[-123.094642,45.381594],[-123.094606,45.38168],[-123.094665,45.381765],[-123.094642,45.381876],[-123.094488,45.38219],[-123.094271,45.382514],[-123.094223,45.382661],[-123.094205,45.382926],[-123.09403,45.383181],[-123.093925,45.383271],[-123.093696,45.383378],[-123.093735,45.383696],[-123.093484,45.38377],[-123.093346,45.383899],[-123.093446,45.384193],[-123.093538,45.384285],[-123.093823,45.38444],[-123.093858,45.384566],[-123.0938,45.38491],[-123.093659,45.384991],[-123.09324,45.385082],[-123.09305,45.385224],[-123.092717,45.385294],[-123.092571,45.385399],[-123.092565,45.385571],[-123.092064,45.385923],[-123.092327,45.38596],[-123.093039,45.385966],[-123.093178,45.385981],[-123.093277,45.386043],[-123.093296,45.38614],[-123.093236,45.386501],[-123.092934,45.386853],[-123.092557,45.387097],[-123.092676,45.387205],[-123.093094,45.387347],[-123.093143,45.387446],[-123.093144,45.387601],[-123.093084,45.387747],[-123.092949,45.387804],[-123.0922,45.387844],[-123.091806,45.387775],[-123.091775,45.387863],[-123.091871,45.387951],[-123.092351,45.388197],[-123.092399,45.38831],[-123.09224,45.388648],[-123.092114,45.38883],[-123.092173,45.388984],[-123.092659,45.389287],[-123.092755,45.389415],[-123.092708,45.389516],[-123.092589,45.389563],[-123.09216,45.389565],[-123.091933,45.38953],[-123.091764,45.389559],[-123.09163,45.389707],[-123.091578,45.389856],[-123.091713,45.389917],[-123.092027,45.389911],[-123.092314,45.389955],[-123.092609,45.390078],[-123.092657,45.390166],[-123.092638,45.390262],[-123.092445,45.390601],[-123.092492,45.390703],[-123.092615,45.390831],[-123.092637,45.390923],[-123.092453,45.391153],[-123.092479,45.391342],[-123.092727,45.391466],[-123.092844,45.391584],[-123.092921,45.391712],[-123.092928,45.391845],[-123.092844,45.391918],[-123.091759,45.392277],[-123.091874,45.392359],[-123.092049,45.392421],[-123.09226,45.392456],[-123.092816,45.392455],[-123.092946,45.392527],[-123.09284,45.392597],[-123.092208,45.392651],[-123.092051,45.392729],[-123.092042,45.392843],[-123.092521,45.392995],[-123.092905,45.393229],[-123.093096,45.393404],[-123.093197,45.393608],[-123.093167,45.393735],[-123.093063,45.393808],[-123.092657,45.39393],[-123.092569,45.393998],[-123.09263,45.394089],[-123.092961,45.394255],[-123.093012,45.394357],[-123.092909,45.394566],[-123.092355,45.394979],[-123.092261,45.395088],[-123.092278,45.395184],[-123.09321,45.39503],[-123.09337,45.395064],[-123.093488,45.395163],[-123.093628,45.395383],[-123.093768,45.395722],[-123.093815,45.395985],[-123.093718,45.396107],[-123.093545,45.396205],[-123.093536,45.396366],[-123.093752,45.396599],[-123.093785,45.396693],[-123.093762,45.396942],[-123.093673,45.39714],[-123.09348,45.397313],[-123.093279,45.397578],[-123.093127,45.39767],[-123.092359,45.397964],[-123.091657,45.397998],[-123.091447,45.398118],[-123.091578,45.398244],[-123.091855,45.398375],[-123.091921,45.39848],[-123.091833,45.398892],[-123.091638,45.399214],[-123.091521,45.399546],[-123.09135,45.399872],[-123.091248,45.400545],[-123.091389,45.40079],[-123.09137,45.400987],[-123.091668,45.401229],[-123.091985,45.401294],[-123.092328,45.401206],[-123.092423,45.401107],[-123.092462,45.400993],[-123.092509,45.400638],[-123.092467,45.400382],[-123.092366,45.400115],[-123.092389,45.399706],[-123.092541,45.399427],[-123.092682,45.399288],[-123.093006,45.399126],[-123.093607,45.398984],[-123.093851,45.39888],[-123.095485,45.398041],[-123.095912,45.39795],[-123.096106,45.398002],[-123.096152,45.398113],[-123.09619,45.398633],[-123.096066,45.398862],[-123.096045,45.398995],[-123.096184,45.399231],[-123.096659,45.399518],[-123.096687,45.399626],[-123.096565,45.399846],[-123.0966,45.400073],[-123.096574,45.400173],[-123.096456,45.400322],[-123.096447,45.400461],[-123.096601,45.400836],[-123.096564,45.401095],[-123.096397,45.401248],[-123.095786,45.401512],[-123.094306,45.401711],[-123.094134,45.401761],[-123.094041,45.401827],[-123.094004,45.401917],[-123.094062,45.402036],[-123.094319,45.40227],[-123.094409,45.402561],[-123.09456,45.402639],[-123.094776,45.402633],[-123.094928,45.402691],[-123.095189,45.402976],[-123.095715,45.403247],[-123.096259,45.403607],[-123.096591,45.403994],[-123.096795,45.404457],[-123.09688,45.404572],[-123.097317,45.404832],[-123.097478,45.405147],[-123.097572,45.406408],[-123.097497,45.406934],[-123.097391,45.407252],[-123.097246,45.407442],[-123.097088,45.407547],[-123.096684,45.407712],[-123.096368,45.407893],[-123.096114,45.408143],[-123.095954,45.408372],[-123.095952,45.408483],[-123.096036,45.408568],[-123.09676,45.408946],[-123.09706,45.40921],[-123.097205,45.409391],[-123.097258,45.409535],[-123.097263,45.409752],[-123.097007,45.410743],[-123.096985,45.411207],[-123.097094,45.411882],[-123.097055,45.411968],[-123.09695,45.412058],[-123.096677,45.412181],[-123.09642,45.412247],[-123.095628,45.412342],[-123.094863,45.412263],[-123.094548,45.41239],[-123.094646,45.412457],[-123.095114,45.412571],[-123.096219,45.412728],[-123.096367,45.41278],[-123.097231,45.413739],[-123.097324,45.413885],[-123.097357,45.414024],[-123.097315,45.414146],[-123.097184,45.414226],[-123.097211,45.413965],[-123.09715,45.413831],[-123.096786,45.413409],[-123.096489,45.413123],[-123.096124,45.412921],[-123.09489,45.412646],[-123.094375,45.412601],[-123.094209,45.412632],[-123.094168,45.412782],[-123.094223,45.412943],[-123.094654,45.413318],[-123.094854,45.413725],[-123.09497,45.413847],[-123.095103,45.4139],[-123.095293,45.413858],[-123.095332,45.413992],[-123.095442,45.414098],[-123.096124,45.414316],[-123.096803,45.414245],[-123.096986,45.414287],[-123.096857,45.414355],[-123.096248,45.414434],[-123.096162,45.414527],[-123.096248,45.414835],[-123.096253,45.415373],[-123.096195,45.415495],[-123.096032,45.41568],[-123.095564,45.415974],[-123.095461,45.416103],[-123.095373,45.416504],[-123.095521,45.417365],[-123.095853,45.417999],[-123.095782,45.418156],[-123.095214,45.418671],[-123.094501,45.419555],[-123.094058,45.419932],[-123.093878,45.420628],[-123.09376,45.420829],[-123.0935,45.420982],[-123.093303,45.420982],[-123.092267,45.420596],[-123.091737,45.420474],[-123.091596,45.420474],[-123.09159,45.420583],[-123.092014,45.420978],[-123.092155,45.421051],[-123.092228,45.421133],[-123.092344,45.421382],[-123.092352,45.421496],[-123.0921,45.422116],[-123.091793,45.422587],[-123.091441,45.422959],[-123.09125,45.423013],[-123.091075,45.423014],[-123.090534,45.422942],[-123.089776,45.422933],[-123.089537,45.422882],[-123.089023,45.422649],[-123.088657,45.422334],[-123.088413,45.422189],[-123.086584,45.421421],[-123.086465,45.421313],[-123.086301,45.420836],[-123.08603,45.420569],[-123.085859,45.42047],[-123.085086,45.420301],[-123.084297,45.420235],[-123.084189,45.420327],[-123.084079,45.420607],[-123.083993,45.420724],[-123.083753,45.420798],[-123.083619,45.42081],[-123.082247,45.4206],[-123.082507,45.420815],[-123.082608,45.421321],[-123.082715,45.421571],[-123.082636,45.421926],[-123.082642,45.422052],[-123.082905,45.422374],[-123.082946,45.422473],[-123.082887,45.423188],[-123.082995,45.423307],[-123.083129,45.423543],[-123.083166,45.423744],[-123.083269,45.423856],[-123.083456,45.424026],[-123.084062,45.424396],[-123.084367,45.424417],[-123.08477,45.424546],[-123.084991,45.424573],[-123.085234,45.424684],[-123.085603,45.424728],[-123.085807,45.424697],[-123.086205,45.424561],[-123.086966,45.424429],[-123.087173,45.424434],[-123.087534,45.424527],[-123.087722,45.42465],[-123.088457,45.424867],[-123.088544,45.424974],[-123.088535,45.425226],[-123.088589,45.425351],[-123.088789,45.425684],[-123.089026,45.426215],[-123.089137,45.426366],[-123.089174,45.4265],[-123.089128,45.426794],[-123.089186,45.426902],[-123.089833,45.426907],[-123.090023,45.426976],[-123.090264,45.427218],[-123.090415,45.427253],[-123.091074,45.427144],[-123.091223,45.427195],[-123.091353,45.427385],[-123.09144,45.427844],[-123.091548,45.427982],[-123.092122,45.427464],[-123.092271,45.427363],[-123.092716,45.427164],[-123.0931,45.427082],[-123.093868,45.427057],[-123.094248,45.427133],[-123.094491,45.427339],[-123.094641,45.427394],[-123.095277,45.427454],[-123.096217,45.427434],[-123.096612,45.427474],[-123.096825,45.427635],[-123.097053,45.428091],[-123.097221,45.42826],[-123.097384,45.428322],[-123.098108,45.428169],[-123.09825,45.428169],[-123.098369,45.428235],[-123.098427,45.428454],[-123.098275,45.42908],[-123.098046,45.429469],[-123.098029,45.429589],[-123.098086,45.429693],[-123.098207,45.429724],[-123.098769,45.429628],[-123.099549,45.429142],[-123.099927,45.428784],[-123.100126,45.42845],[-123.10039,45.428151],[-123.100589,45.427808],[-123.10083,45.427601],[-123.101123,45.427454],[-123.10136,45.427408],[-123.101872,45.42747],[-123.10219,45.427563],[-123.10283,45.42808],[-123.103281,45.428354],[-123.103808,45.428427],[-123.103915,45.428288],[-123.103869,45.428071],[-123.103521,45.427263],[-123.103399,45.426885],[-123.103174,45.426439],[-123.103185,45.426116],[-123.103116,45.425869],[-123.103113,45.425521],[-123.103033,45.425427],[-123.102434,45.425154],[-123.102196,45.424973],[-123.102098,45.424867],[-123.10199,45.424582],[-123.101916,45.424483],[-123.10165,45.424251],[-123.101628,45.424138],[-123.101666,45.424024],[-123.10187,45.423688],[-123.101893,45.423574],[-123.101806,45.423172],[-123.101832,45.422604],[-123.10187,45.422478],[-123.102083,45.422117],[-123.102167,45.421819],[-123.102262,45.421689],[-123.1024,45.421613],[-123.10323,45.421496],[-123.103693,45.421575],[-123.104185,45.421787],[-123.104962,45.422275],[-123.105546,45.422685],[-123.106187,45.423254],[-123.106397,45.423611],[-123.106664,45.423863],[-123.106996,45.424361],[-123.107354,45.424793],[-123.107434,45.424917],[-123.107499,45.425222],[-123.10761,45.425357],[-123.108273,45.425691],[-123.108441,45.425809],[-123.108577,45.425819],[-123.108667,45.425736],[-123.108702,45.425595],[-123.108718,45.425122],[-123.108817,45.424917],[-123.109072,45.424576],[-123.109652,45.424284],[-123.109957,45.424192],[-123.110559,45.424202],[-123.110623,45.424106],[-123.110666,45.423748],[-123.110722,45.423634],[-123.110905,45.423466],[-123.111182,45.423396],[-123.111564,45.423462],[-123.11172,45.423414],[-123.111951,45.423206],[-123.112286,45.423105],[-123.112808,45.423198],[-123.113095,45.423114],[-123.11326,45.423163],[-123.113437,45.423272],[-123.113573,45.423274],[-123.113726,45.423147],[-123.113903,45.423103],[-123.114328,45.423221],[-123.114737,45.42323],[-123.114972,45.423332],[-123.115077,45.423567],[-123.115254,45.423586],[-123.115399,45.423501],[-123.115542,45.423473],[-123.115727,45.423497],[-123.115847,45.423438],[-123.115956,45.423289],[-123.116083,45.423207],[-123.116545,45.423058],[-123.116771,45.423024],[-123.1173,45.423019],[-123.117444,45.423051],[-123.117548,45.423123],[-123.117701,45.423375],[-123.117676,45.423489],[-123.117312,45.423871],[-123.117255,45.424019],[-123.117402,45.424032],[-123.117708,45.423958],[-123.118211,45.423942],[-123.11841,45.423973],[-123.11858,45.424121],[-123.118742,45.424683],[-123.118762,45.425025],[-123.118878,45.425164],[-123.119031,45.425544],[-123.119057,45.425697],[-123.11902,45.425809],[-123.118884,45.425911],[-123.118644,45.426016],[-123.118626,45.426135],[-123.119097,45.426399],[-123.119172,45.426487],[-123.119182,45.426609],[-123.119068,45.427021],[-123.118978,45.427127],[-123.11839,45.427285],[-123.117899,45.427329],[-123.117804,45.42745],[-123.11786,45.42755],[-123.117971,45.427616],[-123.118566,45.427859],[-123.118664,45.427928],[-123.118956,45.428288],[-123.118996,45.428387],[-123.118987,45.428479],[-123.118923,45.428593],[-123.118684,45.428831],[-123.118487,45.428963],[-123.118188,45.429069],[-123.117386,45.429143],[-123.116998,45.429399],[-123.11684,45.429457],[-123.116423,45.429557],[-123.115928,45.42962],[-123.11581,45.429725],[-123.115794,45.429848],[-123.115886,45.430132],[-123.116111,45.430449],[-123.116036,45.43055],[-123.115755,45.430511],[-123.114742,45.430194],[-123.114472,45.429923],[-123.114185,45.429493],[-123.113815,45.429242],[-123.113684,45.429114],[-123.113574,45.429066],[-123.113202,45.42913],[-123.112628,45.428925],[-123.112188,45.428948],[-123.111675,45.428828],[-123.111396,45.428717],[-123.110735,45.428267],[-123.110285,45.428162],[-123.110151,45.428161],[-123.110053,45.428219],[-123.110003,45.428304],[-123.109783,45.428981],[-123.10972,45.42909],[-123.10961,45.429181],[-123.109249,45.429372],[-123.10897,45.429466],[-123.107946,45.429591],[-123.107688,45.429696],[-123.107597,45.429833],[-123.107637,45.429959],[-123.108376,45.430974],[-123.108585,45.431158],[-123.108659,45.431272],[-123.108662,45.431408],[-123.108516,45.431632],[-123.108302,45.431798],[-123.107566,45.432126],[-123.106668,45.432673],[-123.106503,45.432848],[-123.106303,45.433144],[-123.106756,45.433244],[-123.107155,45.433158],[-123.107713,45.432964],[-123.108215,45.43289],[-123.109187,45.432763],[-123.109935,45.432781],[-123.110516,45.432937],[-123.111471,45.433118],[-123.111806,45.433281],[-123.111878,45.433378],[-123.111875,45.433467],[-123.111602,45.433827],[-123.111702,45.43391],[-123.112078,45.43393],[-123.112777,45.434125],[-123.11316,45.434093],[-123.113617,45.434192],[-123.113696,45.434289],[-123.113668,45.43443],[-123.113462,45.434754],[-123.113431,45.43504],[-123.11346,45.435321],[-123.113786,45.435664],[-123.11394,45.436083],[-123.114185,45.43649],[-123.114191,45.436598],[-123.114146,45.436704],[-123.113916,45.436923],[-123.114013,45.437021],[-123.114453,45.43709],[-123.114656,45.437173],[-123.114842,45.437188],[-123.115162,45.437286],[-123.11547,45.437459],[-123.115619,45.437585],[-123.115692,45.437719],[-123.115661,45.437871],[-123.115045,45.438415],[-123.115011,45.438514],[-123.115014,45.438792],[-123.114966,45.438934],[-123.114999,45.439065],[-123.115173,45.439135],[-123.115593,45.439136],[-123.115974,45.439188],[-123.117114,45.439473],[-123.117238,45.439568],[-123.11714,45.439875],[-123.116629,45.440092],[-123.116117,45.440163],[-123.115918,45.440226],[-123.115829,45.440376],[-123.115875,45.440734],[-123.115942,45.440902],[-123.115933,45.441051],[-123.115824,45.441185],[-123.115496,45.441427],[-123.115459,45.441557],[-123.115584,45.441679],[-123.115873,45.441783],[-123.116026,45.441881],[-123.116173,45.442198],[-123.11618,45.442324],[-123.116092,45.442453],[-123.115845,45.442579],[-123.115771,45.442658],[-123.115816,45.442775],[-123.11602,45.442951],[-123.116096,45.443064],[-123.116089,45.443201],[-123.115729,45.443536],[-123.115702,45.443662],[-123.116012,45.444128],[-123.116189,45.444625],[-123.116407,45.445047],[-123.116473,45.445399],[-123.116456,45.445518],[-123.116382,45.445651],[-123.116048,45.445946],[-123.115777,45.446057],[-123.115261,45.446182],[-123.114295,45.446186],[-123.113261,45.446105],[-123.112705,45.445941],[-123.112357,45.44571],[-123.112183,45.445647],[-123.111937,45.445659],[-123.111767,45.445604],[-123.110875,45.444839],[-123.110726,45.444801],[-123.110536,45.444871],[-123.110397,45.444863],[-123.10966,45.444726],[-123.109277,45.444607],[-123.109116,45.444675],[-123.109476,45.44492],[-123.109883,45.445101],[-123.110111,45.445245],[-123.110429,45.445709],[-123.110448,45.445822],[-123.110415,45.44594],[-123.110334,45.446035],[-123.110178,45.446097],[-123.109725,45.446116],[-123.109132,45.446009],[-123.108493,45.445682],[-123.108067,45.445539],[-123.107797,45.445343],[-123.107576,45.445295],[-123.107559,45.445474],[-123.108031,45.446111],[-123.108173,45.446432],[-123.108268,45.44652],[-123.108909,45.446738],[-123.109327,45.446805],[-123.109556,45.446916],[-123.110387,45.447174],[-123.110598,45.44736],[-123.110793,45.447444],[-123.111151,45.447517],[-123.111259,45.447582],[-123.111444,45.447796],[-123.111756,45.44795],[-123.111751,45.448122],[-123.111709,45.448219],[-123.111546,45.448453],[-123.111291,45.448612],[-123.110691,45.448637],[-123.110327,45.448758],[-123.110181,45.448765],[-123.109776,45.448632],[-123.109605,45.448611],[-123.10944,45.448625],[-123.109275,45.448687],[-123.109068,45.448909],[-123.108892,45.449437],[-123.108718,45.449703],[-123.108278,45.449979],[-123.10778,45.450141],[-123.107436,45.450153],[-123.106757,45.450026],[-123.106494,45.45007],[-123.106253,45.450049],[-123.105202,45.44983],[-123.104473,45.449594],[-123.103702,45.449585],[-123.103151,45.449495],[-123.102563,45.449514],[-123.102475,45.449601],[-123.10255,45.449705],[-123.102671,45.449769],[-123.103381,45.450062],[-123.103813,45.450103],[-123.104255,45.450217],[-123.105228,45.450711],[-123.105328,45.450803],[-123.105472,45.451038],[-123.105524,45.4512],[-123.105504,45.451501],[-123.105555,45.451636],[-123.105952,45.451819],[-123.105972,45.451949],[-123.105864,45.452083],[-123.105555,45.452214],[-123.104682,45.452406],[-123.104222,45.452556],[-123.103711,45.452614],[-123.103572,45.45269],[-123.103649,45.452799],[-123.10395,45.452997],[-123.104066,45.453131],[-123.104092,45.453258],[-123.104041,45.453372],[-123.103899,45.453452],[-123.103172,45.453646],[-123.103002,45.453733],[-123.103119,45.453828],[-123.103878,45.453959],[-123.104653,45.454376],[-123.105266,45.454446],[-123.106042,45.45468],[-123.106388,45.454924],[-123.106595,45.455218],[-123.107105,45.455531],[-123.107191,45.455731],[-123.107179,45.455853],[-123.107093,45.45599],[-123.106935,45.456061],[-123.106327,45.4561],[-123.106162,45.456153],[-123.106078,45.456282],[-123.106176,45.456744],[-123.106049,45.456981],[-123.105877,45.457108],[-123.105344,45.457241],[-123.104698,45.45765],[-123.104612,45.457747],[-123.104572,45.458068],[-123.104252,45.458262],[-123.103837,45.458383],[-123.103226,45.458407],[-123.101663,45.458099],[-123.100897,45.45804],[-123.100744,45.458089],[-123.100747,45.458253],[-123.100612,45.458372],[-123.101663,45.458737],[-123.102205,45.459095],[-123.102345,45.459228],[-123.10239,45.459394],[-123.102321,45.459544],[-123.102086,45.45981],[-123.101923,45.460088],[-123.101704,45.46029],[-123.101681,45.4604],[-123.101705,45.460595],[-123.101603,45.460915],[-123.10151,45.461087],[-123.101529,45.461219],[-123.1018,45.461118],[-123.102282,45.460788],[-123.102738,45.460603],[-123.103129,45.460544],[-123.103724,45.460536],[-123.104146,45.460673],[-123.104553,45.460879],[-123.104858,45.46108],[-123.1053,45.461211],[-123.105597,45.461341],[-123.105848,45.461531],[-123.106101,45.461825],[-123.106121,45.461955],[-123.106044,45.462095],[-123.105922,45.462194],[-123.104739,45.462785],[-123.104495,45.462966],[-123.104461,45.463075],[-123.104762,45.463328],[-123.105442,45.463436],[-123.106216,45.463117],[-123.106702,45.463049],[-123.107514,45.462843],[-123.107903,45.462705],[-123.108364,45.462464],[-123.108588,45.462423],[-123.109282,45.462531],[-123.10939,45.462637],[-123.109403,45.462761],[-123.109363,45.462882],[-123.108958,45.463326],[-123.10839,45.463658],[-123.108109,45.464008],[-123.108069,45.464145],[-123.108081,45.464241],[-123.108406,45.464475],[-123.108886,45.464714],[-123.109208,45.464926],[-123.109694,45.465138],[-123.110054,45.465436],[-123.110528,45.46598],[-123.110734,45.466141],[-123.111058,45.466556],[-123.111224,45.466526],[-123.111703,45.466049],[-123.111866,45.465971],[-123.112559,45.465838],[-123.113111,45.465839],[-123.113312,45.465894],[-123.113466,45.465988],[-123.113516,45.466093],[-123.113478,45.466191],[-123.113317,45.46629],[-123.112799,45.466398],[-123.112678,45.466513],[-123.112666,45.466638],[-123.11273,45.466741],[-123.112934,45.466867],[-123.113355,45.466846],[-123.114052,45.466894],[-123.116188,45.467231],[-123.116451,45.467428],[-123.116885,45.467587],[-123.117047,45.467847],[-123.117165,45.467947],[-123.117802,45.468093],[-123.118174,45.46814],[-123.118311,45.468196],[-123.118501,45.468371],[-123.118784,45.468851],[-123.119155,45.469325],[-123.11939,45.469767],[-123.119763,45.470257],[-123.12026,45.470707],[-123.120577,45.470929],[-123.12107,45.471613],[-123.121282,45.471788],[-123.121459,45.471997],[-123.121511,45.472122],[-123.121458,45.472473],[-123.121526,45.472549],[-123.121756,45.47266],[-123.121834,45.47274],[-123.121867,45.472838],[-123.121839,45.473065],[-123.121615,45.473648],[-123.12172,45.473732],[-123.122095,45.473776],[-123.122373,45.473875],[-123.122869,45.474468],[-123.123068,45.474806],[-123.123112,45.474911],[-123.123112,45.475034],[-123.122969,45.475104],[-123.12276,45.475083],[-123.122657,45.475138],[-123.122574,45.475339],[-123.122466,45.475423],[-123.122071,45.475363],[-123.121915,45.475397],[-123.12151,45.475591],[-123.121235,45.475792],[-123.120744,45.476018],[-123.12022,45.476135],[-123.119467,45.476399],[-123.119186,45.476462],[-123.118745,45.476478],[-123.11831,45.476697],[-123.117639,45.476835],[-123.116745,45.476953],[-123.115886,45.477004],[-123.115574,45.477106],[-123.115232,45.477282],[-123.114757,45.477371],[-123.11294,45.477563],[-123.111983,45.477777],[-123.111673,45.477795],[-123.111218,45.477699],[-123.110818,45.477721],[-123.110516,45.47779],[-123.110352,45.477772],[-123.110198,45.477699],[-123.1099,45.477431],[-123.109402,45.477303],[-123.109204,45.477212],[-123.10904,45.477196],[-123.108936,45.477287],[-123.108949,45.477415],[-123.109086,45.4777],[-123.109091,45.477818],[-123.109017,45.47792],[-123.108911,45.47798],[-123.107932,45.478291],[-123.107781,45.4785],[-123.107632,45.478609],[-123.107237,45.478768],[-123.106314,45.479052],[-123.105396,45.479235],[-123.105243,45.479309],[-123.104379,45.479971],[-123.103789,45.480162],[-123.10336,45.480258],[-123.102922,45.480438],[-123.10137,45.481256],[-123.100579,45.481813],[-123.100209,45.482031],[-123.099814,45.482177],[-123.099479,45.482203],[-123.099295,45.482173],[-123.098847,45.482011],[-123.098714,45.481872],[-123.09864,45.481747],[-123.098617,45.481617],[-123.098723,45.481352],[-123.098794,45.480878],[-123.098762,45.480728],[-123.098659,45.480615],[-123.098591,45.480703],[-123.098636,45.48096],[-123.098606,45.481048],[-123.098428,45.481247],[-123.098186,45.481633],[-123.097975,45.481706],[-123.097957,45.482034],[-123.097837,45.482391],[-123.097615,45.482783],[-123.097613,45.482961],[-123.09726,45.48303],[-123.097035,45.483221],[-123.096344,45.484109],[-123.096216,45.484482],[-123.096041,45.484693],[-123.095231,45.485108],[-123.095152,45.485221],[-123.095028,45.48557],[-123.094943,45.48611],[-123.094848,45.486247],[-123.094604,45.486452],[-123.094232,45.486567],[-123.093925,45.486748],[-123.093714,45.486943],[-123.093527,45.487242],[-123.093247,45.487517],[-123.093115,45.487597],[-123.092827,45.487693],[-123.092315,45.488093],[-123.091822,45.488782],[-123.091696,45.489151],[-123.091626,45.48967],[-123.091647,45.490249],[-123.091475,45.491045],[-123.091536,45.491508],[-123.091466,45.491787],[-123.091528,45.492073],[-123.091441,45.492594],[-123.091486,45.492889],[-123.091462,45.493041],[-123.091612,45.493445],[-123.091636,45.493696],[-123.09161,45.494051],[-123.091519,45.494302],[-123.090966,45.494901],[-123.090478,45.495245],[-123.090382,45.495357],[-123.090279,45.495613],[-123.090202,45.495696],[-123.089413,45.496149],[-123.089022,45.496263],[-123.088252,45.496336],[-123.087151,45.49664],[-123.086461,45.496678],[-123.085581,45.496526],[-123.085316,45.496447],[-123.084823,45.496228],[-123.084406,45.496116],[-123.084293,45.496053],[-123.084219,45.495928],[-123.084224,45.495749],[-123.084104,45.495632],[-123.08375,45.495657],[-123.082816,45.495092],[-123.082726,45.494951],[-123.082747,45.494771],[-123.082347,45.494688],[-123.082157,45.49448],[-123.081795,45.494395],[-123.081457,45.494417],[-123.081336,45.494342],[-123.081282,45.494257],[-123.081298,45.494151],[-123.081451,45.493898],[-123.081559,45.493802],[-123.082019,45.493606],[-123.082167,45.493457],[-123.081743,45.493338],[-123.081685,45.493248],[-123.081999,45.492379],[-123.082116,45.49225],[-123.082157,45.492127],[-123.08214,45.491955],[-123.082263,45.491709],[-123.082199,45.49162],[-123.081815,45.491786],[-123.081569,45.492],[-123.081433,45.492222],[-123.081248,45.492426],[-123.080842,45.49271],[-123.080584,45.492818],[-123.080482,45.492966],[-123.080354,45.493026],[-123.080106,45.49299],[-123.079965,45.493024],[-123.079615,45.493198],[-123.079476,45.493169],[-123.079123,45.492838],[-123.07902,45.492575],[-123.078386,45.49227],[-123.078187,45.492314],[-123.077949,45.492486],[-123.077432,45.493014],[-123.077269,45.492936],[-123.077113,45.492761],[-123.077078,45.492297],[-123.076972,45.492164],[-123.076752,45.492194],[-123.076254,45.492393],[-123.076075,45.492401],[-123.075914,45.492353],[-123.075752,45.492258],[-123.075672,45.492149],[-123.075587,45.491809],[-123.075422,45.491514],[-123.075153,45.491283],[-123.07491,45.491193],[-123.07472,45.491189],[-123.074587,45.491238],[-123.074505,45.491343],[-123.074377,45.49165],[-123.074275,45.49172],[-123.073934,45.491721],[-123.073702,45.491646],[-123.073547,45.491444],[-123.07353,45.48854],[-123.073371,45.488582],[-123.073142,45.488767],[-123.072673,45.488976],[-123.071707,45.488993],[-123.069199,45.488491],[-123.068189,45.48835],[-123.067987,45.488272],[-123.067723,45.488069],[-123.067596,45.487909],[-123.067415,45.487801],[-123.066898,45.487675],[-123.066825,45.487517],[-123.066844,45.487345],[-123.066874,45.487165],[-123.066987,45.48694],[-123.067085,45.486851],[-123.067301,45.486762],[-123.067437,45.48666],[-123.067594,45.486452],[-123.067739,45.486348],[-123.068377,45.486004],[-123.068741,45.485588],[-123.0688,45.485475],[-123.068775,45.485348],[-123.068582,45.485173],[-123.068244,45.484959],[-123.067765,45.484735],[-123.067712,45.484651],[-123.067718,45.48456],[-123.067796,45.484458],[-123.067934,45.484395],[-123.068123,45.48438],[-123.068692,45.484403],[-123.069,45.484363],[-123.069238,45.484228],[-123.069463,45.48402],[-123.070247,45.48347],[-123.071702,45.482842],[-123.07189,45.482836],[-123.072127,45.4829],[-123.072397,45.48308],[-123.072803,45.483282],[-123.073156,45.483571],[-123.073451,45.483727],[-123.073791,45.483691],[-123.073969,45.483753],[-123.074074,45.483843],[-123.074213,45.48411],[-123.074349,45.48404],[-123.074447,45.483748],[-123.074575,45.483716],[-123.074984,45.48385],[-123.075175,45.483841],[-123.075196,45.483692],[-123.074926,45.483478],[-123.074425,45.483204],[-123.073798,45.483013],[-123.073661,45.482873],[-123.073559,45.482659],[-123.073262,45.482269],[-123.073222,45.482146],[-123.073234,45.482033],[-123.073308,45.481899],[-123.073822,45.481609],[-123.074564,45.481513],[-123.075001,45.481167],[-123.075126,45.481123],[-123.075635,45.481124],[-123.075928,45.481082],[-123.077346,45.48126],[-123.077514,45.481242],[-123.077579,45.481159],[-123.0774,45.481022],[-123.076655,45.480769],[-123.076095,45.480624],[-123.075323,45.48049],[-123.075064,45.480497],[-123.074455,45.480395],[-123.073923,45.480427],[-123.07351,45.480382],[-123.071519,45.479827],[-123.070426,45.479358],[-123.070438,45.479243],[-123.070505,45.479147],[-123.070919,45.478798],[-123.070978,45.478652],[-123.070943,45.478464],[-123.070955,45.478327],[-123.071006,45.478229],[-123.071407,45.47786],[-123.071806,45.4777],[-123.072496,45.477534],[-123.072942,45.4775],[-123.073075,45.477408],[-123.073132,45.476853],[-123.073486,45.476228],[-123.073877,45.475867],[-123.074044,45.475798],[-123.074312,45.475757],[-123.074376,45.475657],[-123.074336,45.475496],[-123.074345,45.475361],[-123.074411,45.475245],[-123.074591,45.47508],[-123.07503,45.474808],[-123.075102,45.474708],[-123.075102,45.474616],[-123.074996,45.474342],[-123.075028,45.473972],[-123.07481,45.473963],[-123.074674,45.473858],[-123.074545,45.473664],[-123.074203,45.473396],[-123.074019,45.473312],[-123.073472,45.473213],[-123.073102,45.473363],[-123.072448,45.473898],[-123.072126,45.474016],[-123.071748,45.47408],[-123.071303,45.474098],[-123.069257,45.474047],[-123.06868,45.473985],[-123.068254,45.473864],[-123.06796,45.473674],[-123.067321,45.473461],[-123.067194,45.47338],[-123.067148,45.473287],[-123.067166,45.473033],[-123.067249,45.472777],[-123.067616,45.472259],[-123.06757,45.472162],[-123.067036,45.471898],[-123.066811,45.471887],[-123.06631,45.47198],[-123.065882,45.471942],[-123.0655,45.47199],[-123.064883,45.47199],[-123.064059,45.471887],[-123.063717,45.471776],[-123.063643,45.47168],[-123.063667,45.471551],[-123.06468,45.470279],[-123.065023,45.469657],[-123.06507,45.469485],[-123.06504,45.4692],[-123.065099,45.468615],[-123.065177,45.468404],[-123.065429,45.468075],[-123.065272,45.46793],[-123.065386,45.467835],[-123.06594,45.467636],[-123.066,45.467555],[-123.065844,45.467506],[-123.065377,45.467517],[-123.065192,45.467482],[-123.065164,45.467327],[-123.065231,45.467172],[-123.0652,45.467053],[-123.065014,45.467077],[-123.064436,45.467348],[-123.064103,45.467422],[-123.063758,45.467825],[-123.06342,45.46808],[-123.063116,45.468221],[-123.062625,45.468312],[-123.062043,45.468226],[-123.061691,45.468092],[-123.061423,45.467888],[-123.061246,45.467658],[-123.061145,45.46737],[-123.060957,45.467323],[-123.060802,45.467366],[-123.06062,45.467561],[-123.060369,45.468117],[-123.060152,45.468475],[-123.060045,45.46857],[-123.059911,45.468625],[-123.059758,45.468599],[-123.059641,45.468501],[-123.05953,45.468301],[-123.059337,45.467869],[-123.059197,45.467393],[-123.059118,45.467306],[-123.058974,45.467302],[-123.058579,45.467396],[-123.058403,45.467376],[-123.058257,45.4673],[-123.057925,45.46695],[-123.057762,45.466595],[-123.057678,45.466521],[-123.057377,45.46642],[-123.057082,45.466187],[-123.056947,45.465892],[-123.056851,45.465801],[-123.056799,45.465689],[-123.056781,45.46556],[-123.056821,45.465435],[-123.056679,45.465499],[-123.056605,45.465598],[-123.056445,45.46614],[-123.056434,45.466276],[-123.056526,45.466651],[-123.05653,45.466806],[-123.056487,45.467077],[-123.056167,45.468169],[-123.056169,45.468542],[-123.056331,45.469059],[-123.056275,45.469284],[-123.056192,45.469411],[-123.055891,45.469678],[-123.055757,45.469727],[-123.055643,45.469561],[-123.05548,45.469539],[-123.055355,45.46966],[-123.055185,45.469652],[-123.054587,45.469267],[-123.054419,45.469212],[-123.054263,45.469265],[-123.054072,45.469389],[-123.053869,45.469299],[-123.053637,45.469063],[-123.053413,45.468604],[-123.053302,45.468283],[-123.053147,45.468208],[-123.05247,45.468217],[-123.052412,45.468299],[-123.052437,45.468558],[-123.052349,45.46897],[-123.052321,45.469509],[-123.052147,45.470013],[-123.051956,45.470378],[-123.051618,45.470708],[-123.051472,45.471262],[-123.051168,45.471651],[-123.050988,45.471822],[-123.05074,45.471927],[-123.050426,45.471914],[-123.049851,45.471764],[-123.049699,45.471769],[-123.049363,45.471853],[-123.049237,45.471918],[-123.048925,45.472194],[-123.048653,45.472517],[-123.048607,45.472618],[-123.048639,45.472938],[-123.048609,45.473062],[-123.048521,45.473201],[-123.048089,45.473539],[-123.047902,45.473581],[-123.047789,45.473514],[-123.047657,45.47334],[-123.047407,45.473105],[-123.046933,45.472116],[-123.046608,45.471669],[-123.046486,45.471227],[-123.046356,45.471031],[-123.046261,45.470943],[-123.045911,45.470849],[-123.045819,45.470764],[-123.045624,45.470382],[-123.045543,45.4703],[-123.045391,45.470193],[-123.045158,45.470135],[-123.045021,45.470236],[-123.044863,45.470606],[-123.04455,45.4711],[-123.044263,45.471689],[-123.044155,45.471831],[-123.043736,45.47219],[-123.043432,45.472335],[-123.043151,45.472387],[-123.04229,45.472233],[-123.041337,45.472114],[-123.041112,45.472042],[-123.040885,45.471912],[-123.040333,45.471456],[-123.040174,45.471364],[-123.039752,45.471234],[-123.039623,45.471161],[-123.039327,45.470802],[-123.039181,45.470704],[-123.039126,45.470897],[-123.03905,45.471009],[-123.038377,45.471365],[-123.037618,45.471613],[-123.037321,45.47166],[-123.037102,45.471655],[-123.036467,45.47154],[-123.035864,45.471308],[-123.035636,45.471184],[-123.035069,45.471019],[-123.034478,45.470759],[-123.033729,45.470627],[-123.033465,45.470528],[-123.033223,45.470233],[-123.033049,45.470092],[-123.032999,45.469988],[-123.033071,45.469783],[-123.033306,45.469492],[-123.033377,45.469325],[-123.0333,45.469243],[-123.032887,45.469242],[-123.032631,45.46927],[-123.032394,45.469352],[-123.031986,45.469381],[-123.031798,45.469349],[-123.031397,45.469174],[-123.031244,45.469172],[-123.031159,45.469304],[-123.031146,45.469804],[-123.031199,45.4704],[-123.030983,45.470788],[-123.030784,45.470967],[-123.030388,45.471076],[-123.030069,45.471034],[-123.029354,45.470564],[-123.029248,45.470634],[-123.029021,45.471113],[-123.028973,45.47146],[-123.028841,45.471692],[-123.028524,45.471848],[-123.028142,45.471956],[-123.027909,45.471958],[-123.027692,45.471899],[-123.027344,45.471748],[-123.027219,45.471639],[-123.02693,45.471299],[-123.026827,45.471124],[-123.026782,45.470702],[-123.026673,45.470399],[-123.026515,45.470334],[-123.026101,45.470588],[-123.025937,45.47065],[-123.024558,45.470971],[-123.024187,45.470978],[-123.023554,45.470826],[-123.023179,45.47082],[-123.02172,45.471221],[-123.020988,45.471168],[-123.020403,45.470932],[-123.019726,45.470796],[-123.019438,45.470701],[-123.019225,45.47053],[-123.019164,45.47032],[-123.019374,45.469714],[-123.019379,45.469276],[-123.019709,45.467794],[-123.019681,45.467627],[-123.019588,45.467491],[-123.019065,45.467111],[-123.018972,45.466938],[-123.018976,45.466689],[-123.019358,45.466011],[-123.019328,45.465868],[-123.019185,45.465678],[-123.019158,45.46555],[-123.01919,45.465417],[-123.019314,45.465236],[-123.019509,45.465043],[-123.019955,45.464749],[-123.020164,45.46472],[-123.020602,45.464812],[-123.02125,45.46488],[-123.02192,45.46445],[-123.022805,45.463678],[-123.023367,45.463282],[-123.023424,45.463188],[-123.023225,45.463134],[-123.022913,45.463203],[-123.021805,45.463863],[-123.021397,45.464011],[-123.021176,45.46403],[-123.020862,45.46397],[-123.020213,45.463674],[-123.019257,45.463408],[-123.019115,45.463492],[-123.01894,45.463677],[-123.018787,45.463758],[-123.01818,45.463896],[-123.017745,45.464103],[-123.017454,45.464184],[-123.01681,45.464446],[-123.016645,45.464474],[-123.016434,45.464457],[-123.016251,45.464395],[-123.015945,45.464177],[-123.015792,45.46412],[-123.015649,45.464208],[-123.015323,45.464661],[-123.015207,45.464744],[-123.015023,45.464732],[-123.01463,45.464572],[-123.013792,45.464447],[-123.013697,45.464554],[-123.01377,45.464844],[-123.013697,45.46497],[-123.013012,45.465232],[-123.012864,45.465238],[-123.01275,45.46515],[-123.012576,45.464876],[-123.012335,45.464755],[-123.011482,45.464799],[-123.010622,45.464558],[-123.010513,45.464449],[-123.01051,45.46434],[-123.010647,45.463706],[-123.010581,45.463561],[-123.010243,45.463086],[-123.009978,45.462787],[-123.009812,45.462738],[-123.009613,45.462741],[-123.008954,45.462946],[-123.00839,45.463045],[-123.008239,45.462984],[-123.007936,45.462607],[-123.007811,45.462488],[-123.007696,45.462435],[-123.007552,45.462424],[-123.007276,45.462471],[-123.007062,45.462447],[-123.006969,45.462346],[-123.006947,45.462216],[-123.007094,45.461661],[-123.007042,45.461562],[-123.006776,45.461414],[-123.006472,45.461332],[-123.005921,45.461298],[-123.005309,45.461487],[-123.004921,45.461511],[-123.004748,45.461473],[-123.004264,45.461199],[-123.003672,45.461192],[-123.0035,45.46111],[-123.00312,45.460693],[-123.002845,45.460175],[-123.002747,45.460096],[-123.002611,45.460061],[-123.002449,45.460073],[-123.001771,45.460173],[-123.000889,45.460032],[-123.000513,45.4599],[-123.000015,45.459611],[-122.999387,45.459361],[-122.998554,45.458914],[-122.99818,45.458568],[-122.997585,45.457867],[-122.997319,45.457404],[-122.997073,45.456869],[-122.996894,45.455786],[-122.996821,45.455556],[-122.996809,45.455343],[-122.996894,45.454826],[-122.996861,45.454455],[-122.997003,45.453952],[-122.997535,45.453204],[-122.997679,45.453114],[-122.998109,45.452966],[-122.998548,45.452715],[-122.998888,45.452671],[-122.999105,45.452722],[-122.999328,45.452883],[-122.999451,45.452923],[-123.000015,45.453013],[-123.000241,45.452951],[-123.000628,45.452639],[-123.000937,45.452474],[-123.001323,45.452358],[-123.001506,45.452385],[-123.001851,45.452571],[-123.002021,45.452706],[-123.002319,45.453047],[-123.002648,45.453195],[-123.002714,45.453292],[-123.002788,45.453673],[-123.002877,45.453791],[-123.003093,45.453785],[-123.003512,45.453591],[-123.003891,45.453629],[-123.004071,45.453597],[-123.004202,45.453616],[-123.004667,45.453961],[-123.004962,45.454015],[-123.005531,45.454],[-123.006074,45.45416],[-123.006235,45.454158],[-123.006539,45.453975],[-123.006728,45.453816],[-123.006946,45.453767],[-123.007147,45.453777],[-123.007647,45.454016],[-123.008131,45.45414],[-123.008228,45.454223],[-123.008252,45.454321],[-123.008219,45.454678],[-123.008242,45.455187],[-123.008183,45.45551],[-123.008213,45.455625],[-123.008556,45.455563],[-123.008941,45.455434],[-123.009129,45.455432],[-123.009298,45.455508],[-123.009535,45.455698],[-123.009886,45.456149],[-123.01012,45.456352],[-123.010552,45.456022],[-123.01057,45.455921],[-123.010521,45.455643],[-123.010554,45.455443],[-123.0107,45.455225],[-123.010942,45.455082],[-123.011151,45.454848],[-123.011227,45.454653],[-123.011277,45.45414],[-123.011382,45.453894],[-123.011565,45.453723],[-123.011684,45.453659],[-123.012556,45.453452],[-123.012793,45.453506],[-123.012922,45.453636],[-123.013241,45.454324],[-123.013508,45.454698],[-123.013618,45.454791],[-123.013752,45.454818],[-123.013998,45.454798],[-123.014652,45.454942],[-123.01477,45.455064],[-123.014957,45.45541],[-123.015085,45.45556],[-123.015479,45.455894],[-123.015572,45.455824],[-123.01554,45.455534],[-123.015642,45.45542],[-123.015857,45.455413],[-123.016205,45.455511],[-123.016407,45.455517],[-123.016479,45.45541],[-123.016419,45.455317],[-123.016065,45.454997],[-123.015967,45.454833],[-123.015857,45.454374],[-123.015896,45.454248],[-123.016039,45.454167],[-123.01647,45.454209],[-123.016629,45.454161],[-123.016751,45.454043],[-123.016807,45.453834],[-123.016739,45.453234],[-123.016756,45.452993],[-123.016955,45.452587],[-123.017174,45.45246],[-123.017335,45.452425],[-123.01763,45.452403],[-123.017802,45.45245],[-123.018066,45.452719],[-123.018241,45.452801],[-123.019753,45.45291],[-123.020348,45.453085],[-123.021119,45.453497],[-123.021198,45.453593],[-123.021195,45.453708],[-123.021116,45.45388],[-123.021117,45.454024],[-123.021594,45.453977],[-123.022146,45.453801],[-123.022522,45.453844],[-123.022981,45.453805],[-123.023119,45.453743],[-123.023252,45.453579],[-123.023416,45.453494],[-123.02389,45.453557],[-123.024269,45.453677],[-123.024573,45.453625],[-123.025073,45.453727],[-123.025226,45.453654],[-123.025128,45.453134],[-123.025019,45.452966],[-123.024983,45.452823],[-123.025054,45.452504],[-123.025029,45.452366],[-123.024828,45.45222],[-123.024535,45.452145],[-123.024395,45.452058],[-123.024374,45.451947],[-123.024665,45.451451],[-123.02478,45.450904],[-123.025457,45.450347],[-123.025624,45.450317],[-123.026047,45.450371],[-123.026441,45.450361],[-123.026995,45.450465],[-123.027205,45.450438],[-123.027099,45.450183],[-123.027099,45.449963],[-123.027147,45.449831],[-123.027271,45.449689],[-123.027316,45.449552],[-123.027297,45.449378],[-123.027327,45.449261],[-123.027457,45.449084],[-123.027602,45.448962],[-123.027531,45.44879],[-123.027541,45.448699],[-123.027771,45.448545],[-123.028215,45.448392],[-123.028367,45.448141],[-123.028392,45.448035],[-123.028294,45.447699],[-123.028297,45.447583],[-123.028399,45.447491],[-123.028771,45.447378],[-123.029006,45.447346],[-123.029146,45.447221],[-123.029266,45.447179],[-123.02965,45.44719],[-123.030385,45.44712],[-123.030697,45.447191],[-123.031011,45.447193],[-123.030745,45.44681],[-123.03069,45.446611],[-123.030716,45.446495],[-123.030863,45.446192],[-123.030962,45.445832],[-123.031173,45.44531],[-123.031269,45.445212],[-123.031723,45.444927],[-123.031731,45.444805],[-123.031595,45.444767],[-123.031315,45.444761],[-123.030981,45.444805],[-123.030465,45.44512],[-123.030266,45.445465],[-123.03004,45.445702],[-123.029632,45.445928],[-123.028903,45.446157],[-123.028739,45.446163],[-123.028375,45.446078],[-123.027865,45.446161],[-123.027574,45.446123],[-123.027384,45.44603],[-123.027206,45.445813],[-123.027046,45.445721],[-123.027014,45.44593],[-123.026891,45.445993],[-123.026624,45.446011],[-123.02643,45.44607],[-123.026255,45.446245],[-123.025992,45.446426],[-123.025494,45.446514],[-123.024865,45.446743],[-123.02468,45.446732],[-123.024365,45.446577],[-123.024169,45.446431],[-123.023967,45.44638],[-123.023857,45.446312],[-123.023734,45.44616],[-123.023582,45.446085],[-123.023426,45.446061],[-123.023242,45.446078],[-123.023079,45.446148],[-123.022795,45.446375],[-123.022556,45.44647],[-123.02224,45.44648],[-123.02208,45.446415],[-123.022001,45.446267],[-123.022062,45.445729],[-123.021952,45.445511],[-123.021679,45.445175],[-123.021646,45.444952],[-123.02167,45.44483],[-123.021869,45.444462],[-123.021982,45.444348],[-123.022216,45.444229],[-123.022563,45.443975],[-123.023087,45.443553],[-123.023608,45.443234],[-123.02377,45.443101],[-123.023958,45.442844],[-123.023982,45.442756],[-123.022493,45.443279],[-123.022342,45.443292],[-123.022133,45.443209],[-123.021735,45.443373],[-123.021047,45.443347],[-123.020494,45.443462],[-123.019895,45.443642],[-123.019589,45.443794],[-123.019279,45.44388],[-123.019129,45.443956],[-123.018898,45.444146],[-123.018067,45.444433],[-123.01787,45.444448],[-123.017431,45.444403],[-123.017262,45.444453],[-123.01682,45.444726],[-123.016639,45.444797],[-123.016006,45.444889],[-123.015846,45.444952],[-123.015708,45.445061],[-123.015481,45.445338],[-123.015367,45.445408],[-123.015245,45.44538],[-123.014839,45.445129],[-123.014428,45.445062],[-123.014289,45.444995],[-123.014053,45.444636],[-123.013865,45.444528],[-123.01368,45.444514],[-123.012986,45.444711],[-123.012833,45.444683],[-123.01232,45.444471],[-123.012219,45.444337],[-123.012151,45.444075],[-123.012035,45.443962],[-123.011878,45.443966],[-123.01167,45.444049],[-123.011504,45.444068],[-123.011017,45.444018],[-123.01086,45.443944],[-123.010803,45.44377],[-123.010851,45.44272],[-123.010932,45.442423],[-123.011055,45.442283],[-123.011192,45.442209],[-123.011326,45.442207],[-123.011812,45.442318],[-123.0128,45.442416],[-123.012971,45.442376],[-123.013212,45.442157],[-123.013384,45.44212],[-123.013784,45.442114],[-123.014102,45.441966],[-123.014139,45.441707],[-123.014226,45.441575],[-123.014351,45.441482],[-123.014499,45.441458],[-123.015122,45.441696],[-123.015318,45.441738],[-123.015613,45.441647],[-123.0162,45.441272],[-123.016539,45.441148],[-123.017025,45.44119],[-123.017218,45.441172],[-123.017386,45.44109],[-123.017625,45.440847],[-123.018199,45.440673],[-123.018491,45.440441],[-123.018555,45.440337],[-123.018625,45.439826],[-123.018789,45.439384],[-123.018941,45.439129],[-123.019036,45.439036],[-123.019591,45.43882],[-123.020012,45.438592],[-123.020589,45.438192],[-123.020653,45.438082],[-123.020196,45.438181],[-123.019958,45.438277],[-123.019566,45.438363],[-123.019146,45.438533],[-123.018471,45.438702],[-123.018074,45.438951],[-123.017842,45.439171],[-123.017466,45.439657],[-123.017376,45.439721],[-123.017247,45.439753],[-123.016906,45.439732],[-123.016722,45.439681],[-123.016279,45.439393],[-123.015679,45.439126],[-123.015618,45.439024],[-123.015514,45.438633],[-123.0156,45.438514],[-123.015928,45.438333],[-123.016462,45.437481],[-123.016743,45.437275],[-123.016838,45.43713],[-123.016884,45.437008],[-123.016894,45.436816],[-123.017057,45.436346],[-123.017167,45.436141],[-123.018089,45.435703],[-123.018363,45.435396],[-123.018451,45.435223],[-123.018517,45.434867],[-123.018496,45.434592],[-123.018168,45.434352],[-123.018003,45.43394],[-123.017752,45.43351],[-123.017675,45.433597],[-123.017503,45.433999],[-123.017376,45.434551],[-123.017241,45.434752],[-123.016817,45.435035],[-123.016169,45.435211],[-123.0156,45.435437],[-123.01485,45.435537],[-123.014531,45.435472],[-123.014018,45.435484],[-123.013541,45.43534],[-123.013091,45.435369],[-123.012775,45.435484],[-123.012598,45.435497],[-123.011996,45.43568],[-123.011761,45.435673],[-123.011504,45.43573],[-123.011332,45.435729],[-123.010776,45.435554],[-123.010287,45.435548],[-123.010092,45.43549],[-123.010017,45.435396],[-123.00975,45.434927],[-123.009717,45.434762],[-123.009873,45.434329],[-123.00979,45.434066],[-123.009776,45.433867],[-123.009909,45.433358],[-123.01031,45.432874],[-123.010319,45.432761],[-123.01014,45.43233],[-123.009954,45.432174],[-123.009753,45.432116],[-123.008903,45.432086],[-123.008642,45.431978],[-123.008349,45.431749],[-123.008208,45.431463],[-123.008194,45.431334],[-123.008257,45.430647],[-123.008289,45.430542],[-123.008542,45.430166],[-123.00854,45.430037],[-123.008407,45.429927],[-123.008214,45.429871],[-123.00698,45.429813],[-123.006722,45.42971],[-123.006498,45.429506],[-123.006439,45.429393],[-123.006506,45.429083],[-123.00634,45.428529],[-123.006279,45.42835],[-123.005746,45.427389],[-123.005589,45.426821],[-123.005585,45.42665],[-123.005728,45.426373],[-123.005773,45.426164],[-123.005858,45.426029],[-123.006096,45.425833],[-123.006428,45.425692],[-123.006862,45.425645],[-123.007717,45.425447],[-123.007847,45.425405],[-123.008198,45.42519],[-123.008008,45.425098],[-123.007606,45.424813],[-123.007486,45.42469],[-123.007424,45.424555],[-123.007417,45.424324],[-123.007629,45.424019],[-123.007687,45.423757],[-123.007611,45.423634],[-123.007437,45.423494],[-123.00728,45.42324],[-123.007122,45.423188],[-123.006684,45.423142],[-123.006285,45.423035],[-123.00587,45.423018],[-123.005581,45.423041],[-123.004925,45.423201],[-123.00454,45.423192],[-123.004349,45.423131],[-123.004129,45.422966],[-123.003891,45.42276],[-123.003838,45.422654],[-123.003838,45.422537],[-123.003988,45.422422],[-123.004536,45.422473],[-123.005029,45.422372],[-123.005227,45.422285],[-123.005707,45.421795],[-123.005851,45.421709],[-123.006486,45.421534],[-123.006725,45.42142],[-123.006875,45.421199],[-123.006889,45.421069],[-123.006785,45.420969],[-123.005698,45.42078],[-123.005363,45.42067],[-123.005231,45.420573],[-123.004948,45.420127],[-123.004679,45.419968],[-123.004627,45.419846],[-123.004671,45.419403],[-123.004831,45.419004],[-123.003115,45.418968],[-123.002995,45.418682],[-123.00301,45.418585],[-123.003206,45.418341],[-123.003427,45.418211],[-123.003777,45.418081],[-123.00398,45.417814],[-123.004233,45.417723],[-123.004496,45.417534],[-123.004856,45.417395],[-123.005259,45.417159],[-123.005752,45.417009],[-123.006387,45.416972],[-123.006936,45.41699],[-123.006988,45.416938],[-123.006983,45.416853],[-123.006903,45.416731],[-123.006262,45.416509],[-123.005941,45.416465],[-123.005335,45.416477],[-123.00506,45.416547],[-123.003456,45.416688],[-123.002891,45.416778],[-123.002755,45.416692],[-123.002561,45.416243],[-123.002381,45.41605],[-123.002095,45.41655],[-123.001809,45.416749],[-123.001253,45.416884],[-123.000607,45.417139],[-122.999996,45.417118],[-122.999729,45.417144],[-122.998759,45.417516],[-122.998658,45.417519],[-122.998616,45.417466],[-122.998626,45.417369],[-122.99893,45.416954],[-122.999039,45.416657],[-122.998935,45.416282],[-122.998743,45.416084],[-122.9987,45.415984],[-122.998769,45.415278],[-122.9989,45.415099],[-122.999385,45.414792],[-122.99951,45.414673],[-122.999689,45.41426],[-122.999938,45.41396],[-122.999992,45.413766],[-122.999954,45.413725],[-122.999318,45.414081],[-122.998724,45.414505],[-122.998085,45.414798],[-122.997951,45.41514],[-122.997721,45.415336],[-122.997529,45.415415],[-122.997245,45.415419],[-122.997135,45.415484],[-122.996463,45.416186],[-122.996285,45.416534],[-122.995795,45.41718],[-122.995707,45.417505],[-122.995635,45.417588],[-122.995126,45.417787],[-122.994567,45.417817],[-122.994316,45.4179],[-122.993683,45.418383],[-122.993349,45.418576],[-122.992694,45.419219],[-122.992405,45.419427],[-122.992213,45.419441],[-122.991492,45.419186],[-122.991434,45.419076],[-122.991459,45.418932],[-122.991728,45.418755],[-122.991828,45.41858],[-122.992028,45.418425],[-122.992093,45.418278],[-122.992065,45.418135],[-122.991821,45.417924],[-122.991799,45.417734],[-122.992169,45.417401],[-122.992576,45.41693],[-122.992565,45.416869],[-122.992495,45.416803],[-122.992026,45.416613],[-122.991944,45.416466],[-122.992029,45.41636],[-122.992453,45.416122],[-122.992531,45.416044],[-122.992552,45.4159],[-122.992432,45.415713],[-122.992424,45.41564],[-122.992699,45.415364],[-122.992775,45.41522],[-122.992768,45.414974],[-122.99261,45.414767],[-122.992556,45.414473],[-122.99238,45.41413],[-122.9924,45.414],[-122.992555,45.413722],[-122.992585,45.413529],[-122.992567,45.413326],[-122.992449,45.413114],[-122.992435,45.413019],[-122.992615,45.412559],[-122.992567,45.412296],[-122.992591,45.412139],[-122.992832,45.411846],[-122.992952,45.411329],[-122.993133,45.411119],[-122.99331,45.410834],[-122.993489,45.41041],[-122.993525,45.410018],[-122.993618,45.409586],[-122.993612,45.40947],[-122.993567,45.409427],[-122.993409,45.40945],[-122.993285,45.409549],[-122.993159,45.40974],[-122.993087,45.410102],[-122.992611,45.410731],[-122.992446,45.410832],[-122.992109,45.410909],[-122.991955,45.411035],[-122.991913,45.41114],[-122.991948,45.411439],[-122.991753,45.411885],[-122.991612,45.412063],[-122.991243,45.412311],[-122.991018,45.412827],[-122.990621,45.413366],[-122.990207,45.413726],[-122.989733,45.414033],[-122.988805,45.414583],[-122.988101,45.414889],[-122.987759,45.415275],[-122.987213,45.415677],[-122.986973,45.415802],[-122.986768,45.415827],[-122.986551,45.415743],[-122.986438,45.415587],[-122.986363,45.415063],[-122.986193,45.414674],[-122.9863,45.414352],[-122.986196,45.414071],[-122.986159,45.413787],[-122.98609,45.413688],[-122.985836,45.413631],[-122.98574,45.413545],[-122.98573,45.413399],[-122.985837,45.413086],[-122.985811,45.412951],[-122.985678,45.412693],[-122.985735,45.412422],[-122.985691,45.412355],[-122.985471,45.412197],[-122.985278,45.411778],[-122.985276,45.411609],[-122.98537,45.411249],[-122.9856,45.411024],[-122.985635,45.410925],[-122.985489,45.410497],[-122.985333,45.410234],[-122.98529,45.410082],[-122.985361,45.409548],[-122.985579,45.408887],[-122.985564,45.408654],[-122.985484,45.408533],[-122.985412,45.40853],[-122.985213,45.408725],[-122.985175,45.409113],[-122.985007,45.409417],[-122.984844,45.409861],[-122.984743,45.410005],[-122.984539,45.410143],[-122.984647,45.410471],[-122.984599,45.410564],[-122.984407,45.410688],[-122.984501,45.410967],[-122.984457,45.411172],[-122.98434,45.411383],[-122.984156,45.411611],[-122.98387,45.41184],[-122.98388,45.411906],[-122.984037,45.412077],[-122.984088,45.412192],[-122.984084,45.412404],[-122.984029,45.412611],[-122.983912,45.412771],[-122.98349,45.413157],[-122.983117,45.413255],[-122.98307,45.413294],[-122.983117,45.41364],[-122.982905,45.413917],[-122.982892,45.414267],[-122.982671,45.414739],[-122.982684,45.414854],[-122.982805,45.415123],[-122.982809,45.415264],[-122.982747,45.415351],[-122.982437,45.415548],[-122.982316,45.415884],[-122.982026,45.416077],[-122.982001,45.416219],[-122.982083,45.416513],[-122.982031,45.416622],[-122.981716,45.416823],[-122.981236,45.417003],[-122.981069,45.417323],[-122.980705,45.417522],[-122.980119,45.418056],[-122.979604,45.418222],[-122.979163,45.418432],[-122.978457,45.418486],[-122.97818,45.418612],[-122.978107,45.418734],[-122.978143,45.419539],[-122.978121,45.419669],[-122.977939,45.419913],[-122.977642,45.420073],[-122.977366,45.42008],[-122.976933,45.419982],[-122.976408,45.419796],[-122.975296,45.419645],[-122.975046,45.419499],[-122.974575,45.419016],[-122.974567,45.418859],[-122.974693,45.418726],[-122.974675,45.418516],[-122.974843,45.418291],[-122.975109,45.418112],[-122.975501,45.418004],[-122.975793,45.417814],[-122.975985,45.417736],[-122.976316,45.417692],[-122.976468,45.417714],[-122.976921,45.417938],[-122.97719,45.418171],[-122.977318,45.418233],[-122.977478,45.418242],[-122.977762,45.418183],[-122.978079,45.417939],[-122.978179,45.417816],[-122.978184,45.417705],[-122.97807,45.41747],[-122.978153,45.41725],[-122.978161,45.417032],[-122.978544,45.416423],[-122.978674,45.416335],[-122.978859,45.416285],[-122.979746,45.416182],[-122.979899,45.416081],[-122.979917,45.415929],[-122.979834,45.415813],[-122.9796,45.415691],[-122.979177,45.415558],[-122.978825,45.415386],[-122.978387,45.41533],[-122.978012,45.415134],[-122.977582,45.41508],[-122.977374,45.415123],[-122.977042,45.41528],[-122.976882,45.415222],[-122.976828,45.415125],[-122.976781,45.414876],[-122.976493,45.414451],[-122.976492,45.414344],[-122.976591,45.414132],[-122.976603,45.414014],[-122.976417,45.413641],[-122.976351,45.413343],[-122.976392,45.4132],[-122.976698,45.412846],[-122.976726,45.41264],[-122.976679,45.412479],[-122.976507,45.412309],[-122.976191,45.412241],[-122.975708,45.412343],[-122.975444,45.41234],[-122.975265,45.412244],[-122.975192,45.412125],[-122.975217,45.412017],[-122.975446,45.411778],[-122.975542,45.411556],[-122.975647,45.411413],[-122.975782,45.411299],[-122.976107,45.411129],[-122.976197,45.411038],[-122.976222,45.410873],[-122.976095,45.410601],[-122.975877,45.410421],[-122.975598,45.410325],[-122.974861,45.410473],[-122.9745,45.410404],[-122.974004,45.41044],[-122.973788,45.410356],[-122.973693,45.410226],[-122.973633,45.410048],[-122.973633,45.40994],[-122.973682,45.409819],[-122.97381,45.409719],[-122.974273,45.409607],[-122.974482,45.409503],[-122.974588,45.40935],[-122.974602,45.409219],[-122.97457,45.409143],[-122.97436,45.409033],[-122.973779,45.409016],[-122.973439,45.408945],[-122.972731,45.409014],[-122.97235,45.408864],[-122.972288,45.408765],[-122.972278,45.408625],[-122.972465,45.408329],[-122.972478,45.408245],[-122.972223,45.407971],[-122.972198,45.407841],[-122.972225,45.407612],[-122.972121,45.407358],[-122.97226,45.407215],[-122.972694,45.407009],[-122.972743,45.406931],[-122.972722,45.406852],[-122.972585,45.406748],[-122.972044,45.406545],[-122.971958,45.406447],[-122.971825,45.406134],[-122.971603,45.406],[-122.971463,45.40601],[-122.971328,45.406074],[-122.970997,45.406411],[-122.97084,45.406511],[-122.970742,45.406535],[-122.970584,45.40648],[-122.970457,45.406532],[-122.970556,45.406132],[-122.970508,45.405786],[-122.970207,45.40547],[-122.96967,45.405038],[-122.969571,45.404863],[-122.969597,45.404721],[-122.970061,45.404371],[-122.971006,45.404029],[-122.971606,45.403538],[-122.972188,45.403419],[-122.972296,45.403269],[-122.972328,45.402917],[-122.97257,45.402723],[-122.973096,45.402458],[-122.973722,45.402265],[-122.974969,45.401505],[-122.975962,45.401118],[-122.975955,45.401055],[-122.975809,45.400979],[-122.974793,45.400683],[-122.974463,45.400628],[-122.974092,45.400678],[-122.973988,45.400632],[-122.97392,45.400534],[-122.973909,45.400403],[-122.974153,45.399923],[-122.974236,45.399512],[-122.974531,45.399208],[-122.975056,45.398783],[-122.975625,45.398573],[-122.975959,45.398359],[-122.976344,45.398248],[-122.976439,45.398171],[-122.976579,45.397957],[-122.976972,45.397782],[-122.977231,45.397478],[-122.97742,45.397343],[-122.97754,45.397158],[-122.977966,45.39678],[-122.978606,45.396087],[-122.978982,45.395786],[-122.979632,45.39544],[-122.980072,45.395369],[-122.980678,45.395315],[-122.981107,45.395399],[-122.981501,45.395336],[-122.982006,45.395378],[-122.982393,45.395555],[-122.982483,45.395651],[-122.982547,45.395967],[-122.982726,45.39607],[-122.982779,45.396174],[-122.982779,45.396273],[-122.982696,45.396477],[-122.982718,45.396571],[-122.983002,45.396494],[-122.983384,45.396604],[-122.983413,45.396504],[-122.983292,45.39624],[-122.983321,45.39612],[-122.983496,45.395841],[-122.983759,45.39566],[-122.983896,45.395422],[-122.984164,45.395151],[-122.984825,45.394838],[-122.984988,45.394876],[-122.985509,45.39514],[-122.98568,45.395132],[-122.98574,45.395086],[-122.98576,45.395018],[-122.985544,45.394658],[-122.985532,45.394522],[-122.985581,45.394437],[-122.985754,45.394377],[-122.986261,45.394326],[-122.986733,45.394049],[-122.986985,45.393957],[-122.987061,45.393834],[-122.98762,45.393476],[-122.98783,45.393452],[-122.988202,45.393562],[-122.988512,45.393561],[-122.988755,45.393609],[-122.989093,45.393538],[-122.989464,45.393646],[-122.989812,45.393638],[-122.990107,45.393678],[-122.990853,45.39363],[-122.991562,45.393752],[-122.991921,45.393738],[-122.992246,45.393855],[-122.992255,45.393777],[-122.992074,45.393504],[-122.992077,45.393371],[-122.99216,45.393356],[-122.992443,45.393467],[-122.992455,45.393428],[-122.992301,45.393278],[-122.991897,45.393059],[-122.991491,45.392735],[-122.991425,45.392629],[-122.991436,45.392427],[-122.991158,45.392294],[-122.990795,45.392435],[-122.990587,45.392453],[-122.990233,45.392332],[-122.989981,45.392312],[-122.98977,45.392223],[-122.989201,45.392131],[-122.987995,45.392038],[-122.987142,45.391927],[-122.986552,45.391704],[-122.986114,45.391585],[-122.985819,45.391312],[-122.985701,45.391066],[-122.985427,45.390872],[-122.985273,45.390713],[-122.985164,45.39056],[-122.985133,45.390354],[-122.984742,45.390021],[-122.984619,45.389787],[-122.984487,45.389662],[-122.984385,45.389388],[-122.984214,45.389144],[-122.984084,45.38876],[-122.984046,45.388534],[-122.983943,45.388349],[-122.983883,45.388328],[-122.983695,45.388364],[-122.983507,45.388293],[-122.983415,45.388331],[-122.983392,45.388378],[-122.983634,45.389204],[-122.983643,45.389574],[-122.983598,45.390059],[-122.983934,45.390661],[-122.984079,45.391098],[-122.984265,45.391417],[-122.984308,45.391567],[-122.984307,45.392106],[-122.984231,45.392218],[-122.984028,45.392381],[-122.9831,45.392858],[-122.982879,45.392946],[-122.982689,45.392969],[-122.982024,45.392963],[-122.980873,45.392755],[-122.979887,45.392648],[-122.979785,45.39261],[-122.97964,45.392487],[-122.979083,45.392332],[-122.978971,45.392375],[-122.978966,45.392557],[-122.978902,45.392654],[-122.978353,45.392796],[-122.978107,45.392805],[-122.977405,45.392651],[-122.977213,45.392654],[-122.977146,45.392744],[-122.977111,45.393062],[-122.976954,45.393238],[-122.976134,45.393704],[-122.975945,45.393761],[-122.975458,45.393805],[-122.974933,45.394069],[-122.974157,45.394629],[-122.97393,45.394851],[-122.973595,45.39509],[-122.973322,45.395369],[-122.972905,45.395646],[-122.972649,45.395697],[-122.97232,45.395563],[-122.972206,45.395561],[-122.972169,45.395637],[-122.972166,45.395876],[-122.972088,45.39599],[-122.971028,45.396789],[-122.970399,45.397208],[-122.969565,45.397913],[-122.969063,45.398158],[-122.968739,45.398253],[-122.968412,45.398304],[-122.967825,45.398296],[-122.96769,45.398217],[-122.967382,45.397855],[-122.96726,45.39725],[-122.967153,45.397053],[-122.967002,45.396947],[-122.966587,45.396789],[-122.966136,45.396455],[-122.966034,45.396344],[-122.96576,45.395882],[-122.96567,45.395506],[-122.965528,45.395154],[-122.965457,45.394695],[-122.965366,45.394427],[-122.965325,45.393808],[-122.965518,45.393495],[-122.965425,45.393248],[-122.965442,45.39314],[-122.965717,45.392941],[-122.965867,45.392652],[-122.966469,45.39219],[-122.966923,45.391616],[-122.966983,45.391434],[-122.966921,45.391419],[-122.966632,45.39149],[-122.966182,45.391794],[-122.965962,45.39189],[-122.964981,45.392068],[-122.964289,45.392284],[-122.963972,45.392273],[-122.963386,45.392027],[-122.963001,45.39159],[-122.962525,45.391202],[-122.962236,45.390816],[-122.961824,45.390389],[-122.961715,45.390225],[-122.961212,45.390019],[-122.96107,45.389922],[-122.960936,45.389441],[-122.960934,45.389231],[-122.960824,45.388835],[-122.960902,45.388585],[-122.960559,45.388336],[-122.960566,45.388033],[-122.960392,45.38776],[-122.960373,45.387503],[-122.960319,45.387463],[-122.960002,45.387387],[-122.959749,45.387242],[-122.959629,45.387089],[-122.959562,45.386919],[-122.959561,45.386539],[-122.959349,45.386442],[-122.959021,45.386158],[-122.958867,45.386087],[-122.958841,45.386132],[-122.958986,45.386458],[-122.959022,45.386778],[-122.959185,45.387336],[-122.959265,45.387495],[-122.959463,45.387695],[-122.959523,45.387814],[-122.959427,45.388099],[-122.959284,45.388281],[-122.959383,45.388461],[-122.959512,45.388872],[-122.959512,45.388967],[-122.959413,45.389047],[-122.959056,45.389117],[-122.958905,45.389297],[-122.958981,45.389363],[-122.959256,45.389433],[-122.959329,45.389508],[-122.959265,45.389725],[-122.959266,45.390833],[-122.959203,45.391058],[-122.959061,45.391357],[-122.959098,45.391444],[-122.959282,45.39165],[-122.959353,45.391888],[-122.959554,45.392246],[-122.959578,45.392371],[-122.959524,45.392489],[-122.959372,45.39262],[-122.958776,45.392891],[-122.958569,45.393051],[-122.958489,45.393172],[-122.95847,45.393421],[-122.958292,45.393693],[-122.958348,45.393723],[-122.958877,45.393719],[-122.959349,45.393815],[-122.959609,45.393943],[-122.96,45.393815],[-122.960904,45.393741],[-122.961258,45.393923],[-122.961307,45.394001],[-122.961324,45.394134],[-122.961279,45.394275],[-122.961204,45.394361],[-122.960944,45.394562],[-122.960655,45.394719],[-122.960593,45.39489],[-122.960568,45.395189],[-122.960607,45.395252],[-122.960761,45.395243],[-122.961078,45.395117],[-122.9612,45.39515],[-122.96127,45.395247],[-122.96121,45.395687],[-122.96107,45.395974],[-122.961073,45.396275],[-122.961017,45.396406],[-122.960832,45.396646],[-122.9605,45.396971],[-122.959848,45.397458],[-122.959506,45.397538],[-122.958989,45.397407],[-122.958877,45.397445],[-122.958818,45.39753],[-122.95877,45.397797],[-122.958816,45.398208],[-122.958912,45.398459],[-122.9589,45.398764],[-122.958599,45.399433],[-122.958512,45.399788],[-122.9585,45.400008],[-122.95835,45.400177],[-122.957917,45.400189],[-122.95741,45.400143],[-122.956687,45.400257],[-122.956279,45.400203],[-122.955913,45.400302],[-122.955583,45.40054],[-122.955242,45.400582],[-122.955083,45.400541],[-122.95476,45.400303],[-122.954581,45.400248],[-122.954267,45.400272],[-122.953776,45.400471],[-122.953634,45.400479],[-122.953532,45.40038],[-122.953441,45.400034],[-122.95336,45.399965],[-122.953253,45.399947],[-122.95293,45.400029],[-122.95216,45.400329],[-122.951619,45.400418],[-122.951327,45.400382],[-122.951147,45.400222],[-122.951129,45.400078],[-122.951346,45.399753],[-122.951536,45.39907],[-122.951673,45.398857],[-122.95192,45.398622],[-122.952038,45.398277],[-122.952299,45.397868],[-122.952318,45.397654],[-122.952245,45.397481],[-122.952125,45.397379],[-122.95165,45.397424],[-122.951487,45.397388],[-122.951049,45.397085],[-122.950823,45.396862],[-122.950756,45.396912],[-122.950717,45.397013],[-122.950685,45.397543],[-122.95072,45.397764],[-122.950598,45.397944],[-122.950237,45.398306],[-122.949982,45.398505],[-122.949471,45.398757],[-122.949279,45.398951],[-122.948886,45.399107],[-122.948821,45.39919],[-122.948634,45.399631],[-122.948311,45.399854],[-122.947969,45.399913],[-122.947408,45.399946],[-122.947093,45.399853],[-122.945771,45.399595],[-122.94471,45.399423],[-122.944385,45.399282],[-122.944282,45.399135],[-122.944308,45.399054],[-122.944528,45.398855],[-122.944661,45.398659],[-122.944634,45.398419],[-122.944524,45.398274],[-122.944392,45.398227],[-122.944064,45.398195],[-122.943507,45.39831],[-122.943196,45.398316],[-122.942157,45.39806],[-122.942049,45.397999],[-122.942003,45.397922],[-122.942001,45.397761],[-122.942058,45.397591],[-122.942322,45.397351],[-122.942458,45.397309],[-122.942862,45.397342],[-122.943023,45.39727],[-122.943061,45.396975],[-122.943279,45.396741],[-122.943422,45.396499],[-122.943428,45.396173],[-122.943483,45.395929],[-122.943461,45.395835],[-122.943262,45.3957],[-122.942829,45.395592],[-122.942668,45.395645],[-122.942333,45.395858],[-122.942167,45.395881],[-122.941958,45.395715],[-122.941648,45.395612],[-122.94116,45.39519],[-122.94081,45.394961],[-122.94063,45.394883],[-122.940551,45.394891],[-122.940469,45.394966],[-122.940258,45.395422],[-122.940112,45.395639],[-122.939957,45.395722],[-122.939675,45.395764],[-122.939567,45.395862],[-122.939527,45.396026],[-122.939659,45.396312],[-122.93967,45.396442],[-122.93951,45.396626],[-122.939476,45.396906],[-122.939219,45.397107],[-122.939064,45.397509],[-122.938953,45.397658],[-122.938804,45.397769],[-122.938646,45.397795],[-122.938357,45.397772],[-122.937816,45.39786],[-122.937612,45.397845],[-122.937324,45.397774],[-122.937216,45.397707],[-122.937162,45.397611],[-122.937127,45.397328],[-122.937081,45.397261],[-122.936958,45.397195],[-122.936244,45.397028],[-122.935349,45.397071],[-122.934955,45.397017],[-122.934371,45.396805],[-122.934184,45.396657],[-122.933798,45.396466],[-122.93373,45.39639],[-122.933707,45.396225],[-122.933535,45.396203],[-122.933463,45.396155],[-122.933443,45.396067],[-122.933472,45.395995],[-122.933651,45.395887],[-122.934052,45.395855],[-122.934321,45.39571],[-122.934459,45.395612],[-122.934945,45.395044],[-122.935124,45.394901],[-122.936357,45.394493],[-122.936669,45.394596],[-122.936843,45.39458],[-122.936924,45.394504],[-122.936853,45.394387],[-122.936715,45.394303],[-122.936775,45.394085],[-122.936614,45.393936],[-122.936502,45.3937],[-122.936349,45.393654],[-122.93586,45.393663],[-122.935707,45.393575],[-122.935725,45.393429],[-122.936097,45.393043],[-122.936114,45.392896],[-122.935827,45.392512],[-122.935665,45.392362],[-122.935643,45.392181],[-122.935702,45.39188],[-122.935653,45.391747],[-122.935526,45.391678],[-122.935348,45.391639],[-122.935169,45.391646],[-122.935095,45.391604],[-122.93506,45.391364],[-122.934885,45.390917],[-122.934903,45.390723],[-122.934954,45.390637],[-122.935103,45.390503],[-122.935381,45.390372],[-122.936007,45.390491],[-122.936657,45.390411],[-122.93687,45.390346],[-122.937016,45.390207],[-122.937234,45.389812],[-122.937586,45.389474],[-122.937781,45.389163],[-122.937888,45.389112],[-122.937976,45.38916],[-122.938224,45.389459],[-122.938827,45.389775],[-122.939008,45.389912],[-122.93926,45.39068],[-122.939701,45.391183],[-122.939789,45.391221],[-122.939993,45.391129],[-122.940277,45.391108],[-122.940297,45.391045],[-122.940173,45.390902],[-122.940146,45.390806],[-122.940395,45.390364],[-122.940556,45.390256],[-122.940963,45.39026],[-122.941049,45.390175],[-122.940995,45.390031],[-122.940731,45.389748],[-122.940665,45.38928],[-122.940702,45.388899],[-122.940652,45.388616],[-122.940669,45.388539],[-122.940777,45.388483],[-122.940864,45.38835],[-122.940985,45.388255],[-122.941108,45.388197],[-122.941229,45.388187],[-122.941574,45.388237],[-122.941895,45.388336],[-122.942093,45.388433],[-122.942326,45.388612],[-122.94243,45.388632],[-122.942461,45.388514],[-122.94242,45.387913],[-122.942534,45.387531],[-122.942626,45.387482],[-122.943054,45.387416],[-122.943733,45.387189],[-122.94365,45.387133],[-122.943128,45.386962],[-122.942944,45.386858],[-122.94286,45.386702],[-122.942932,45.386529],[-122.943241,45.386313],[-122.943455,45.386243],[-122.944004,45.386204],[-122.944335,45.386227],[-122.944689,45.386302],[-122.944805,45.38627],[-122.944712,45.386178],[-122.943971,45.385779],[-122.943708,45.385431],[-122.943689,45.385342],[-122.943916,45.384704],[-122.944442,45.38405],[-122.944431,45.383715],[-122.944575,45.383309],[-122.944702,45.382778],[-122.944609,45.382071],[-122.944718,45.381947],[-122.94509,45.38178],[-122.945229,45.381644],[-122.944668,45.381461],[-122.944555,45.381344],[-122.944469,45.381163],[-122.944437,45.380913],[-122.944516,45.380413],[-122.944668,45.380175],[-122.944683,45.380094],[-122.944593,45.379992],[-122.944302,45.379888],[-122.944196,45.379805],[-122.943975,45.379243],[-122.944072,45.378981],[-122.944252,45.378755],[-122.944263,45.378695],[-122.94415,45.378651],[-122.943719,45.378648],[-122.943562,45.378548],[-122.943365,45.378245],[-122.943084,45.377685],[-122.942986,45.377273],[-122.942802,45.376809],[-122.942607,45.376514],[-122.94251,45.376259],[-122.942337,45.376041],[-122.942224,45.375778],[-122.942031,45.375571],[-122.941903,45.375332],[-122.941599,45.374922],[-122.941129,45.37461],[-122.940814,45.374656],[-122.940923,45.374739],[-122.941106,45.374806],[-122.941116,45.374855],[-122.940782,45.374856],[-122.940667,45.374918],[-122.940636,45.374979],[-122.940782,45.375319],[-122.941106,45.375878],[-122.941188,45.376179],[-122.941315,45.376435],[-122.941407,45.376976],[-122.941634,45.377168],[-122.941719,45.377328],[-122.94182,45.377922],[-122.941843,45.378334],[-122.941814,45.37859],[-122.941866,45.378792],[-122.941801,45.379033],[-122.941834,45.379369],[-122.941744,45.379661],[-122.941805,45.379935],[-122.941809,45.380184],[-122.941666,45.380641],[-122.941677,45.380919],[-122.941422,45.381638],[-122.941507,45.381846],[-122.941509,45.381942],[-122.94134,45.382186],[-122.941363,45.382386],[-122.941337,45.382473],[-122.940974,45.382995],[-122.940454,45.38342],[-122.939168,45.384265],[-122.938595,45.38445],[-122.938049,45.3845],[-122.937531,45.3846],[-122.937192,45.384712],[-122.936782,45.384935],[-122.93646,45.385032],[-122.935966,45.385123],[-122.935723,45.385109],[-122.935359,45.384958],[-122.935156,45.384626],[-122.934336,45.384574],[-122.934258,45.384693],[-122.934243,45.385136],[-122.934099,45.385362],[-122.933751,45.385491],[-122.93354,45.385618],[-122.933177,45.386007],[-122.931628,45.38716],[-122.931101,45.387411],[-122.930785,45.387508],[-122.930382,45.387826],[-122.930119,45.388093],[-122.92957,45.388415],[-122.929321,45.388625],[-122.928807,45.388802],[-122.92848,45.389043],[-122.928095,45.389198],[-122.9279,45.38917],[-122.927662,45.389027],[-122.927435,45.388541],[-122.927188,45.388273],[-122.926944,45.387932],[-122.926726,45.387514],[-122.926492,45.38722],[-122.926334,45.386889],[-122.926237,45.386807],[-122.925888,45.386645],[-122.925645,45.386421],[-122.925612,45.38629],[-122.925639,45.386117],[-122.925854,45.385728],[-122.925805,45.385143],[-122.924637,45.38533],[-122.924462,45.385327],[-122.924378,45.385278],[-122.92436,45.385054],[-122.924154,45.384637],[-122.924043,45.384152],[-122.923957,45.384069],[-122.92375,45.384],[-122.923636,45.383919],[-122.923333,45.383339],[-122.923294,45.383158],[-122.923318,45.383071],[-122.923423,45.382988],[-122.923676,45.382889],[-122.923713,45.382827],[-122.923615,45.382768],[-122.923223,45.382668],[-122.923138,45.382569],[-122.923159,45.382464],[-122.923233,45.382371],[-122.923797,45.382087],[-122.923935,45.381968],[-122.923954,45.381893],[-122.923791,45.381836],[-122.922911,45.381883],[-122.922428,45.381849],[-122.922343,45.381805],[-122.922209,45.381196],[-122.92201,45.380723],[-122.921833,45.380404],[-122.921357,45.379821],[-122.9213,45.379463],[-122.921195,45.379147],[-122.920823,45.378512],[-122.920732,45.377656],[-122.920595,45.377396],[-122.920543,45.37737],[-122.920483,45.377396],[-122.920182,45.377996],[-122.920188,45.378394],[-122.920063,45.378735],[-122.920093,45.379081],[-122.920052,45.379383],[-122.920103,45.379815],[-122.920043,45.380083],[-122.920097,45.380339],[-122.920039,45.380852],[-122.920235,45.38111],[-122.920268,45.381363],[-122.920212,45.381646],[-122.92031,45.381884],[-122.920276,45.381975],[-122.920087,45.382129],[-122.920059,45.38219],[-122.920226,45.382421],[-122.920178,45.382677],[-122.920356,45.382864],[-122.920269,45.383079],[-122.920425,45.383256],[-122.920425,45.383539],[-122.920523,45.384082],[-122.920786,45.384786],[-122.920589,45.385534],[-122.920409,45.385933],[-122.920379,45.386091],[-122.920398,45.386262],[-122.920483,45.386463],[-122.920507,45.386748],[-122.920462,45.387333],[-122.920631,45.387605],[-122.920532,45.388147],[-122.92071,45.388413],[-122.920731,45.388565],[-122.920684,45.38862],[-122.920591,45.388643],[-122.920238,45.388576],[-122.919949,45.388402],[-122.919677,45.388346],[-122.919301,45.388151],[-122.919151,45.388017],[-122.918933,45.387662],[-122.918688,45.387362],[-122.918311,45.387059],[-122.918137,45.386985],[-122.918142,45.387067],[-122.918551,45.38779],[-122.918779,45.388412],[-122.918737,45.388465],[-122.918483,45.388514],[-122.918213,45.388838],[-122.918009,45.388948],[-122.917997,45.389032],[-122.918115,45.389368],[-122.918107,45.389467],[-122.917946,45.389525],[-122.917736,45.389459],[-122.917561,45.389328],[-122.917401,45.389029],[-122.91703,45.388872],[-122.916871,45.38888],[-122.916832,45.388946],[-122.916834,45.38919],[-122.916789,45.389337],[-122.916689,45.389457],[-122.916417,45.389578],[-122.916332,45.390004],[-122.916163,45.390185],[-122.916098,45.390308],[-122.916057,45.390462],[-122.91612,45.390665],[-122.91608,45.390759],[-122.915966,45.390857],[-122.915299,45.391221],[-122.914893,45.391641],[-122.914949,45.391702],[-122.915221,45.391715],[-122.915462,45.391832],[-122.915646,45.391999],[-122.915812,45.39229],[-122.916084,45.392443],[-122.916333,45.392508],[-122.917277,45.392456],[-122.918014,45.392332],[-122.918324,45.392323],[-122.918577,45.392246],[-122.919106,45.391935],[-122.919329,45.391878],[-122.919477,45.391894],[-122.919737,45.392023],[-122.920045,45.392116],[-122.920179,45.392253],[-122.920209,45.392501],[-122.920123,45.392665],[-122.919862,45.392792],[-122.919752,45.392906],[-122.919763,45.393036],[-122.919926,45.39324],[-122.919949,45.393344],[-122.919823,45.393658],[-122.919638,45.39381],[-122.919006,45.393888],[-122.918769,45.393837],[-122.918536,45.393696],[-122.918184,45.393766],[-122.917912,45.393743],[-122.917757,45.393644],[-122.917658,45.393513],[-122.917689,45.393256],[-122.917653,45.393161],[-122.917499,45.393048],[-122.917318,45.393002],[-122.917187,45.393016],[-122.917004,45.39313],[-122.916813,45.393181],[-122.91653,45.393125],[-122.916406,45.393139],[-122.916303,45.393212],[-122.916211,45.393411],[-122.916113,45.393462],[-122.915864,45.393412],[-122.914907,45.393552],[-122.91444,45.39351],[-122.913836,45.393543],[-122.913621,45.39349],[-122.913211,45.39346],[-122.912574,45.39329],[-122.91249,45.393234],[-122.912464,45.39313],[-122.912547,45.392889],[-122.912551,45.392723],[-122.912493,45.392547],[-122.912395,45.392468],[-122.911934,45.392428],[-122.911257,45.392535],[-122.91092,45.392462],[-122.910629,45.392345],[-122.909691,45.392122],[-122.909118,45.392096],[-122.908838,45.392178],[-122.908726,45.392312],[-122.908659,45.392739],[-122.908472,45.392887],[-122.908364,45.392912],[-122.908131,45.39281],[-122.908022,45.392576],[-122.907796,45.392314],[-122.90739,45.392111],[-122.907001,45.3918],[-122.906623,45.391698],[-122.906503,45.391715],[-122.906397,45.391786],[-122.906169,45.392216],[-122.905733,45.392568],[-122.905587,45.392604],[-122.905346,45.392574],[-122.904531,45.392236],[-122.903871,45.392043],[-122.903411,45.391793],[-122.903353,45.391704],[-122.903324,45.391427],[-122.903038,45.391218],[-122.902813,45.390667],[-122.902176,45.3901],[-122.902047,45.389927],[-122.90196,45.389682],[-122.901913,45.389634],[-122.901758,45.389889],[-122.901685,45.390165],[-122.901707,45.39031],[-122.901972,45.390949],[-122.901938,45.391028],[-122.901736,45.39117],[-122.901672,45.391274],[-122.901675,45.391489],[-122.901754,45.3917],[-122.901737,45.391817],[-122.901434,45.392307],[-122.901391,45.39262],[-122.900875,45.392734],[-122.900496,45.393008],[-122.900319,45.393018],[-122.900117,45.392868],[-122.89997,45.39284],[-122.899831,45.392905],[-122.89964,45.393127],[-122.899516,45.39319],[-122.899142,45.393209],[-122.898781,45.393175],[-122.898681,45.39312],[-122.898603,45.392895],[-122.898521,45.392806],[-122.898292,45.392839],[-122.898109,45.392797],[-122.898012,45.392728],[-122.89791,45.392548],[-122.897787,45.392478],[-122.897345,45.392543],[-122.896983,45.392277],[-122.896922,45.392424],[-122.896903,45.392929],[-122.896693,45.393414],[-122.89666,45.393597],[-122.896615,45.393645],[-122.896545,45.393649],[-122.896206,45.39355],[-122.896019,45.393451],[-122.895902,45.393266],[-122.895793,45.39295],[-122.895704,45.392844],[-122.895387,45.392721],[-122.895005,45.39242],[-122.894723,45.392366],[-122.894462,45.39225],[-122.89445,45.392421],[-122.89467,45.393214],[-122.894654,45.393308],[-122.894586,45.393375],[-122.894395,45.393425],[-122.893973,45.393434],[-122.893694,45.393549],[-122.893477,45.393577],[-122.89314,45.393547],[-122.892828,45.39344],[-122.892438,45.393433],[-122.892014,45.393375],[-122.891915,45.393459],[-122.892013,45.393771],[-122.891897,45.394035],[-122.891773,45.394086],[-122.891204,45.394149],[-122.891075,45.394086],[-122.890793,45.393776],[-122.890434,45.393573],[-122.890163,45.393342],[-122.890154,45.393273],[-122.890276,45.393038],[-122.890244,45.392906],[-122.889912,45.392856],[-122.889147,45.392402],[-122.888936,45.391833],[-122.888994,45.391492],[-122.88894,45.391434],[-122.888575,45.391725],[-122.888229,45.391608],[-122.888171,45.391649],[-122.888461,45.392204],[-122.888437,45.392387],[-122.888338,45.392658],[-122.888671,45.392865],[-122.888736,45.392984],[-122.888757,45.393131],[-122.888867,45.393296],[-122.888904,45.39362],[-122.888791,45.393865],[-122.888838,45.393932],[-122.889038,45.394062],[-122.889102,45.394157],[-122.889121,45.394786],[-122.889034,45.394853],[-122.888775,45.394929],[-122.888274,45.394965],[-122.887935,45.394869],[-122.887619,45.394685],[-122.887089,45.394569],[-122.886131,45.394201],[-122.884561,45.393495],[-122.883435,45.392845],[-122.880877,45.391567],[-122.880503,45.391329],[-122.880248,45.391086],[-122.879667,45.390776],[-122.879469,45.390548],[-122.879154,45.390341],[-122.878521,45.390184],[-122.87792,45.389833],[-122.877534,45.389495],[-122.877492,45.389346],[-122.877167,45.388748],[-122.876645,45.388135],[-122.876504,45.387892],[-122.876278,45.387656],[-122.875892,45.387051],[-122.875832,45.386862],[-122.875821,45.386156],[-122.875712,45.385914],[-122.875775,45.385679],[-122.875771,45.38556],[-122.875312,45.384994],[-122.874854,45.384808],[-122.874664,45.384802],[-122.874476,45.384963],[-122.874153,45.385379],[-122.873784,45.385659],[-122.873487,45.385764],[-122.873323,45.385754],[-122.87309,45.385682],[-122.872296,45.385306],[-122.870327,45.384135],[-122.87002,45.383916],[-122.868325,45.382966],[-122.868036,45.382747],[-122.867841,45.38249],[-122.866609,45.381655],[-122.86628,45.381307],[-122.86609,45.381164],[-122.865764,45.381014],[-122.865274,45.38096],[-122.864972,45.380865],[-122.863962,45.380218],[-122.863256,45.379628],[-122.862887,45.379234],[-122.862667,45.378898],[-122.86218,45.378571],[-122.861629,45.377908],[-122.861278,45.377664],[-122.860895,45.377526],[-122.860715,45.377406],[-122.860602,45.377136],[-122.860432,45.376919],[-122.860241,45.376575],[-122.860266,45.376526],[-122.860442,45.37653],[-122.860684,45.37624],[-122.860988,45.376112],[-122.86118,45.376144],[-122.86148,45.376299],[-122.861649,45.376307],[-122.861925,45.376395],[-122.862097,45.376376],[-122.862223,45.376297],[-122.862514,45.375973],[-122.862629,45.375894],[-122.863457,45.375701],[-122.863972,45.375489],[-122.864272,45.375459],[-122.86431,45.375293],[-122.864373,45.375218],[-122.865175,45.374723],[-122.865644,45.3745],[-122.866028,45.374243],[-122.866763,45.374092],[-122.867356,45.373927],[-122.867794,45.373861],[-122.868195,45.373647],[-122.86832,45.373642],[-122.868844,45.373738],[-122.86898,45.373833],[-122.86921,45.374093],[-122.869499,45.374183],[-122.869686,45.374302],[-122.8698,45.3743],[-122.869937,45.374205],[-122.870167,45.373924],[-122.870427,45.373761],[-122.870647,45.373551],[-122.871042,45.373335],[-122.871317,45.3731],[-122.871541,45.37305],[-122.872222,45.373154],[-122.872868,45.373163],[-122.873136,45.373318],[-122.873278,45.373454],[-122.873289,45.373536],[-122.873255,45.373602],[-122.872922,45.373847],[-122.87273,45.374158],[-122.872557,45.374809],[-122.872569,45.374884],[-122.872617,45.374928],[-122.872758,45.374913],[-122.873172,45.374574],[-122.873547,45.374416],[-122.874733,45.374125],[-122.875145,45.374166],[-122.87534,45.374253],[-122.876171,45.374908],[-122.876558,45.375163],[-122.877237,45.375501],[-122.877666,45.375896],[-122.878002,45.376011],[-122.878055,45.37615],[-122.878043,45.376543],[-122.877791,45.377049],[-122.877718,45.377266],[-122.87769,45.377524],[-122.877597,45.377754],[-122.877833,45.377599],[-122.878036,45.377253],[-122.878523,45.376776],[-122.87881,45.376611],[-122.879076,45.376511],[-122.87954,45.376438],[-122.8797,45.376449],[-122.880076,45.376557],[-122.880601,45.376545],[-122.880958,45.376778],[-122.881138,45.37683],[-122.881425,45.376819],[-122.88172,45.376643],[-122.882016,45.376688],[-122.882188,45.376792],[-122.882475,45.377212],[-122.882844,45.377394],[-122.882951,45.377361],[-122.883032,45.377097],[-122.883147,45.377036],[-122.883605,45.377033],[-122.883864,45.377083],[-122.884495,45.377103],[-122.884898,45.377228],[-122.88526,45.377226],[-122.886505,45.377358],[-122.886678,45.377421],[-122.886891,45.377578],[-122.887203,45.377931],[-122.887313,45.377995],[-122.88737,45.377963],[-122.88741,45.377763],[-122.887469,45.377679],[-122.8878,45.377633],[-122.887874,45.377583],[-122.887828,45.377481],[-122.887644,45.377353],[-122.887153,45.377142],[-122.88713,45.377069],[-122.8872,45.376745],[-122.887172,45.376674],[-122.886825,45.376863],[-122.886548,45.376884],[-122.885567,45.376722],[-122.88504,45.37655],[-122.884092,45.376426],[-122.883673,45.376336],[-122.883293,45.376204],[-122.882201,45.375693],[-122.881308,45.375453],[-122.880706,45.375341],[-122.880578,45.375248],[-122.880509,45.375023],[-122.880424,45.374922],[-122.880227,45.374856],[-122.879616,45.374783],[-122.879543,45.374573],[-122.879392,45.374398],[-122.878868,45.374263],[-122.878502,45.374102],[-122.877992,45.373678],[-122.877927,45.373576],[-122.877914,45.373468],[-122.878036,45.373123],[-122.878032,45.373006],[-122.87794,45.37291],[-122.877654,45.372827],[-122.877614,45.372758],[-122.877651,45.372692],[-122.877876,45.372526],[-122.878011,45.372298],[-122.877991,45.372198],[-122.877858,45.372172],[-122.877607,45.372192],[-122.876819,45.372425],[-122.876675,45.372439],[-122.876609,45.372405],[-122.876627,45.372331],[-122.876722,45.372246],[-122.877317,45.371838],[-122.877672,45.371639],[-122.87834,45.371628],[-122.878619,45.371557],[-122.879205,45.371316],[-122.879398,45.371277],[-122.8795,45.371303],[-122.879978,45.371618],[-122.880041,45.37163],[-122.880081,45.371545],[-122.880078,45.3714],[-122.879877,45.371236],[-122.87987,45.371087],[-122.880155,45.370813],[-122.880493,45.370716],[-122.880424,45.370544],[-122.880436,45.370456],[-122.880561,45.370241],[-122.880808,45.369964],[-122.880809,45.369917],[-122.880528,45.369948],[-122.880293,45.370064],[-122.88022,45.370139],[-122.880026,45.370556],[-122.879494,45.370807],[-122.879136,45.370877],[-122.878564,45.371071],[-122.878212,45.371132],[-122.878011,45.371113],[-122.87763,45.370943],[-122.877501,45.370933],[-122.877253,45.371068],[-122.876986,45.371107],[-122.876746,45.371209],[-122.876538,45.371244],[-122.876181,45.371147],[-122.87565,45.371149],[-122.874886,45.370858],[-122.874408,45.370778],[-122.87401,45.370549],[-122.873969,45.370457],[-122.874061,45.370363],[-122.874421,45.370148],[-122.874645,45.369951],[-122.874711,45.36986],[-122.874683,45.369787],[-122.874374,45.369722],[-122.873764,45.36981],[-122.873074,45.369767],[-122.872932,45.369678],[-122.872714,45.369388],[-122.872503,45.369269],[-122.872454,45.369151],[-122.872485,45.369072],[-122.872569,45.369019],[-122.87292,45.368981],[-122.873033,45.368922],[-122.873203,45.368555],[-122.873666,45.368006],[-122.873829,45.367948],[-122.874136,45.367998],[-122.874291,45.36795],[-122.87459,45.367753],[-122.874971,45.36742],[-122.87541,45.367256],[-122.87589,45.366758],[-122.876595,45.366544],[-122.877181,45.366481],[-122.877694,45.366479],[-122.877872,45.366426],[-122.877973,45.366314],[-122.878022,45.36606],[-122.87808,45.365942],[-122.878389,45.365781],[-122.878582,45.365539],[-122.878826,45.365462],[-122.879308,45.36512],[-122.879746,45.364699],[-122.880036,45.364239],[-122.880784,45.363947],[-122.880995,45.363799],[-122.881681,45.363188],[-122.882137,45.362992],[-122.882365,45.362793],[-122.882587,45.362679],[-122.883281,45.362405],[-122.883941,45.362215],[-122.884155,45.36222],[-122.884572,45.362352],[-122.884784,45.362346],[-122.884911,45.362296],[-122.885068,45.362155],[-122.88544,45.362104],[-122.885978,45.361907],[-122.886119,45.36191],[-122.886399,45.361994],[-122.887016,45.361856],[-122.887429,45.361939],[-122.888339,45.361831],[-122.88906,45.361882],[-122.889651,45.361881],[-122.889898,45.361818],[-122.889928,45.361763],[-122.889884,45.361707],[-122.889162,45.361387],[-122.888691,45.361239],[-122.888346,45.361187],[-122.888087,45.360999],[-122.887534,45.360847],[-122.887363,45.360728],[-122.887347,45.360631],[-122.887444,45.360334],[-122.887387,45.359356],[-122.887434,45.358992],[-122.887551,45.358662],[-122.887462,45.358368],[-122.887496,45.358077],[-122.887456,45.357859],[-122.887438,45.357189],[-122.88731,45.356954],[-122.887262,45.356995],[-122.88716,45.357268],[-122.886799,45.357964],[-122.886571,45.358631],[-122.886238,45.359312],[-122.886018,45.359981],[-122.885563,45.360531],[-122.88547,45.360597],[-122.8853,45.360611],[-122.884972,45.360503],[-122.884703,45.360475],[-122.884296,45.360538],[-122.884049,45.360516],[-122.883806,45.36057],[-122.883365,45.36057],[-122.883075,45.360385],[-122.882745,45.360588],[-122.882565,45.360639],[-122.881543,45.360662],[-122.8812,45.360591],[-122.881021,45.360746],[-122.880297,45.361024],[-122.879799,45.36134],[-122.8797,45.361363],[-122.879422,45.361324],[-122.87938,45.361375],[-122.879386,45.361545],[-122.879358,45.361593],[-122.878744,45.361895],[-122.878633,45.361921],[-122.878249,45.361873],[-122.878123,45.361901],[-122.878038,45.36199],[-122.877884,45.362339],[-122.877552,45.362691],[-122.876986,45.362864],[-122.8767,45.363019],[-122.876392,45.363285],[-122.876244,45.36334],[-122.87578,45.363263],[-122.87533,45.363272],[-122.874958,45.363156],[-122.874267,45.363147],[-122.874073,45.363217],[-122.873953,45.363426],[-122.87388,45.363434],[-122.873531,45.363218],[-122.873401,45.363081],[-122.873164,45.362492],[-122.873036,45.36203],[-122.872964,45.36199],[-122.872923,45.362052],[-122.872929,45.362728],[-122.872868,45.362986],[-122.872789,45.363098],[-122.872469,45.363313],[-122.872412,45.363407],[-122.872406,45.363495],[-122.8725,45.36361],[-122.872921,45.363692],[-122.87315,45.363854],[-122.873205,45.363991],[-122.873191,45.364357],[-122.873432,45.364615],[-122.873498,45.364747],[-122.873499,45.364829],[-122.87343,45.364913],[-122.872599,45.365317],[-122.872324,45.36531],[-122.872224,45.365268],[-122.872213,45.365195],[-122.872487,45.364733],[-122.872784,45.364009],[-122.872757,45.363886],[-122.872672,45.363797],[-122.872486,45.363721],[-122.872356,45.36371],[-122.872183,45.36377],[-122.871903,45.363938],[-122.871548,45.36423],[-122.871119,45.364331],[-122.871056,45.364427],[-122.871076,45.364619],[-122.871052,45.36466],[-122.870681,45.364577],[-122.870527,45.364608],[-122.869571,45.365248],[-122.869127,45.365673],[-122.86865,45.365762],[-122.868281,45.365754],[-122.867962,45.365819],[-122.867824,45.365793],[-122.868011,45.353381],[-122.870832,45.347889],[-122.870627,45.347644],[-122.870552,45.347331],[-122.870328,45.347036],[-122.870293,45.346923],[-122.87043,45.346202],[-122.870556,45.346057],[-122.871237,45.345791],[-122.871132,45.345707],[-122.870871,45.345641],[-122.870795,45.34555],[-122.870754,45.34521],[-122.870809,45.345059],[-122.871133,45.344811],[-122.871178,45.344671],[-122.871132,45.344564],[-122.870994,45.344579],[-122.870154,45.344923],[-122.869956,45.344958],[-122.869822,45.344914],[-122.869799,45.344804],[-122.869888,45.344311],[-122.869731,45.343924],[-122.869771,45.343571],[-122.869985,45.342956],[-122.870234,45.342611],[-122.870567,45.342442],[-122.871339,45.341898],[-122.871507,45.341836],[-122.871773,45.341812],[-122.871917,45.341692],[-122.871901,45.341596],[-122.871779,45.341465],[-122.871766,45.341349],[-122.871831,45.341218],[-122.87214,45.341037],[-122.872608,45.340915],[-122.872498,45.340822],[-122.872351,45.340788],[-122.872139,45.34077],[-122.871797,45.340824],[-122.871625,45.340775],[-122.871395,45.340829],[-122.870805,45.341054],[-122.870174,45.341038],[-122.868987,45.340834],[-122.868848,45.340743],[-122.868818,45.340615],[-122.868853,45.340521],[-122.86907,45.34036],[-122.86947,45.340178],[-122.869964,45.339886],[-122.87016,45.339821],[-122.870805,45.339747],[-122.871442,45.339736],[-122.87158,45.33966],[-122.871632,45.339538],[-122.871629,45.339318],[-122.871722,45.339168],[-122.872662,45.338852],[-122.873102,45.338416],[-122.873481,45.338144],[-122.873861,45.337968],[-122.875306,45.337478],[-122.875439,45.337383],[-122.875744,45.336665],[-122.876242,45.335923],[-122.876193,45.335167],[-122.876156,45.335055],[-122.876041,45.334907],[-122.87544,45.334641],[-122.875027,45.334551],[-122.875146,45.33482],[-122.875015,45.334993],[-122.874901,45.33506],[-122.873966,45.335314],[-122.873453,45.335318],[-122.872893,45.335275],[-122.872619,45.335313],[-122.872467,45.33537],[-122.871776,45.335788],[-122.871405,45.335895],[-122.871263,45.335986],[-122.871181,45.336115],[-122.871098,45.336582],[-122.870774,45.337147],[-122.870691,45.337478],[-122.87034,45.337738],[-122.870178,45.338145],[-122.869939,45.338318],[-122.869587,45.338366],[-122.868797,45.338398],[-122.867921,45.338266],[-122.867055,45.338297],[-122.866654,45.338232],[-122.866498,45.338276],[-122.866232,45.338452],[-122.866115,45.338552],[-122.865959,45.338771],[-122.865848,45.338852],[-122.865533,45.33893],[-122.865271,45.338846],[-122.865087,45.338831],[-122.864967,45.338919],[-122.864994,45.339263],[-122.864885,45.33935],[-122.864487,45.339359],[-122.863918,45.339519],[-122.863279,45.339543],[-122.863124,45.339592],[-122.862907,45.33975],[-122.862846,45.33985],[-122.862904,45.339939],[-122.863412,45.339982],[-122.863525,45.340037],[-122.863502,45.340131],[-122.863394,45.340274],[-122.863457,45.340573],[-122.863412,45.340689],[-122.863269,45.340762],[-122.86305,45.340704],[-122.862721,45.340524],[-122.86258,45.340504],[-122.862463,45.340541],[-122.862429,45.340643],[-122.862457,45.34076],[-122.862623,45.341161],[-122.862783,45.34138],[-122.862929,45.341443],[-122.863709,45.341587],[-122.864294,45.341757],[-122.864817,45.342079],[-122.865369,45.342232],[-122.865597,45.342461],[-122.865922,45.342569],[-122.866301,45.342625],[-122.866865,45.342568],[-122.867061,45.34262],[-122.866967,45.343084],[-122.866883,45.343207],[-122.86679,45.343274],[-122.86645,45.343266],[-122.866001,45.3431],[-122.86554,45.343017],[-122.865101,45.342839],[-122.864322,45.342875],[-122.864164,45.342799],[-122.864124,45.342527],[-122.864051,45.342447],[-122.863905,45.342383],[-122.863343,45.342203],[-122.863012,45.342328],[-122.862439,45.342209],[-122.861829,45.341822],[-122.861601,45.341814],[-122.861235,45.342033],[-122.860987,45.342313],[-122.86088,45.34237],[-122.86074,45.342347],[-122.86063,45.342275],[-122.860586,45.342135],[-122.86064,45.341977],[-122.860914,45.341663],[-122.861255,45.341178],[-122.861339,45.340983],[-122.861335,45.34084],[-122.861262,45.340683],[-122.861158,45.340603],[-122.861024,45.340587],[-122.860614,45.340632],[-122.860258,45.340911],[-122.859884,45.341027],[-122.859776,45.341268],[-122.859612,45.341373],[-122.858233,45.341521],[-122.857691,45.341486],[-122.857529,45.341618],[-122.857375,45.341805],[-122.856963,45.342404],[-122.847026,45.342451],[-122.846811,45.342485],[-122.846662,45.342565],[-122.846551,45.342743],[-122.846524,45.345914],[-122.846427,45.346126],[-122.846255,45.346189],[-122.843694,45.346214],[-122.843479,45.34617],[-122.842488,45.346139],[-122.82598,45.346247],[-122.825912,45.34591],[-122.825896,45.345553],[-122.825962,45.341554],[-122.825885,45.341196],[-122.825722,45.340875],[-122.825509,45.340573],[-122.824426,45.33916],[-122.824316,45.339092],[-122.824031,45.339007],[-122.823337,45.338998],[-122.822932,45.338937],[-122.822823,45.338779],[-122.82258,45.338197],[-122.821817,45.33614],[-122.821671,45.335813],[-122.82158,45.335698],[-122.821406,45.335562],[-122.819197,45.334245],[-122.819003,45.334197],[-122.818851,45.334187],[-122.818395,45.334287],[-122.817216,45.334633],[-122.81674,45.334691],[-122.816602,45.334684],[-122.816061,45.334521],[-122.815331,45.334519],[-122.814683,45.334359],[-122.814301,45.334367],[-122.814006,45.334445],[-122.81311,45.334545],[-122.812953,45.334693],[-122.812836,45.334744],[-122.812407,45.334774],[-122.81163,45.335034],[-122.811148,45.335083],[-122.810991,45.335071],[-122.81084,45.334995],[-122.810603,45.33479],[-122.810167,45.334653],[-122.810027,45.334543],[-122.809581,45.333874],[-122.809201,45.333553],[-122.808736,45.332915],[-122.808339,45.33249],[-122.807549,45.331874],[-122.807473,45.331771],[-122.80735,45.331393],[-122.807341,45.331114],[-122.80728,45.330956],[-122.807284,45.330685],[-122.807135,45.330491],[-122.806998,45.33015],[-122.806912,45.33004],[-122.806387,45.329814],[-122.806139,45.329548],[-122.806052,45.329345],[-122.80594,45.329278],[-122.805589,45.329209],[-122.805477,45.3291],[-122.805356,45.328731],[-122.804973,45.32822],[-122.80485,45.328098],[-122.803873,45.327398],[-122.803596,45.32689],[-122.802711,45.325719],[-122.802226,45.325317],[-122.801701,45.324984],[-122.801455,45.32475],[-122.801336,45.324578],[-122.801271,45.324446],[-122.801266,45.324323],[-122.801362,45.324141],[-122.801408,45.323922],[-122.801367,45.323754],[-122.801333,45.323201],[-122.801216,45.322799],[-122.80096,45.32244],[-122.800965,45.322332],[-122.801217,45.322171],[-122.801502,45.322114],[-122.801589,45.322022],[-122.801446,45.32196],[-122.800592,45.321956],[-122.80041,45.32188],[-122.800095,45.321663],[-122.799862,45.321436],[-122.799832,45.321321],[-122.799827,45.321148],[-122.799873,45.321023],[-122.800061,45.320793],[-122.80007,45.320661],[-122.799783,45.320449],[-122.799766,45.32032],[-122.799859,45.320196],[-122.80002,45.320158],[-122.80051,45.320226],[-122.800715,45.320192],[-122.800863,45.320122],[-122.800949,45.320032],[-122.800995,45.319652],[-122.801102,45.31955],[-122.801301,45.318844],[-122.801275,45.318719],[-122.801119,45.318658],[-122.801132,45.318505],[-122.801414,45.318516],[-122.801893,45.318395],[-122.802363,45.318428],[-122.802461,45.318491],[-122.802531,45.318653],[-122.802741,45.318931],[-122.802879,45.318991],[-122.80329,45.318764],[-122.803563,45.31871],[-122.803752,45.318749],[-122.804004,45.318877],[-122.804255,45.318915],[-122.804895,45.319153],[-122.805047,45.319128],[-122.805081,45.319016],[-122.805053,45.318917],[-122.804496,45.318352],[-122.804407,45.318239],[-122.804392,45.318134],[-122.804549,45.31798],[-122.804747,45.317619],[-122.804765,45.317285],[-122.804712,45.317018],[-122.804727,45.316853],[-122.805543,45.317007],[-122.805677,45.317075],[-122.805768,45.31734],[-122.805848,45.31745],[-122.806338,45.317814],[-122.806505,45.317847],[-122.806587,45.317735],[-122.806621,45.317391],[-122.806826,45.316643],[-122.806938,45.31637],[-122.807057,45.316266],[-122.807405,45.316101],[-122.807739,45.315824],[-122.808259,45.315646],[-122.808564,45.315392],[-122.808695,45.315347],[-122.80946,45.315237],[-122.809813,45.315291],[-122.810062,45.315278],[-122.810144,45.315146],[-122.80982,45.314658],[-122.809762,45.314261],[-122.809688,45.314137],[-122.809262,45.313712],[-122.809143,45.313487],[-122.80911,45.313218],[-122.809131,45.313079],[-122.809258,45.312868],[-122.809576,45.312624],[-122.810212,45.312266],[-122.81115,45.311614],[-122.811306,45.311472],[-122.811478,45.311186],[-122.81159,45.311101],[-122.812495,45.310852],[-122.813328,45.310466],[-122.814019,45.310418],[-122.814362,45.310272],[-122.815207,45.310061],[-122.815791,45.309963],[-122.815969,45.309467],[-122.816616,45.308003],[-122.816689,45.308174],[-122.817161,45.307918],[-122.817375,45.307848],[-122.817781,45.307862],[-122.81796,45.307913],[-122.818062,45.30798],[-122.818126,45.308086],[-122.818175,45.308362],[-122.818299,45.30873],[-122.818228,45.3095],[-122.818255,45.309635],[-122.818556,45.309419],[-122.818851,45.309107],[-122.81904,45.308975],[-122.819177,45.308926],[-122.819474,45.308909],[-122.819618,45.308929],[-122.819906,45.309053],[-122.820016,45.309186],[-122.820069,45.309466],[-122.820162,45.30955],[-122.820662,45.309728],[-122.820831,45.309676],[-122.820952,45.309567],[-122.821112,45.309527],[-122.822109,45.309891],[-122.822525,45.30994],[-122.822639,45.310026],[-122.822654,45.310138],[-122.822584,45.310397],[-122.822635,45.310734],[-122.822673,45.310857],[-122.822866,45.311179],[-122.822849,45.311299],[-122.822429,45.31171],[-122.822016,45.312187],[-122.821804,45.312654],[-122.821848,45.312817],[-122.82217,45.312485],[-122.822289,45.312314],[-122.822601,45.312077],[-122.823496,45.311547],[-122.82369,45.311557],[-122.823906,45.311832],[-122.824058,45.311896],[-122.824354,45.311944],[-122.824533,45.31204],[-122.824781,45.312263],[-122.825445,45.312682],[-122.825725,45.312963],[-122.825848,45.3133],[-122.826181,45.313506],[-122.826385,45.313826],[-122.826477,45.313904],[-122.826966,45.314018],[-122.826984,45.313896],[-122.826677,45.313533],[-122.826461,45.312844],[-122.826209,45.312581],[-122.826141,45.312427],[-122.826147,45.312294],[-122.825565,45.311995],[-122.82513,45.31166],[-122.824782,45.311277],[-122.824733,45.310927],[-122.824673,45.310799],[-122.824391,45.310541],[-122.824204,45.310464],[-122.823846,45.310218],[-122.823705,45.309928],[-122.823571,45.309787],[-122.823444,45.309512],[-122.82332,45.309366],[-122.822779,45.309157],[-122.822533,45.309102],[-122.822233,45.308944],[-122.821832,45.308556],[-122.821382,45.308319],[-122.821155,45.308066],[-122.820818,45.307814],[-122.820395,45.3074],[-122.820286,45.306695],[-122.820347,45.306446],[-122.820228,45.306404],[-122.819958,45.306421],[-122.819755,45.306375],[-122.819491,45.306206],[-122.818391,45.305736],[-122.817936,45.305333],[-122.817771,45.30524],[-122.816842,45.304998],[-122.816347,45.304709],[-122.816192,45.30453],[-122.816065,45.304116],[-122.815795,45.30379],[-122.815642,45.303691],[-122.815188,45.303551],[-122.815132,45.303453],[-122.815105,45.303212],[-122.815002,45.302878],[-122.814886,45.302774],[-122.814719,45.302715],[-122.813561,45.302611],[-122.813304,45.302467],[-122.812788,45.301744],[-122.812681,45.301491],[-122.812603,45.301085],[-122.812631,45.300213],[-122.812819,45.299919],[-122.812995,45.299737],[-122.81314,45.299661],[-122.813346,45.299663],[-122.81359,45.299716],[-122.814473,45.299979],[-122.81493,45.300271],[-122.815384,45.300666],[-122.815761,45.300814],[-122.815953,45.300784],[-122.816208,45.300576],[-122.81643,45.300153],[-122.816688,45.299861],[-122.816903,45.299732],[-122.817191,45.299662],[-122.817322,45.29968],[-122.818159,45.300153],[-122.818629,45.300604],[-122.818949,45.30075],[-122.819731,45.300735],[-122.820187,45.300811],[-122.820984,45.301074],[-122.821363,45.301267],[-122.82156,45.30127],[-122.821748,45.301172],[-122.822039,45.300946],[-122.822273,45.300857],[-122.822818,45.300714],[-122.823318,45.300638],[-122.823793,45.300643],[-122.825408,45.301062],[-122.825727,45.301202],[-122.825952,45.301367],[-122.826186,45.301726],[-122.826236,45.301934],[-122.826238,45.302174],[-122.826145,45.30284],[-122.826156,45.302952],[-122.826265,45.303343],[-122.826294,45.303674],[-122.826381,45.303813],[-122.826548,45.303913],[-122.826708,45.303838],[-122.827113,45.303336],[-122.827417,45.303059],[-122.827578,45.302835],[-122.827733,45.302735],[-122.828187,45.302648],[-122.829196,45.30263],[-122.829399,45.302687],[-122.829553,45.302795],[-122.829578,45.302949],[-122.829257,45.303478],[-122.828957,45.303873],[-122.828853,45.304536],[-122.828026,45.305773],[-122.82776,45.306323],[-122.827781,45.306489],[-122.827981,45.306414],[-122.828094,45.306319],[-122.828587,45.305756],[-122.829078,45.305391],[-122.829241,45.305361],[-122.829326,45.305458],[-122.829488,45.305866],[-122.829708,45.306097],[-122.830505,45.306455],[-122.830666,45.30646],[-122.830674,45.306353],[-122.830128,45.305994],[-122.829971,45.305788],[-122.829985,45.305234],[-122.829851,45.304869],[-122.829873,45.304662],[-122.83009,45.304367],[-122.830255,45.304281],[-122.830702,45.304178],[-122.831249,45.303714],[-122.831395,45.303661],[-122.83166,45.303686],[-122.83179,45.303663],[-122.831834,45.303569],[-122.831804,45.303425],[-122.83185,45.303333],[-122.831969,45.303232],[-122.83197,45.303134],[-122.831564,45.302699],[-122.83158,45.302568],[-122.831812,45.302422],[-122.83256,45.302179],[-122.833106,45.302149],[-122.833853,45.301904],[-122.834255,45.301818],[-122.834446,45.301815],[-122.834743,45.301868],[-122.835542,45.301724],[-122.836088,45.301689],[-122.836526,45.301864],[-122.836973,45.302111],[-122.837257,45.302389],[-122.837556,45.302568],[-122.837608,45.302703],[-122.837524,45.302974],[-122.837489,45.303327],[-122.837571,45.303424],[-122.837881,45.302932],[-122.838018,45.302853],[-122.838188,45.302856],[-122.838829,45.302996],[-122.839011,45.30308],[-122.839626,45.303196],[-122.840627,45.303133],[-122.841251,45.303169],[-122.841338,45.303262],[-122.841208,45.303736],[-122.8412,45.303888],[-122.841246,45.304051],[-122.841336,45.304147],[-122.841555,45.30425],[-122.841577,45.304387],[-122.841507,45.304502],[-122.84181,45.304547],[-122.841923,45.304488],[-122.842194,45.304122],[-122.842218,45.303844],[-122.842108,45.303229],[-122.842146,45.303104],[-122.842319,45.303053],[-122.842575,45.30311],[-122.842958,45.303134],[-122.843309,45.303116],[-122.843773,45.302916],[-122.844134,45.302816],[-122.844331,45.302715],[-122.844485,45.302562],[-122.84479,45.302412],[-122.844872,45.302306],[-122.844846,45.302132],[-122.844869,45.301999],[-122.844994,45.301908],[-122.845343,45.301878],[-122.845248,45.301772],[-122.84509,45.301741],[-122.844779,45.301807],[-122.844483,45.301934],[-122.84414,45.302143],[-122.843939,45.302185],[-122.843336,45.302094],[-122.842948,45.302175],[-122.842417,45.302126],[-122.841419,45.302196],[-122.840503,45.302088],[-122.839817,45.301964],[-122.839263,45.301631],[-122.839148,45.301518],[-122.838897,45.301456],[-122.838178,45.300895],[-122.837743,45.300648],[-122.837545,45.300573],[-122.837461,45.300309],[-122.837373,45.300201],[-122.837244,45.300113],[-122.836967,45.30003],[-122.836415,45.300075],[-122.83535,45.299872],[-122.834879,45.299867],[-122.834295,45.299789],[-122.833749,45.299837],[-122.833536,45.299791],[-122.833361,45.299609],[-122.833217,45.299554],[-122.833047,45.299717],[-122.832895,45.299779],[-122.832546,45.299784],[-122.832332,45.29974],[-122.831672,45.299437],[-122.83139,45.299414],[-122.831122,45.299341],[-122.830898,45.299374],[-122.830763,45.299356],[-122.829639,45.299076],[-122.827806,45.298232],[-122.827279,45.297892],[-122.826589,45.297319],[-122.825893,45.296855],[-122.824369,45.296353],[-122.824002,45.296315],[-122.823395,45.296055],[-122.822796,45.295672],[-122.822054,45.294975],[-122.821974,45.294784],[-122.821954,45.294381],[-122.822014,45.294238],[-122.822127,45.294162],[-122.82259,45.294038],[-122.822857,45.293928],[-122.823414,45.293612],[-122.823823,45.293484],[-122.824638,45.293383],[-122.825185,45.293368],[-122.825666,45.293464],[-122.826356,45.29352],[-122.826522,45.293481],[-122.826662,45.293388],[-122.82672,45.293234],[-122.826499,45.292448],[-122.826724,45.292004],[-122.826733,45.291855],[-122.826683,45.291698],[-122.826507,45.291513],[-122.826361,45.291461],[-122.825148,45.291429],[-122.825032,45.291363],[-122.824994,45.291257],[-122.825007,45.291033],[-122.825061,45.290914],[-122.825191,45.290811],[-122.826228,45.290517],[-122.82717,45.290166],[-122.827369,45.29016],[-122.827495,45.290251],[-122.827609,45.290437],[-122.827756,45.290546],[-122.828386,45.290612],[-122.828532,45.29071],[-122.82858,45.290853],[-122.828611,45.291161],[-122.828604,45.291569],[-122.828643,45.291722],[-122.828729,45.291861],[-122.829214,45.292311],[-122.829461,45.292454],[-122.829748,45.292554],[-122.830187,45.29279],[-122.830398,45.292817],[-122.829889,45.29236],[-122.829674,45.292246],[-122.829591,45.292136],[-122.829568,45.291967],[-122.829352,45.291826],[-122.829235,45.29169],[-122.829235,45.291578],[-122.829312,45.291501],[-122.829465,45.291441],[-122.829749,45.291422],[-122.82969,45.291036],[-122.829742,45.290765],[-122.829797,45.290658],[-122.829956,45.290603],[-122.830238,45.290695],[-122.830371,45.2907],[-122.830516,45.290624],[-122.830748,45.290391],[-122.83104,45.290275],[-122.831654,45.29036],[-122.832019,45.290256],[-122.832693,45.290306],[-122.832942,45.290253],[-122.832797,45.29016],[-122.832207,45.289982],[-122.830636,45.289669],[-122.830023,45.289515],[-122.829637,45.289223],[-122.829432,45.289122],[-122.829179,45.288872],[-122.829036,45.288543],[-122.82905,45.288291],[-122.829278,45.288094],[-122.829625,45.28797],[-122.829786,45.287876],[-122.8299,45.287696],[-122.8299,45.287466],[-122.829689,45.287003],[-122.829665,45.286881],[-122.829699,45.286764],[-122.830304,45.286236],[-122.830492,45.286022],[-122.830729,45.285968],[-122.830953,45.286115],[-122.831244,45.286193],[-122.832633,45.286109],[-122.833351,45.286178],[-122.833696,45.286316],[-122.834218,45.286605],[-122.835324,45.286945],[-122.835785,45.287186],[-122.836128,45.287248],[-122.836643,45.287422],[-122.836917,45.2874],[-122.836997,45.287269],[-122.83696,45.286965],[-122.837073,45.286616],[-122.836993,45.286498],[-122.836817,45.286463],[-122.83669,45.286395],[-122.836615,45.286229],[-122.836653,45.286109],[-122.836774,45.285986],[-122.836842,45.285835],[-122.836845,45.285603],[-122.836808,45.285498],[-122.836613,45.285099],[-122.836154,45.284517],[-122.835889,45.284119],[-122.83527,45.283583],[-122.83517,45.283427],[-122.835147,45.283298],[-122.835182,45.283158],[-122.835311,45.283039],[-122.836,45.282885],[-122.836206,45.282772],[-122.836484,45.282539],[-122.836801,45.282439],[-122.837432,45.282426],[-122.838213,45.282639],[-122.838805,45.282725],[-122.83922,45.282661],[-122.839481,45.28266],[-122.839615,45.282556],[-122.839669,45.282416],[-122.839763,45.282298],[-122.84004,45.282127],[-122.84037,45.282014],[-122.841109,45.281889],[-122.841701,45.281922],[-122.842228,45.281858],[-122.842469,45.2819],[-122.842612,45.281867],[-122.84285,45.281675],[-122.843542,45.281426],[-122.843871,45.281271],[-122.843982,45.281174],[-122.843847,45.281096],[-122.842783,45.28098],[-122.842562,45.280918],[-122.842266,45.28069],[-122.842076,45.280505],[-122.841872,45.280152],[-122.841673,45.279997],[-122.841579,45.279861],[-122.841449,45.279487],[-122.841437,45.279362],[-122.841521,45.279238],[-122.841646,45.279187],[-122.84211,45.279117],[-122.843296,45.278679],[-122.843664,45.27862],[-122.844187,45.278634],[-122.844412,45.278567],[-122.844981,45.2782],[-122.845095,45.278082],[-122.845546,45.276994],[-122.846324,45.276418],[-122.846652,45.276048],[-122.846841,45.275984],[-122.847177,45.2761],[-122.847349,45.27589],[-122.847719,45.27566],[-122.847907,45.27557],[-122.848257,45.275476],[-122.849343,45.275407],[-122.849508,45.275362],[-122.849468,45.275257],[-122.849261,45.275075],[-122.849145,45.274717],[-122.849154,45.274428],[-122.849287,45.274063],[-122.849595,45.273624],[-122.84988,45.27307],[-122.849991,45.272923],[-122.850199,45.272723],[-122.850514,45.272512],[-122.851096,45.271972],[-122.851707,45.271554],[-122.8521,45.271446],[-122.852632,45.271229],[-122.853716,45.270651],[-122.854831,45.270528],[-122.854989,45.27046],[-122.8553,45.270045],[-122.855818,45.269691],[-122.855975,45.26963],[-122.856138,45.269632],[-122.856351,45.269746],[-122.856553,45.270017],[-122.857007,45.270408],[-122.857341,45.270759],[-122.857436,45.271016],[-122.857592,45.271215],[-122.857683,45.271286],[-122.858055,45.271423],[-122.858091,45.27128],[-122.857945,45.271022],[-122.857966,45.270641],[-122.857676,45.269998],[-122.85764,45.26979],[-122.857742,45.269685],[-122.85808,45.269467],[-122.858179,45.26935],[-122.858224,45.269038],[-122.858176,45.268859],[-122.858095,45.268731],[-122.858146,45.268619],[-122.858331,45.268606],[-122.858462,45.268703],[-122.858526,45.269006],[-122.85868,45.269185],[-122.858839,45.269291],[-122.859023,45.269349],[-122.859219,45.269321],[-122.859453,45.269191],[-122.859644,45.268847],[-122.859802,45.268695],[-122.859975,45.268438],[-122.86043,45.267905],[-122.860581,45.267836],[-122.860809,45.267785],[-122.861046,45.267835],[-122.861152,45.267891],[-122.861619,45.268327],[-122.861757,45.268415],[-122.861908,45.268454],[-122.861972,45.268352],[-122.861938,45.267668],[-122.861958,45.26746],[-122.862011,45.26737],[-122.862445,45.267057],[-122.862426,45.266914],[-122.86215,45.266688],[-122.86181,45.266016],[-122.861705,45.265703],[-122.861724,45.265454],[-122.86189,45.265174],[-122.862048,45.26505],[-122.862473,45.264593],[-122.862935,45.264229],[-122.863265,45.263895],[-122.863711,45.263658],[-122.864056,45.263396],[-122.865396,45.26258],[-122.865844,45.262548],[-122.866254,45.262463],[-122.866832,45.262479],[-122.866845,45.262179],[-122.866929,45.262071],[-122.867105,45.261961],[-122.86808,45.261649],[-122.868382,45.261488],[-122.86959,45.260996],[-122.869933,45.260942],[-122.870475,45.261125],[-122.870903,45.261518],[-122.871084,45.261544],[-122.871172,45.261445],[-122.871186,45.261301],[-122.870949,45.260552],[-122.870979,45.26043],[-122.871143,45.260264],[-122.871458,45.26007],[-122.871856,45.259751],[-122.872046,45.259657],[-122.872513,45.259523],[-122.872888,45.259331],[-122.873741,45.258991],[-122.874419,45.258845],[-122.874824,45.258835],[-122.875262,45.258886],[-122.875765,45.259015],[-122.87637,45.259263],[-122.876968,45.259664],[-122.877939,45.259973],[-122.878427,45.260259],[-122.878563,45.260291],[-122.879111,45.260281],[-122.880087,45.260459],[-122.881399,45.261107],[-122.882007,45.261149],[-122.882436,45.261372],[-122.882825,45.261522],[-122.883141,45.261585],[-122.883805,45.261842],[-122.884269,45.261934],[-122.884942,45.262157],[-122.885712,45.262509],[-122.887168,45.262902],[-122.887357,45.262977],[-122.887438,45.263081],[-122.887364,45.263258],[-122.887176,45.263463],[-122.887183,45.263625],[-122.887368,45.263625],[-122.887956,45.263343],[-122.888389,45.263289],[-122.888636,45.263343],[-122.888856,45.263439],[-122.888918,45.263553],[-122.88874,45.264032],[-122.888714,45.264346],[-122.888751,45.264441],[-122.888875,45.264395],[-122.889644,45.263694],[-122.890255,45.263496],[-122.890597,45.263481],[-122.890996,45.263586],[-122.892154,45.263745],[-122.892833,45.263946],[-122.893291,45.264042],[-122.894293,45.264109],[-122.894773,45.26419],[-122.895001,45.264257],[-122.89602,45.264794],[-122.896876,45.265162],[-122.897356,45.265245],[-122.89774,45.265225],[-122.898081,45.265382],[-122.898895,45.265589],[-122.899074,45.265662],[-122.899387,45.265937],[-122.900344,45.267111],[-122.901781,45.268063],[-122.902733,45.268838],[-122.904042,45.269477],[-122.904864,45.270179],[-122.907207,45.271773],[-122.907458,45.271979],[-122.908173,45.272884],[-122.908361,45.273063],[-122.909192,45.274332],[-122.909605,45.274709],[-122.910456,45.275715],[-122.910665,45.276001],[-122.910865,45.276369],[-122.911554,45.27939],[-122.912021,45.281561],[-122.912121,45.28216],[-122.912108,45.28328],[-122.911918,45.285623],[-122.911908,45.286791],[-122.911942,45.287144],[-122.912012,45.287311],[-122.912245,45.28761],[-122.912742,45.288144],[-122.912993,45.288333],[-122.913321,45.288418],[-122.914095,45.288435],[-122.914237,45.288472],[-122.914883,45.288399],[-122.914944,45.287941],[-122.915005,45.287786],[-122.915459,45.28735],[-122.915592,45.287158],[-122.915654,45.286845],[-122.915737,45.28664],[-122.916074,45.286186],[-122.916206,45.285868],[-122.916494,45.285506],[-122.916611,45.285303],[-122.91682,45.285084],[-122.91755,45.284623],[-122.91784,45.284286],[-122.918184,45.284108],[-122.918592,45.284003],[-122.919264,45.283913],[-122.920049,45.28392],[-122.92036,45.283964],[-122.920539,45.284032],[-122.921162,45.284442],[-122.922314,45.285262],[-122.923141,45.285615],[-122.923744,45.285802],[-122.923853,45.285881],[-122.924457,45.286695],[-122.924735,45.287156],[-122.924802,45.287385],[-122.924875,45.288005],[-122.924798,45.288213],[-122.924608,45.288431],[-122.924523,45.288586],[-122.924021,45.288812],[-122.923416,45.288972],[-122.922963,45.288982],[-122.920986,45.288562],[-122.920197,45.288457],[-122.91595,45.288439],[-122.91589,45.288558],[-122.915436,45.289076],[-122.915359,45.28927],[-122.915369,45.289412],[-122.915503,45.289823],[-122.915712,45.290219],[-122.916114,45.290598],[-122.916531,45.290907],[-122.916663,45.291137],[-122.916737,45.291491],[-122.916843,45.291709],[-122.917143,45.292102],[-122.917412,45.292374],[-122.917539,45.292466],[-122.917865,45.292592],[-122.918066,45.292737],[-122.918691,45.293024],[-122.919673,45.293233],[-122.919837,45.2933],[-122.919904,45.293438],[-122.919861,45.293568],[-122.919681,45.293799],[-122.919517,45.293874],[-122.918964,45.29397],[-122.918547,45.294091],[-122.918325,45.294187],[-122.918324,45.294301],[-122.918552,45.294429],[-122.918981,45.294497],[-122.919206,45.294609],[-122.919435,45.294859],[-122.919646,45.295248],[-122.920231,45.295793],[-122.920444,45.295902],[-122.920809,45.296],[-122.921121,45.296258],[-122.921365,45.29657],[-122.921402,45.296927],[-122.921569,45.297327],[-122.921683,45.297414],[-122.921836,45.297428],[-122.921936,45.297348],[-122.922146,45.296982],[-122.923299,45.295844],[-122.923556,45.295419],[-122.92383,45.295084],[-122.924009,45.295],[-122.924186,45.295025],[-122.92429,45.295119],[-122.924452,45.29542],[-122.924503,45.29573],[-122.924484,45.296008],[-122.924307,45.296843],[-122.924308,45.297055],[-122.924358,45.297178],[-122.924564,45.297427],[-122.924739,45.297463],[-122.925852,45.297419],[-122.926316,45.297558],[-122.926401,45.297666],[-122.926412,45.2978],[-122.926317,45.298539],[-122.926229,45.298752],[-122.926045,45.299005],[-122.926005,45.299096],[-122.92602,45.299197],[-122.926228,45.299371],[-122.927165,45.299775],[-122.927231,45.299856],[-122.92725,45.300098],[-122.927318,45.300211],[-122.92751,45.300302],[-122.927535,45.300402],[-122.927502,45.300526],[-122.927432,45.300622],[-122.927074,45.300934],[-122.926617,45.301245],[-122.926419,45.301331],[-122.926038,45.301213],[-122.925826,45.301295],[-122.925429,45.301349],[-122.924417,45.301351],[-122.924299,45.301401],[-122.924247,45.301506],[-122.924214,45.301768],[-122.924224,45.302189],[-122.924027,45.3027],[-122.923987,45.303005],[-122.923867,45.303281],[-122.923877,45.303397],[-122.924294,45.303781],[-122.924522,45.304105],[-122.924556,45.304351],[-122.924447,45.304772],[-122.924452,45.304882],[-122.924602,45.305217],[-122.924829,45.305512],[-122.924882,45.305642],[-122.924887,45.30587],[-122.924826,45.30599],[-122.924738,45.306057],[-122.924495,45.306129],[-122.9238,45.306216],[-122.923107,45.306143],[-122.922785,45.306036],[-122.922433,45.305867],[-122.922288,45.30588],[-122.922185,45.306049]]]]}}]}