{"type":"FeatureCollection","features":[{"type":"Feature","properties":{"ava_id":"tualatin_hills","name":"Tualatin Hills","aka":null,"created":"2020-07-06","removed":null,"county":"Multnomah|Washington","state":"OR","within":"Willamette Valley","contains":null,"petitioner":"Rudolf Marchesi,  Monitore Estate|Alfredo Apolloni, Apollini Vineyards|Mike Kuenz, David Hill Vineyard and Winery","cfr_author":"Karen A. Thornton","cfr_index":"9.268","cfr_revision_history":"[T.D. TTB-160, 85 FR 34099, June 3, 2020]","approved_maps":"The 6 United States Geological Survey (USGS) 1:24,000 scale topographic maps and the single 1:250,000 scale topographic map used to determine the boundary of the Tualatin Hills viticultural area are titled:\n\n(1) Vancouver, 1974 (1:250,000);\n\n(2) Dixie Mountain, OR, 2014;\n\n(3) Gaston, OR, 2014;\n\n(4) Laurelwood, OR, 2014;\n\n(5) Forest Grove, OR, 2014;\n\n(6) Hillsboro, OR, 2014; and\n\n(7) Linnton, OR, 2014.","boundary_description":" Boundary. The Tualatin Hills viticultural area is located in Clackamas, Multnomah and Washington Counties, in Oregon. The boundary of the Tualatin Hills viticultural area is as described below:\n\n(1) The beginning point is on the Dixie Mountain map at the intersection of North West Skyline Boulevard and North West Moreland Road. From the beginning point, proceed southwesterly along North West Moreland Road for approximately 1.3 miles to road's intersection with the Multnomah-Washington County line; then\n\n(2) Proceed south along the Multnomah-Washington County for approximately 1.2 miles to the county line's intersection with the 1,000-foot elevation contour; then\n\n(3) Proceed northwesterly along the 1,000-foot elevation contour, crossing onto the Vancouver map and continuing generally southwesterly along the meandering 1,000-foot elevation contour to its intersection with the Washington-Yamhill County line; then\n\n(4) Proceed east along the Washington-Yamhill County line, crossing onto the Gaston map, to the intersection of the county line with NW South Road; then\n\n(5) Proceed northeast along NW South Road to its intersection with SW South Road; then\n\n(6) Proceed northeasterly along SW South Road to its intersection with the 200-foot elevation contour; then\n\n(7) Proceed easterly along the 200-foot elevation contour for approximately 1.9 miles to its intersection with East Main Street/SW Gaston Road in the village of Gaston; then\n\n(8) Proceed south, then east along SW Gaston Road for approximately 0.9 mile, crossing onto the Laurelwood map, to the road's intersection with the 240-foot contour line just south of an unnamed road known locally as SW Dixon Mill Road; then\n\n(9) Proceed north along the meandering 240-foot elevation contour for approximately 5 miles to its intersection with SW Sandstrom Road; then\n\n(10) Proceed west along SW Sandstrom Road for approximately 0.15 mile to its third crossing of the 200-foot elevation contour; then\n\n(11) Proceed northwesterly and then northeasterly along the meandering 200-foot contour line for approximately 2.9 miles to its intersection with an unnamed road known locally as SW Fern Hill Road, north of an unnamed road known locally as SW Blooming Fern Hill Road; then\n\n(12) Proceed north along SW Fern Hill Road for approximately 1.2 miles, crossing onto the Forest Grove map, to the road's intersection with Oregon Highway 47; then\n\n(13) Proceed northerly along Oregon Highway 47 for approximately 7.6 miles to its intersection with Oregon Highway 6/NW Wilson River Highway; then\n\n(14) Proceed east along Oregon Highway 6/NW Wilson River Highway for approximately 2.5 miles to its intersection with Sunset Highway; then\n\n(15) Proceed southeast along Sunset Highway for approximately 2.3 miles to its intersection with the railroad tracks; then\n\n(16) Proceed east along the railroad tracks, crossing onto the Hillsboro map, to the intersection of the railroad tracks and an unnamed road known locally as NW Dick Road; then\n\n(17) Proceed south along NW Dick Road for approximately 0.3 mile to its intersection with NW Phillips Road; then\n\n(18) Proceed east along NW Phillips Road for approximately 1.2 miles, crossing onto the Linnton map, to the road's intersection with an unnamed road known locally as NW Old Cornelius Pass Road; then\n\n(19) Proceed northeast along NW Old Cornelius Pass Road to its intersection with NW Skyline Boulevard Road; then\n\n(20) Proceed north and west along NW Skyline Boulevard for approximately 10.5 miles, crossing over the northeast corner of the Hillsboro map and onto the Dixie Mountain map and then returning to the beginning point.","used_maps":"The 6 United States Geological Survey (USGS) 1:24,000 scale topographic maps and the single 1:250,000 scale topographic map used to determine the boundary of the Tualatin Hills viticultural area are titled:\n\n(1) Vancouver, 1974 (1:250,000);\n\n(2) Dixie Mountain, OR, 2014;\n\n(3) Gaston, OR, 2014;\n\n(4) Laurelwood, OR, 2014;\n\n(5) Forest Grove, OR, 2014;\n\n(6) Hillsboro, OR, 2014; and\n\n(7) Linnton, OR, 2014.","valid_start":null,"valid_end":null,"lcsh":null,"sameas":null,"ttb_name":"Tualatin Hills","cfr_section":"27 CFR 9.9.268","counties":"Multnomah, Washington","boundary_source":"TTB AVA Map Explorer (AVAs_Production feature service)","boundary_retrieved":"2026-09-30"},"geometry":{"type":"MultiPolygon","coordinates":[[[[-122.929145,45.665805],[-122.927568,45.66552],[-122.927111,45.665121],[-122.926026,45.664835],[-122.924827,45.665064],[-122.924256,45.665806],[-122.924484,45.666491],[-122.924541,45.667405],[-122.923113,45.66849],[-122.922086,45.669118],[-122.922371,45.670489],[-122.921914,45.670946],[-122.919916,45.671003],[-122.919402,45.671288],[-122.919344,45.672145],[-122.919459,45.673173],[-122.918145,45.674886],[-122.916889,45.6758],[-122.915586,45.67657],[-122.913508,45.67452],[-122.914193,45.67315],[-122.913965,45.672236],[-122.913108,45.671608],[-122.912366,45.671265],[-122.912195,45.67018],[-122.911052,45.669095],[-122.911795,45.667839],[-122.912023,45.667325],[-122.911052,45.666183],[-122.910596,45.663784],[-122.910253,45.663327],[-122.909568,45.663213],[-122.909168,45.663727],[-122.909054,45.664184],[-122.907341,45.665269],[-122.906313,45.666012],[-122.905685,45.66584],[-122.905456,45.663899],[-122.904657,45.662871],[-122.903629,45.658416],[-122.901858,45.657388],[-122.89906,45.656189],[-122.899231,45.653334],[-122.897689,45.651106],[-122.895062,45.649679],[-122.892436,45.64728],[-122.890129,45.646812],[-122.889614,45.645556],[-122.885903,45.6439],[-122.885503,45.643214],[-122.886645,45.639331],[-122.88476,45.633392],[-122.885103,45.63249],[-122.883447,45.631861],[-122.882762,45.630776],[-122.882762,45.628721],[-122.881905,45.62735],[-122.88299,45.625808],[-122.881962,45.624894],[-122.880592,45.624552],[-122.879107,45.622724],[-122.877736,45.621925],[-122.87688,45.621696],[-122.87568,45.621297],[-122.874881,45.620383],[-122.874652,45.619241],[-122.872197,45.616557],[-122.870255,45.615643],[-122.870027,45.614901],[-122.86917,45.614615],[-122.868142,45.614501],[-122.866543,45.614501],[-122.865173,45.612788],[-122.863402,45.611817],[-122.862603,45.610903],[-122.862603,45.610104],[-122.863374,45.608809],[-122.865447,45.607922],[-122.869958,45.605295],[-122.870872,45.603011],[-122.86973,45.601469],[-122.868473,45.600327],[-122.867446,45.600213],[-122.86676,45.600213],[-122.866246,45.600384],[-122.865732,45.600327],[-122.865904,45.599984],[-122.867331,45.599699],[-122.868131,45.598956],[-122.869159,45.598956],[-122.87013,45.599071],[-122.870758,45.598785],[-122.870929,45.597757],[-122.870758,45.597129],[-122.870929,45.596558],[-122.8715,45.59513],[-122.872242,45.593645],[-122.873253,45.591963],[-122.898266,45.59202],[-122.898152,45.596931],[-122.905403,45.59541],[-122.906945,45.595296],[-122.91157,45.595239],[-122.930576,45.596724],[-122.948644,45.59838],[-122.956639,45.599579],[-122.967318,45.600892],[-122.969031,45.601064],[-122.971658,45.600892],[-122.975656,45.600036],[-122.982394,45.598494],[-122.987934,45.597409],[-122.9912,45.597352],[-122.994684,45.597637],[-123.011873,45.59935],[-123.022246,45.600186],[-123.033345,45.604376],[-123.059101,45.613856],[-123.064048,45.616005],[-123.065325,45.616254],[-123.067438,45.616197],[-123.069094,45.615797],[-123.080276,45.613456],[-123.096723,45.609767],[-123.103404,45.608625],[-123.106545,45.60851],[-123.11277,45.609024],[-123.114531,45.609095],[-123.114369,45.585747],[-123.114312,45.583063],[-123.113741,45.581978],[-123.110942,45.577638],[-123.109515,45.575183],[-123.109343,45.570271],[-123.109001,45.569415],[-123.10586,45.566046],[-123.105746,45.562311],[-123.105746,45.55363],[-123.106088,45.54535],[-123.106545,45.54294],[-123.107402,45.539856],[-123.107802,45.537858],[-123.106888,45.535973],[-123.103747,45.533803],[-123.101691,45.532489],[-123.098265,45.530948],[-123.097008,45.530605],[-123.09421,45.530091],[-123.088728,45.529006],[-123.085416,45.527864],[-123.084559,45.52735],[-123.084102,45.526379],[-123.084045,45.524951],[-123.084159,45.520942],[-123.084273,45.519172],[-123.085073,45.517116],[-123.086272,45.515517],[-123.088328,45.513633],[-123.091459,45.512412],[-123.091412,45.506346],[-123.08987,45.502691],[-123.089641,45.501971],[-123.089699,45.500715],[-123.089356,45.500201],[-123.088728,45.49963],[-123.088556,45.499059],[-123.088785,45.497917],[-123.089299,45.496946],[-123.090191,45.49594],[-123.090382,45.495357],[-123.090478,45.495245],[-123.090828,45.495015],[-123.091058,45.494816],[-123.091368,45.494498],[-123.091583,45.494161],[-123.091628,45.493896],[-123.09163,45.493568],[-123.091462,45.493041],[-123.091486,45.492889],[-123.091441,45.492594],[-123.091528,45.492073],[-123.091466,45.491787],[-123.091536,45.491508],[-123.091475,45.491045],[-123.091647,45.490249],[-123.091633,45.489578],[-123.091749,45.488936],[-123.091822,45.488782],[-123.092117,45.488394],[-123.092239,45.488174],[-123.092827,45.487693],[-123.093115,45.487597],[-123.093247,45.487517],[-123.093527,45.487242],[-123.093714,45.486943],[-123.093925,45.486748],[-123.094232,45.486567],[-123.094604,45.486452],[-123.094848,45.486247],[-123.094943,45.48611],[-123.095028,45.48557],[-123.095152,45.485221],[-123.095231,45.485108],[-123.096041,45.484693],[-123.096216,45.484482],[-123.096344,45.484109],[-123.097035,45.483221],[-123.09726,45.48303],[-123.097613,45.482961],[-123.097615,45.482783],[-123.097837,45.482391],[-123.097957,45.482034],[-123.097975,45.481706],[-123.098186,45.481633],[-123.098428,45.481247],[-123.098606,45.481048],[-123.098636,45.48096],[-123.098591,45.480703],[-123.098659,45.480615],[-123.098762,45.480728],[-123.098794,45.480878],[-123.098723,45.481352],[-123.098617,45.481617],[-123.09864,45.481747],[-123.098714,45.481872],[-123.098847,45.482011],[-123.099295,45.482173],[-123.099479,45.482203],[-123.099814,45.482177],[-123.100209,45.482031],[-123.100579,45.481813],[-123.10137,45.481256],[-123.102922,45.480438],[-123.10336,45.480258],[-123.103789,45.480162],[-123.104379,45.479971],[-123.105243,45.479309],[-123.105396,45.479235],[-123.106314,45.479052],[-123.107237,45.478768],[-123.107632,45.478609],[-123.107781,45.4785],[-123.107932,45.478291],[-123.108911,45.47798],[-123.109017,45.47792],[-123.109091,45.477818],[-123.109086,45.4777],[-123.108949,45.477415],[-123.108936,45.477287],[-123.10904,45.477196],[-123.109204,45.477212],[-123.109402,45.477303],[-123.1099,45.477431],[-123.110198,45.477699],[-123.110352,45.477772],[-123.110516,45.47779],[-123.110818,45.477721],[-123.111218,45.477699],[-123.111673,45.477795],[-123.111983,45.477777],[-123.11294,45.477563],[-123.114757,45.477371],[-123.115232,45.477282],[-123.115574,45.477106],[-123.115886,45.477004],[-123.116745,45.476953],[-123.117639,45.476835],[-123.11831,45.476697],[-123.118745,45.476478],[-123.119186,45.476462],[-123.119467,45.476399],[-123.12022,45.476135],[-123.120744,45.476018],[-123.121235,45.475792],[-123.12151,45.475591],[-123.121915,45.475397],[-123.122071,45.475363],[-123.122466,45.475423],[-123.122574,45.475339],[-123.122657,45.475138],[-123.12276,45.475083],[-123.122969,45.475104],[-123.123112,45.475034],[-123.123112,45.474911],[-123.123068,45.474806],[-123.122869,45.474468],[-123.122373,45.473875],[-123.122095,45.473776],[-123.12172,45.473732],[-123.121615,45.473648],[-123.121839,45.473065],[-123.121867,45.472838],[-123.121834,45.47274],[-123.121756,45.47266],[-123.121526,45.472549],[-123.121458,45.472473],[-123.121511,45.472122],[-123.121459,45.471997],[-123.121282,45.471788],[-123.12107,45.471613],[-123.120577,45.470929],[-123.12026,45.470707],[-123.119763,45.470257],[-123.11939,45.469767],[-123.119155,45.469325],[-123.118784,45.468851],[-123.118501,45.468371],[-123.118311,45.468196],[-123.118174,45.46814],[-123.117802,45.468093],[-123.117165,45.467947],[-123.117047,45.467847],[-123.116885,45.467587],[-123.116451,45.467428],[-123.116188,45.467231],[-123.114052,45.466894],[-123.113355,45.466846],[-123.112934,45.466867],[-123.11273,45.466741],[-123.112666,45.466638],[-123.112678,45.466513],[-123.112799,45.466398],[-123.113317,45.46629],[-123.113478,45.466191],[-123.113516,45.466093],[-123.113466,45.465988],[-123.113312,45.465894],[-123.113111,45.465839],[-123.112559,45.465838],[-123.111866,45.465971],[-123.111703,45.466049],[-123.111224,45.466526],[-123.111058,45.466556],[-123.110734,45.466141],[-123.110528,45.46598],[-123.110054,45.465436],[-123.109694,45.465138],[-123.109208,45.464926],[-123.108886,45.464714],[-123.108406,45.464475],[-123.108081,45.464241],[-123.108069,45.464145],[-123.108109,45.464008],[-123.10839,45.463658],[-123.108958,45.463326],[-123.109363,45.462882],[-123.109403,45.462761],[-123.10939,45.462637],[-123.109282,45.462531],[-123.108588,45.462423],[-123.108364,45.462464],[-123.107903,45.462705],[-123.107514,45.462843],[-123.106702,45.463049],[-123.106216,45.463117],[-123.105442,45.463436],[-123.104762,45.463328],[-123.104461,45.463075],[-123.104495,45.462966],[-123.104739,45.462785],[-123.105922,45.462194],[-123.106044,45.462095],[-123.106121,45.461955],[-123.106101,45.461825],[-123.105848,45.461531],[-123.105597,45.461341],[-123.1053,45.461211],[-123.104858,45.46108],[-123.104553,45.460879],[-123.104146,45.460673],[-123.103724,45.460536],[-123.103129,45.460544],[-123.102738,45.460603],[-123.102282,45.460788],[-123.1018,45.461118],[-123.101529,45.461219],[-123.10151,45.461087],[-123.101603,45.460915],[-123.101705,45.460595],[-123.101681,45.4604],[-123.101704,45.46029],[-123.101923,45.460088],[-123.102086,45.45981],[-123.102321,45.459544],[-123.10239,45.459394],[-123.102345,45.459228],[-123.102205,45.459095],[-123.101663,45.458737],[-123.100612,45.458372],[-123.100747,45.458253],[-123.100744,45.458089],[-123.100897,45.45804],[-123.101663,45.458099],[-123.103226,45.458407],[-123.103837,45.458383],[-123.104252,45.458262],[-123.104572,45.458068],[-123.104612,45.457747],[-123.104698,45.45765],[-123.105344,45.457241],[-123.105877,45.457108],[-123.106049,45.456981],[-123.106176,45.456744],[-123.106078,45.456282],[-123.106162,45.456153],[-123.106327,45.4561],[-123.106935,45.456061],[-123.107093,45.45599],[-123.107179,45.455853],[-123.107191,45.455731],[-123.107105,45.455531],[-123.106595,45.455218],[-123.106388,45.454924],[-123.106042,45.45468],[-123.105266,45.454446],[-123.104653,45.454376],[-123.103878,45.453959],[-123.103119,45.453828],[-123.103002,45.453733],[-123.103172,45.453646],[-123.103899,45.453452],[-123.104041,45.453372],[-123.104092,45.453258],[-123.104066,45.453131],[-123.10395,45.452997],[-123.103649,45.452799],[-123.103572,45.45269],[-123.103711,45.452614],[-123.104222,45.452556],[-123.104682,45.452406],[-123.105555,45.452214],[-123.105864,45.452083],[-123.105972,45.451949],[-123.105952,45.451819],[-123.105555,45.451636],[-123.105504,45.451501],[-123.105524,45.4512],[-123.105472,45.451038],[-123.105328,45.450803],[-123.105228,45.450711],[-123.104255,45.450217],[-123.103813,45.450103],[-123.103381,45.450062],[-123.102671,45.449769],[-123.10255,45.449705],[-123.102475,45.449601],[-123.102563,45.449514],[-123.102728,45.449488],[-123.103151,45.449495],[-123.103702,45.449585],[-123.104473,45.449594],[-123.105202,45.44983],[-123.106253,45.450049],[-123.106494,45.45007],[-123.106757,45.450026],[-123.107436,45.450153],[-123.10778,45.450141],[-123.108278,45.449979],[-123.108718,45.449703],[-123.108892,45.449437],[-123.109068,45.448909],[-123.109275,45.448687],[-123.10944,45.448625],[-123.109605,45.448611],[-123.109776,45.448632],[-123.110181,45.448765],[-123.110327,45.448758],[-123.110691,45.448637],[-123.111128,45.448634],[-123.111291,45.448612],[-123.111431,45.44855],[-123.111546,45.448453],[-123.111709,45.448219],[-123.111751,45.448122],[-123.111756,45.44795],[-123.111444,45.447796],[-123.111259,45.447582],[-123.111151,45.447517],[-123.110793,45.447444],[-123.110598,45.44736],[-123.110387,45.447174],[-123.109556,45.446916],[-123.109327,45.446805],[-123.108909,45.446738],[-123.108268,45.44652],[-123.108173,45.446432],[-123.108031,45.446111],[-123.107559,45.445474],[-123.107576,45.445295],[-123.107797,45.445343],[-123.108067,45.445539],[-123.108493,45.445682],[-123.108825,45.445877],[-123.10932,45.446062],[-123.109971,45.446115],[-123.110178,45.446097],[-123.110334,45.446035],[-123.110415,45.44594],[-123.110448,45.445822],[-123.110429,45.445709],[-123.110218,45.445367],[-123.110009,45.445166],[-123.109476,45.44492],[-123.109116,45.444675],[-123.109277,45.444607],[-123.10966,45.444726],[-123.110397,45.444863],[-123.110536,45.444871],[-123.110726,45.444801],[-123.110875,45.444839],[-123.111767,45.445604],[-123.111937,45.445659],[-123.112183,45.445647],[-123.112357,45.44571],[-123.112705,45.445941],[-123.113261,45.446105],[-123.114295,45.446186],[-123.115064,45.446196],[-123.115653,45.446094],[-123.116048,45.445946],[-123.116382,45.445651],[-123.116456,45.445518],[-123.116458,45.445274],[-123.116407,45.445047],[-123.116189,45.444625],[-123.116012,45.444128],[-123.115702,45.443662],[-123.115729,45.443536],[-123.116089,45.443201],[-123.116096,45.443064],[-123.11602,45.442951],[-123.115816,45.442775],[-123.115771,45.442658],[-123.115845,45.442579],[-123.116092,45.442453],[-123.11618,45.442324],[-123.116173,45.442198],[-123.116026,45.441881],[-123.115873,45.441783],[-123.115584,45.441679],[-123.115459,45.441557],[-123.115496,45.441427],[-123.115824,45.441185],[-123.115933,45.441051],[-123.115942,45.440902],[-123.115875,45.440734],[-123.115829,45.440376],[-123.115918,45.440226],[-123.116748,45.440055],[-123.11714,45.439875],[-123.117177,45.439733],[-123.12279,45.440427],[-123.128387,45.440713],[-123.130043,45.440313],[-123.131528,45.439628],[-123.132955,45.438771],[-123.135525,45.437458],[-123.136724,45.437229],[-123.139237,45.437286],[-123.140425,45.437385],[-123.140554,45.437597],[-123.140689,45.43825],[-123.141371,45.438307],[-123.141661,45.438278],[-123.142879,45.437956],[-123.143164,45.437814],[-123.143342,45.43756],[-123.143483,45.437474],[-123.144019,45.437374],[-123.144367,45.4372],[-123.145305,45.437054],[-123.145727,45.437063],[-123.146227,45.437141],[-123.146605,45.437308],[-123.147116,45.437314],[-123.147559,45.437185],[-123.148096,45.437331],[-123.148797,45.437128],[-123.149248,45.437108],[-123.150062,45.436968],[-123.150401,45.437054],[-123.150747,45.436998],[-123.151491,45.437029],[-123.152136,45.437214],[-123.152352,45.437237],[-123.153704,45.437027],[-123.154567,45.437011],[-123.155181,45.436926],[-123.155813,45.437015],[-123.15611,45.436984],[-123.156369,45.437039],[-123.156635,45.43703],[-123.157922,45.437201],[-123.158394,45.437182],[-123.158544,45.437239],[-123.15892,45.437509],[-123.15924,45.437579],[-123.159395,45.437556],[-123.159486,45.437504],[-123.159608,45.437193],[-123.159769,45.436964],[-123.159875,45.436874],[-123.160869,45.436691],[-123.160905,45.436725],[-123.160866,45.436813],[-123.160421,45.437177],[-123.16038,45.437255],[-123.160397,45.437315],[-123.160509,45.437374],[-123.160964,45.437432],[-123.161253,45.437528],[-123.161383,45.4376],[-123.161674,45.43786],[-123.16187,45.437907],[-123.162207,45.437705],[-123.162521,45.437434],[-123.162676,45.437385],[-123.162943,45.437399],[-123.163034,45.437366],[-123.163129,45.437068],[-123.163127,45.436817],[-123.163176,45.436701],[-123.163488,45.436262],[-123.16388,45.436015],[-123.164261,45.435584],[-123.164837,45.435427],[-123.1655,45.435337],[-123.165804,45.435215],[-123.166631,45.435355],[-123.167284,45.435603],[-123.167766,45.435718],[-123.168375,45.436009],[-123.168889,45.436095],[-123.169165,45.436083],[-123.169708,45.435926],[-123.170545,45.435846],[-123.170884,45.435872],[-123.171341,45.435843],[-123.171459,45.435797],[-123.171699,45.435604],[-123.171905,45.435662],[-123.172111,45.435829],[-123.172345,45.435878],[-123.172808,45.435853],[-123.173223,45.435778],[-123.173731,45.435554],[-123.174076,45.435583],[-123.174388,45.435491],[-123.174724,45.435451],[-123.174913,45.435447],[-123.175146,45.435508],[-123.176141,45.435562],[-123.176613,45.43564],[-123.176812,45.435706],[-123.177097,45.43586],[-123.177682,45.436282],[-123.177864,45.436355],[-123.178112,45.436377],[-123.181143,45.435812],[-123.182057,45.435744],[-123.182871,45.43578],[-123.183112,45.435721],[-123.185176,45.435037],[-123.185881,45.434766],[-123.186194,45.434591],[-123.186778,45.434344],[-123.189177,45.433637],[-123.24653,45.433795],[-123.268341,45.433808],[-123.284213,45.433698],[-123.284396,45.433906],[-123.284542,45.434002],[-123.285188,45.434248],[-123.285955,45.434438],[-123.286899,45.434509],[-123.287561,45.43474],[-123.28857,45.43489],[-123.28923,45.434934],[-123.28966,45.434926],[-123.29049,45.43484],[-123.291232,45.434713],[-123.291829,45.434872],[-123.292377,45.434954],[-123.292707,45.43497],[-123.293315,45.434922],[-123.29449,45.435248],[-123.294949,45.435525],[-123.295222,45.435643],[-123.295922,45.435848],[-123.296405,45.435949],[-123.296783,45.435968],[-123.297057,45.435934],[-123.297534,45.435695],[-123.298301,45.435507],[-123.298781,45.435326],[-123.299215,45.435326],[-123.299517,45.43548],[-123.300241,45.435648],[-123.30027,45.435677],[-123.300234,45.435712],[-123.299273,45.435918],[-123.298806,45.436107],[-123.298024,45.436656],[-123.296976,45.437264],[-123.296672,45.437528],[-123.296584,45.437706],[-123.296564,45.437891],[-123.296589,45.438023],[-123.296664,45.438139],[-123.296794,45.438226],[-123.297053,45.438307],[-123.29821,45.438512],[-123.298452,45.438603],[-123.298642,45.438858],[-123.298893,45.439102],[-123.299214,45.43962],[-123.29947,45.439941],[-123.2995,45.44004],[-123.299472,45.440125],[-123.298932,45.440845],[-123.298844,45.441011],[-123.298792,45.441261],[-123.298879,45.441467],[-123.299041,45.441589],[-123.299411,45.441765],[-123.300257,45.441971],[-123.300412,45.442058],[-123.300679,45.442314],[-123.30109,45.442489],[-123.301962,45.442617],[-123.302518,45.442869],[-123.303249,45.443044],[-123.304022,45.443169],[-123.304799,45.443238],[-123.30548,45.443498],[-123.306231,45.443678],[-123.30647,45.444008],[-123.306688,45.444167],[-123.307448,45.44451],[-123.308813,45.44498],[-123.309753,45.445548],[-123.310107,45.445726],[-123.310331,45.445929],[-123.310366,45.446004],[-123.31014,45.446187],[-123.31011,45.446256],[-123.310124,45.446343],[-123.310311,45.446685],[-123.310587,45.447057],[-123.310606,45.447169],[-123.31046,45.447169],[-123.310154,45.446917],[-123.309851,45.446727],[-123.309323,45.446483],[-123.308915,45.446198],[-123.308273,45.445906],[-123.307936,45.445814],[-123.307408,45.445748],[-123.306761,45.445571],[-123.306132,45.445499],[-123.305706,45.445357],[-123.305061,45.445318],[-123.304398,45.445389],[-123.304023,45.445359],[-123.303487,45.445242],[-123.302891,45.445232],[-123.302239,45.445325],[-123.301699,45.445573],[-123.301406,45.445346],[-123.301265,45.445283],[-123.300039,45.44502],[-123.299461,45.445019],[-123.298662,45.445192],[-123.298219,45.445137],[-123.297668,45.44512],[-123.297395,45.445048],[-123.296815,45.444631],[-123.296172,45.444411],[-123.295584,45.44433],[-123.294597,45.444308],[-123.293464,45.443951],[-123.291749,45.443757],[-123.291579,45.44365],[-123.291067,45.442866],[-123.290924,45.442754],[-123.290594,45.442583],[-123.290281,45.442229],[-123.290084,45.442066],[-123.289611,45.44184],[-123.289014,45.441694],[-123.288579,45.441379],[-123.287934,45.441134],[-123.286419,45.440747],[-123.285593,45.440636],[-123.285309,45.440417],[-123.285051,45.440282],[-123.284228,45.44006],[-123.282819,45.43987],[-123.281694,45.439612],[-123.280746,45.439481],[-123.280041,45.439311],[-123.27947,45.439282],[-123.278632,45.439352],[-123.277408,45.439084],[-123.276777,45.438986],[-123.276018,45.438973],[-123.275194,45.439088],[-123.274516,45.43923],[-123.273966,45.439249],[-123.273435,45.439368],[-123.273332,45.43944],[-123.273266,45.439552],[-123.273305,45.439766],[-123.273803,45.440506],[-123.273764,45.441304],[-123.273796,45.441471],[-123.273877,45.441614],[-123.274012,45.441745],[-123.274219,45.441868],[-123.275815,45.442482],[-123.27584,45.442527],[-123.275777,45.44259],[-123.274759,45.442988],[-123.273912,45.443208],[-123.273673,45.443228],[-123.272706,45.443186],[-123.271876,45.443312],[-123.270257,45.44348],[-123.270059,45.443547],[-123.270021,45.44361],[-123.270046,45.443717],[-123.27015,45.443814],[-123.27058,45.444053],[-123.272047,45.444709],[-123.273261,45.445033],[-123.275448,45.445685],[-123.275555,45.445777],[-123.275624,45.445999],[-123.275703,45.446119],[-123.276091,45.446387],[-123.27749,45.4471],[-123.278149,45.447338],[-123.279006,45.447545],[-123.279474,45.447829],[-123.280146,45.448136],[-123.280213,45.448241],[-123.280172,45.44872],[-123.280246,45.449135],[-123.280108,45.449483],[-123.280096,45.449744],[-123.280185,45.450071],[-123.280396,45.45035],[-123.280411,45.450419],[-123.280356,45.450507],[-123.279791,45.451014],[-123.279427,45.451417],[-123.279349,45.451556],[-123.279346,45.451706],[-123.279468,45.451908],[-123.279785,45.452103],[-123.280156,45.45228],[-123.280668,45.452434],[-123.281064,45.452601],[-123.281447,45.452661],[-123.281872,45.45259],[-123.2824,45.452336],[-123.283032,45.451856],[-123.283866,45.451724],[-123.284279,45.451609],[-123.284576,45.451485],[-123.285071,45.45123],[-123.286682,45.450197],[-123.287952,45.449483],[-123.288277,45.449239],[-123.288441,45.449179],[-123.288577,45.449238],[-123.28864,45.449585],[-123.28891,45.450214],[-123.289051,45.450405],[-123.289346,45.450694],[-123.289537,45.450783],[-123.289777,45.450802],[-123.290573,45.450613],[-123.290696,45.450614],[-123.29121,45.451127],[-123.291776,45.451332],[-123.2918,45.451468],[-123.291626,45.452056],[-123.29166,45.45219],[-123.291757,45.452259],[-123.292916,45.452415],[-123.2936,45.45241],[-123.294159,45.45229],[-123.295519,45.451854],[-123.295692,45.451851],[-123.295714,45.451947],[-123.29562,45.452321],[-123.295424,45.452648],[-123.295251,45.453144],[-123.294873,45.453608],[-123.29472,45.4539],[-123.294697,45.454155],[-123.294832,45.454353],[-123.295082,45.454494],[-123.295617,45.454677],[-123.296148,45.454811],[-123.296809,45.454894],[-123.297325,45.45515],[-123.298402,45.455456],[-123.29928,45.455604],[-123.299828,45.455619],[-123.300117,45.455867],[-123.300455,45.456044],[-123.300442,45.456116],[-123.300254,45.45631],[-123.300206,45.456481],[-123.300244,45.456646],[-123.30045,45.4569],[-123.300464,45.456988],[-123.300382,45.457053],[-123.299954,45.457202],[-123.29966,45.457347],[-123.29952,45.457461],[-123.299434,45.45761],[-123.299419,45.457777],[-123.299481,45.457951],[-123.299576,45.458084],[-123.299721,45.458174],[-123.300091,45.458274],[-123.300619,45.458258],[-123.301008,45.458158],[-123.301648,45.45784],[-123.302223,45.458148],[-123.302476,45.45824],[-123.302804,45.45828],[-123.3034,45.458272],[-123.303505,45.458315],[-123.303508,45.458378],[-123.30337,45.458703],[-123.303375,45.458894],[-123.303449,45.459018],[-123.303667,45.459224],[-123.304136,45.459494],[-123.304152,45.459584],[-123.304097,45.459776],[-123.304,45.459846],[-123.303601,45.459931],[-123.303281,45.460097],[-123.303088,45.460307],[-123.3029,45.460651],[-123.302794,45.460748],[-123.301662,45.460778],[-123.301309,45.460875],[-123.30113,45.460986],[-123.301057,45.461101],[-123.301042,45.461243],[-123.30117,45.461871],[-123.301368,45.462274],[-123.301493,45.462432],[-123.301616,45.462517],[-123.301984,45.462565],[-123.303343,45.462473],[-123.304321,45.462519],[-123.305565,45.462472],[-123.305761,45.462511],[-123.306225,45.46272],[-123.306488,45.462764],[-123.307085,45.462636],[-123.308158,45.462644],[-123.308736,45.462859],[-123.309167,45.462954],[-123.309814,45.463298],[-123.310212,45.463368],[-123.310649,45.46329],[-123.31118,45.462973],[-123.311603,45.462907],[-123.31168,45.462966],[-123.311715,45.463274],[-123.311831,45.463409],[-123.312608,45.463758],[-123.312978,45.463805],[-123.313213,45.463688],[-123.313586,45.463225],[-123.313745,45.463129],[-123.314839,45.463123],[-123.315805,45.463163],[-123.316203,45.463139],[-123.316429,45.463067],[-123.316531,45.46297],[-123.316613,45.462786],[-123.316648,45.462299],[-123.316693,45.462187],[-123.317106,45.461864],[-123.317418,45.461416],[-123.317975,45.460906],[-123.318395,45.460344],[-123.318529,45.46027],[-123.318833,45.460204],[-123.318918,45.460272],[-123.319057,45.46058],[-123.31922,45.460796],[-123.319676,45.461098],[-123.319792,45.461227],[-123.319808,45.46138],[-123.319636,45.461669],[-123.319617,45.46183],[-123.319753,45.462199],[-123.319969,45.462374],[-123.320672,45.462652],[-123.320905,45.462659],[-123.32126,45.462607],[-123.321547,45.462847],[-123.321798,45.462854],[-123.322013,45.462731],[-123.322333,45.462469],[-123.323098,45.461612],[-123.323364,45.461374],[-123.32349,45.461343],[-123.323728,45.461627],[-123.324004,45.461833],[-123.324233,45.462226],[-123.32472,45.462625],[-123.324926,45.462898],[-123.32508,45.463029],[-123.325501,45.463222],[-123.326007,45.463281],[-123.326287,45.463485],[-123.326463,45.463555],[-123.326697,45.463584],[-123.32712,45.46354],[-123.327251,45.463565],[-123.327536,45.46393],[-123.327621,45.464392],[-123.327713,45.46455],[-123.327867,45.464714],[-123.328026,45.464819],[-123.328211,45.464885],[-123.328824,45.464931],[-123.329588,45.464872],[-123.330386,45.464705],[-123.331815,45.464251],[-123.332745,45.464],[-123.333187,45.463823],[-123.333494,45.463627],[-123.333841,45.463279],[-123.334035,45.463012],[-123.334395,45.462313],[-123.334815,45.461995],[-123.335036,45.461902],[-123.335162,45.461931],[-123.335593,45.462273],[-123.335967,45.462444],[-123.336371,45.462556],[-123.336882,45.462622],[-123.337375,45.462572],[-123.337942,45.462338],[-123.338826,45.462328],[-123.339011,45.462256],[-123.339374,45.462038],[-123.33955,45.462004],[-123.339948,45.46225],[-123.340496,45.462466],[-123.340806,45.462699],[-123.341153,45.462885],[-123.341896,45.463154],[-123.342376,45.46322],[-123.342808,45.463182],[-123.34326,45.463005],[-123.343608,45.46271],[-123.343952,45.462246],[-123.344055,45.462186],[-123.344141,45.462185],[-123.344262,45.462269],[-123.344767,45.462849],[-123.345006,45.463001],[-123.345421,45.463047],[-123.346038,45.462866],[-123.346606,45.463053],[-123.347241,45.463094],[-123.347705,45.463276],[-123.348268,45.463339],[-123.348596,45.463605],[-123.348985,45.463801],[-123.349659,45.464068],[-123.350035,45.464137],[-123.350251,45.464111],[-123.350493,45.464029],[-123.352017,45.463268],[-123.352654,45.463415],[-123.353415,45.463374],[-123.354073,45.463411],[-123.354547,45.463366],[-123.355001,45.463514],[-123.355204,45.463509],[-123.355398,45.463407],[-123.355777,45.463046],[-123.356763,45.462552],[-123.356886,45.462431],[-123.357074,45.462137],[-123.357152,45.462096],[-123.357261,45.46213],[-123.357756,45.462451],[-123.358064,45.462602],[-123.358661,45.46265],[-123.359352,45.462823],[-123.359431,45.462894],[-123.359644,45.463236],[-123.359989,45.463464],[-123.360308,45.463527],[-123.360744,45.463435],[-123.360895,45.463447],[-123.360936,45.463494],[-123.360969,45.463781],[-123.361166,45.463988],[-123.362048,45.464524],[-123.362543,45.464751],[-123.362901,45.464871],[-123.363887,45.464995],[-123.36429,45.465013],[-123.364581,45.464947],[-123.364964,45.464718],[-123.365281,45.464678],[-123.366024,45.465137],[-123.366386,45.465462],[-123.367238,45.465722],[-123.367414,45.465691],[-123.367722,45.4655],[-123.368658,45.465333],[-123.3688,45.465334],[-123.368874,45.465404],[-123.368945,45.465638],[-123.36926,45.466187],[-123.369482,45.466363],[-123.369876,45.466489],[-123.370198,45.466501],[-123.370637,45.466422],[-123.37132,45.466374],[-123.371836,45.466249],[-123.372433,45.465978],[-123.373536,45.465866],[-123.373746,45.46593],[-123.374526,45.466495],[-123.374751,45.46658],[-123.375007,45.466613],[-123.375015,45.466837],[-123.374506,45.466823],[-123.374163,45.466663],[-123.373732,45.466342],[-123.373538,45.466279],[-123.37335,45.466271],[-123.372617,45.46645],[-123.371788,45.466788],[-123.371179,45.466804],[-123.370876,45.466898],[-123.37049,45.467089],[-123.370095,45.46711],[-123.369693,45.467048],[-123.369228,45.466922],[-123.368223,45.466446],[-123.367985,45.466454],[-123.36764,45.466672],[-123.367472,45.4667],[-123.367253,45.466639],[-123.366448,45.466268],[-123.36622,45.466216],[-123.366094,45.466251],[-123.366013,45.466406],[-123.365996,45.466624],[-123.366214,45.467521],[-123.366167,45.468114],[-123.36619,45.468481],[-123.366287,45.46864],[-123.367113,45.469456],[-123.367325,45.469906],[-123.367379,45.470158],[-123.367355,45.470408],[-123.367279,45.470613],[-123.366865,45.471086],[-123.366619,45.471278],[-123.366546,45.471425],[-123.366557,45.471708],[-123.366814,45.472348],[-123.366971,45.472984],[-123.36699,45.473391],[-123.366949,45.473674],[-123.366858,45.473929],[-123.366782,45.473975],[-123.366377,45.474033],[-123.366274,45.474001],[-123.366446,45.473863],[-123.366555,45.473718],[-123.366604,45.473519],[-123.366591,45.473323],[-123.366216,45.472188],[-123.365828,45.471479],[-123.365875,45.471062],[-123.366057,45.470726],[-123.366121,45.470534],[-123.366122,45.470363],[-123.36606,45.470076],[-123.36596,45.469853],[-123.365782,45.469673],[-123.365626,45.469599],[-123.36527,45.469517],[-123.365201,45.469239],[-123.364939,45.468709],[-123.364966,45.468499],[-123.365266,45.4679],[-123.365294,45.467675],[-123.365026,45.466296],[-123.364883,45.465941],[-123.364732,45.465843],[-123.364528,45.465812],[-123.363693,45.465955],[-123.363404,45.465962],[-123.361739,45.465674],[-123.361258,45.465491],[-123.360843,45.465388],[-123.360123,45.465324],[-123.359372,45.465317],[-123.359133,45.465235],[-123.357859,45.464622],[-123.357519,45.464538],[-123.357304,45.464589],[-123.356893,45.464883],[-123.356419,45.465136],[-123.355277,45.465622],[-123.354959,45.465571],[-123.354091,45.465521],[-123.353675,45.465421],[-123.353482,45.46543],[-123.353225,45.465515],[-123.35274,45.465748],[-123.352244,45.466061],[-123.351901,45.466363],[-123.351118,45.466471],[-123.349279,45.466566],[-123.348516,45.466454],[-123.346687,45.465759],[-123.345894,45.465561],[-123.345362,45.465483],[-123.344775,45.465478],[-123.344351,45.465527],[-123.343386,45.465832],[-123.341335,45.465893],[-123.341121,45.465875],[-123.340372,45.465678],[-123.339641,45.465538],[-123.339421,45.465523],[-123.339294,45.465554],[-123.339198,45.465688],[-123.339153,45.46613],[-123.338935,45.466611],[-123.338541,45.466912],[-123.338158,45.467292],[-123.337539,45.467601],[-123.337266,45.467923],[-123.337182,45.468117],[-123.337032,45.468766],[-123.337029,45.468971],[-123.337093,45.469245],[-123.337058,45.469356],[-123.336596,45.469658],[-123.336403,45.469826],[-123.336306,45.469994],[-123.336235,45.470351],[-123.336156,45.470488],[-123.335972,45.470607],[-123.335502,45.47081],[-123.335399,45.470947],[-123.335468,45.471125],[-123.336001,45.471753],[-123.336515,45.472135],[-123.336792,45.472422],[-123.337038,45.472519],[-123.337656,45.472624],[-123.338242,45.472851],[-123.33839,45.472948],[-123.338763,45.473676],[-123.338832,45.473896],[-123.338848,45.474366],[-123.338816,45.474465],[-123.338747,45.474522],[-123.33868,45.47451],[-123.338599,45.474429],[-123.338425,45.474055],[-123.338159,45.473681],[-123.337948,45.473497],[-123.337686,45.47334],[-123.337428,45.473285],[-123.33716,45.473297],[-123.336392,45.473529],[-123.336181,45.473503],[-123.336011,45.473432],[-123.335905,45.47333],[-123.335723,45.473022],[-123.335547,45.47282],[-123.335378,45.472687],[-123.334974,45.472463],[-123.334592,45.472019],[-123.33406,45.471679],[-123.333604,45.471104],[-123.333581,45.470957],[-123.333649,45.470417],[-123.334081,45.469792],[-123.334248,45.469194],[-123.334723,45.468579],[-123.334849,45.468119],[-123.335154,45.467476],[-123.335279,45.467085],[-123.335311,45.466869],[-123.335263,45.466744],[-123.335111,45.466689],[-123.334801,45.466734],[-123.334138,45.466927],[-123.333506,45.467162],[-123.332994,45.4674],[-123.332111,45.467486],[-123.331354,45.467687],[-123.328589,45.467927],[-123.328165,45.468035],[-123.327665,45.468247],[-123.327438,45.4683],[-123.326568,45.468242],[-123.325152,45.468032],[-123.324154,45.467813],[-123.323672,45.467781],[-123.323402,45.467811],[-123.323014,45.467914],[-123.321611,45.468445],[-123.321457,45.468546],[-123.321448,45.46867],[-123.321556,45.468783],[-123.321906,45.468996],[-123.321952,45.469053],[-123.321949,45.469108],[-123.321838,45.469178],[-123.321224,45.469355],[-123.32097,45.469471],[-123.320794,45.469616],[-123.320568,45.469948],[-123.320333,45.470371],[-123.320066,45.471078],[-123.319616,45.472715],[-123.319312,45.473287],[-123.319196,45.473371],[-123.318786,45.473385],[-123.318333,45.473467],[-123.317911,45.473334],[-123.317274,45.473252],[-123.317119,45.473171],[-123.316537,45.472714],[-123.316304,45.472575],[-123.315092,45.472204],[-123.314549,45.472112],[-123.313931,45.471716],[-123.313477,45.471533],[-123.313016,45.471463],[-123.312455,45.471463],[-123.311547,45.471332],[-123.311008,45.471316],[-123.310631,45.471373],[-123.310134,45.471521],[-123.309927,45.471629],[-123.309839,45.471771],[-123.309848,45.471884],[-123.309906,45.471979],[-123.310552,45.472349],[-123.310886,45.472751],[-123.310915,45.472831],[-123.310897,45.47293],[-123.310769,45.473148],[-123.310682,45.473206],[-123.310053,45.473276],[-123.309555,45.473482],[-123.308559,45.473721],[-123.307991,45.473719],[-123.306792,45.47386],[-123.306596,45.473925],[-123.3061,45.474204],[-123.305997,45.474165],[-123.30553,45.473771],[-123.305273,45.473649],[-123.304766,45.473575],[-123.304114,45.473626],[-123.30398,45.473672],[-123.303868,45.473771],[-123.30358,45.474272],[-123.303483,45.474361],[-123.302908,45.474451],[-123.30216,45.474622],[-123.301181,45.474623],[-123.300555,45.4747],[-123.299773,45.47467],[-123.299087,45.474756],[-123.29871,45.47448],[-123.29748,45.473752],[-123.296754,45.473097],[-123.296527,45.472979],[-123.296296,45.472935],[-123.296092,45.472948],[-123.295854,45.473015],[-123.294834,45.473519],[-123.294627,45.473541],[-123.293938,45.473491],[-123.293632,45.473526],[-123.293374,45.473604],[-123.292828,45.47385],[-123.292202,45.473994],[-123.291498,45.474227],[-123.291237,45.474017],[-123.290689,45.473827],[-123.290333,45.473751],[-123.289904,45.473482],[-123.289476,45.473313],[-123.288934,45.473202],[-123.288421,45.473225],[-123.287953,45.472763],[-123.287159,45.472272],[-123.286182,45.471885],[-123.285493,45.471712],[-123.285002,45.471644],[-123.284362,45.471672],[-123.283125,45.471396],[-123.28261,45.471319],[-123.28211,45.471298],[-123.281513,45.471099],[-123.280764,45.47099],[-123.280146,45.470958],[-123.279382,45.470973],[-123.27903,45.471093],[-123.278829,45.471094],[-123.277012,45.470725],[-123.275874,45.47057],[-123.275401,45.470571],[-123.275082,45.470651],[-123.274868,45.470752],[-123.274622,45.470974],[-123.274515,45.471148],[-123.274438,45.47145],[-123.274498,45.471954],[-123.274495,45.472674],[-123.274358,45.473067],[-123.274327,45.473288],[-123.274354,45.473545],[-123.274468,45.473889],[-123.274479,45.474307],[-123.27453,45.474446],[-123.274605,45.474519],[-123.274735,45.474558],[-123.276511,45.474555],[-123.276731,45.474582],[-123.276861,45.474648],[-123.276899,45.474725],[-123.27694,45.4751],[-123.277242,45.475566],[-123.277574,45.475842],[-123.2782,45.476139],[-123.278284,45.476212],[-123.27825,45.476512],[-123.278275,45.476821],[-123.277807,45.477129],[-123.277743,45.477235],[-123.277755,45.47732],[-123.277874,45.477467],[-123.278029,45.477584],[-123.279109,45.478169],[-123.279492,45.478455],[-123.27951,45.478574],[-123.279358,45.478761],[-123.27929,45.478909],[-123.27928,45.479275],[-123.279407,45.479542],[-123.279733,45.479795],[-123.280089,45.479926],[-123.280892,45.480041],[-123.28143,45.48019],[-123.282251,45.480345],[-123.283441,45.480834],[-123.28359,45.48085],[-123.283991,45.480806],[-123.284639,45.480926],[-123.285836,45.481561],[-123.286747,45.481885],[-123.287424,45.4824],[-123.288447,45.48301],[-123.288904,45.483167],[-123.289539,45.483263],[-123.290004,45.483288],[-123.290267,45.483245],[-123.290606,45.483106],[-123.291175,45.482766],[-123.292171,45.482571],[-123.292775,45.482306],[-123.293917,45.482203],[-123.29468,45.482084],[-123.295713,45.481844],[-123.295886,45.481846],[-123.296046,45.482066],[-123.296237,45.482174],[-123.297006,45.482399],[-123.297733,45.482538],[-123.298317,45.482926],[-123.298554,45.483232],[-123.298818,45.483496],[-123.299293,45.483877],[-123.300021,45.484255],[-123.301293,45.484724],[-123.301709,45.484996],[-123.301831,45.485251],[-123.302056,45.485409],[-123.303234,45.485774],[-123.304121,45.485973],[-123.304865,45.486733],[-123.304876,45.486808],[-123.304797,45.487038],[-123.304766,45.487304],[-123.304698,45.487432],[-123.303863,45.487808],[-123.30373,45.487897],[-123.303687,45.487986],[-123.303731,45.48809],[-123.30382,45.488164],[-123.304545,45.488531],[-123.304772,45.488826],[-123.305004,45.489048],[-123.305593,45.489422],[-123.305588,45.489579],[-123.305308,45.490259],[-123.305224,45.49036],[-123.305173,45.490308],[-123.305105,45.490033],[-123.305018,45.489853],[-123.304864,45.489662],[-123.304688,45.48953],[-123.304321,45.489344],[-123.303836,45.489204],[-123.303236,45.488856],[-123.302573,45.488673],[-123.302238,45.48842],[-123.302043,45.487943],[-123.302051,45.487765],[-123.302798,45.487065],[-123.302848,45.486961],[-123.3028,45.486869],[-123.30247,45.48677],[-123.30083,45.486476],[-123.299765,45.486206],[-123.298024,45.485937],[-123.297613,45.485934],[-123.297238,45.486006],[-123.296516,45.486366],[-123.295694,45.486661],[-123.293984,45.487641],[-123.293854,45.487782],[-123.293788,45.488061],[-123.293308,45.488414],[-123.293124,45.488478],[-123.29244,45.488516],[-123.292144,45.488588],[-123.291941,45.488738],[-123.291662,45.489069],[-123.290831,45.489542],[-123.290789,45.489592],[-123.290798,45.489685],[-123.291026,45.489865],[-123.291951,45.490259],[-123.29204,45.490583],[-123.292239,45.490804],[-123.292521,45.490986],[-123.29301,45.491195],[-123.293003,45.491271],[-123.292769,45.49141],[-123.292696,45.491533],[-123.292727,45.491664],[-123.292915,45.491919],[-123.292935,45.492061],[-123.292906,45.492194],[-123.292851,45.492217],[-123.292731,45.492178],[-123.292334,45.491864],[-123.29204,45.491707],[-123.291841,45.491633],[-123.291646,45.491607],[-123.291388,45.491652],[-123.29038,45.492031],[-123.289187,45.491936],[-123.288631,45.492084],[-123.288033,45.492143],[-123.287794,45.492264],[-123.287653,45.492737],[-123.287488,45.492927],[-123.287274,45.493282],[-123.287221,45.493569],[-123.287154,45.493623],[-123.286859,45.493724],[-123.286732,45.493831],[-123.286686,45.49394],[-123.286643,45.494274],[-123.286443,45.4945],[-123.286398,45.494638],[-123.286456,45.494752],[-123.286686,45.494931],[-123.286922,45.49505],[-123.287218,45.495122],[-123.287391,45.495337],[-123.28769,45.495461],[-123.287885,45.495777],[-123.28818,45.496066],[-123.288201,45.496146],[-123.287701,45.496804],[-123.287169,45.496966],[-123.286968,45.497101],[-123.286916,45.497222],[-123.286908,45.497528],[-123.286634,45.497638],[-123.28654,45.497729],[-123.286324,45.498199],[-123.285985,45.499118],[-123.285575,45.499496],[-123.284506,45.500627],[-123.284406,45.500834],[-123.284381,45.501004],[-123.284536,45.50149],[-123.284337,45.501949],[-123.28407,45.501937],[-123.283811,45.501766],[-123.283479,45.501641],[-123.283326,45.501443],[-123.283175,45.501017],[-123.282975,45.500661],[-123.28262,45.500268],[-123.282607,45.50017],[-123.282319,45.500005],[-123.282143,45.499856],[-123.281958,45.499508],[-123.281706,45.499404],[-123.281176,45.499453],[-123.281008,45.499427],[-123.280666,45.498942],[-123.280075,45.498485],[-123.280021,45.498293],[-123.280019,45.497575],[-123.280175,45.49623],[-123.280345,45.496016],[-123.281067,45.495573],[-123.281143,45.495434],[-123.281081,45.495342],[-123.280949,45.495258],[-123.280167,45.494925],[-123.279701,45.494647],[-123.278974,45.494397],[-123.278816,45.494266],[-123.278735,45.494115],[-123.278766,45.494046],[-123.278864,45.493995],[-123.279516,45.493873],[-123.280682,45.493896],[-123.281399,45.493986],[-123.281617,45.493959],[-123.28181,45.49388],[-123.282385,45.493455],[-123.283098,45.492711],[-123.283215,45.492529],[-123.283309,45.492273],[-123.28334,45.492005],[-123.283293,45.491861],[-123.28306,45.491666],[-123.282291,45.491333],[-123.281781,45.490987],[-123.281218,45.49057],[-123.280711,45.490032],[-123.280245,45.489709],[-123.279113,45.4892],[-123.278497,45.488965],[-123.277897,45.488786],[-123.277777,45.488681],[-123.277542,45.488333],[-123.277279,45.488122],[-123.27639,45.487671],[-123.274831,45.486746],[-123.274463,45.486572],[-123.274135,45.486454],[-123.27393,45.486419],[-123.27336,45.486533],[-123.273062,45.48652],[-123.272394,45.486049],[-123.272156,45.48594],[-123.271883,45.485874],[-123.271021,45.485807],[-123.270237,45.485882],[-123.268496,45.485568],[-123.268186,45.485593],[-123.268049,45.485692],[-123.267932,45.485836],[-123.267764,45.486234],[-123.267755,45.486483],[-123.2679,45.486902],[-123.267694,45.487577],[-123.267581,45.487684],[-123.266998,45.488012],[-123.266846,45.488191],[-123.266824,45.488363],[-123.26686,45.488527],[-123.267114,45.488936],[-123.267134,45.489022],[-123.266849,45.489311],[-123.266454,45.489939],[-123.266345,45.490016],[-123.265886,45.490147],[-123.26535,45.490474],[-123.264239,45.490784],[-123.263517,45.491124],[-123.263273,45.491414],[-123.263135,45.491771],[-123.262453,45.492122],[-123.262143,45.49242],[-123.262011,45.492685],[-123.261977,45.493075],[-123.262087,45.493427],[-123.262425,45.494077],[-123.262781,45.494483],[-123.263118,45.494679],[-123.26356,45.4948],[-123.264054,45.49486],[-123.264811,45.494852],[-123.266908,45.494917],[-123.267378,45.495145],[-123.268008,45.495614],[-123.268502,45.495869],[-123.268547,45.495927],[-123.268526,45.496029],[-123.268369,45.49627],[-123.268312,45.496464],[-123.268293,45.496691],[-123.26834,45.497018],[-123.268317,45.497107],[-123.268166,45.497167],[-123.267469,45.4972],[-123.267061,45.497347],[-123.26692,45.497455],[-123.266807,45.497643],[-123.266767,45.497801],[-123.266775,45.498033],[-123.26691,45.498393],[-123.26714,45.498681],[-123.267821,45.499097],[-123.268621,45.499823],[-123.269075,45.500065],[-123.26934,45.500134],[-123.270019,45.500457],[-123.270174,45.501137],[-123.269969,45.501435],[-123.269852,45.501732],[-123.269829,45.501956],[-123.269866,45.502387],[-123.269571,45.502735],[-123.268849,45.502791],[-123.268346,45.502772],[-123.267798,45.502827],[-123.266709,45.503081],[-123.266369,45.503278],[-123.266205,45.503968],[-123.266609,45.504234],[-123.266871,45.504308],[-123.266948,45.504361],[-123.267793,45.504496],[-123.268124,45.504618],[-123.268289,45.504764],[-123.268534,45.505322],[-123.268785,45.505584],[-123.2692,45.505828],[-123.270377,45.50631],[-123.270998,45.506475],[-123.273076,45.506635],[-123.273234,45.506723],[-123.273644,45.507092],[-123.274002,45.50727],[-123.274421,45.507407],[-123.275516,45.507597],[-123.27596,45.507729],[-123.27593,45.507982],[-123.275764,45.508131],[-123.27561,45.508209],[-123.275112,45.508347],[-123.273545,45.508561],[-123.273082,45.508688],[-123.27289,45.508773],[-123.272655,45.508938],[-123.272497,45.509081],[-123.272359,45.509274],[-123.272458,45.509634],[-123.272554,45.50968],[-123.273802,45.509932],[-123.274165,45.510049],[-123.274326,45.510136],[-123.274505,45.510385],[-123.274816,45.511057],[-123.275382,45.511657],[-123.275405,45.511817],[-123.27516,45.512315],[-123.275102,45.51255],[-123.275069,45.512971],[-123.274844,45.513701],[-123.274963,45.51395],[-123.275004,45.513975],[-123.275218,45.514082],[-123.275684,45.514174],[-123.27584,45.514739],[-123.275513,45.514994],[-123.275342,45.515183],[-123.274833,45.515517],[-123.274445,45.516098],[-123.274449,45.516401],[-123.274373,45.516746],[-123.274401,45.517111],[-123.274578,45.517543],[-123.274611,45.517776],[-123.275013,45.518338],[-123.275355,45.518421],[-123.275542,45.518419],[-123.275721,45.51847],[-123.275886,45.518451],[-123.276391,45.518553],[-123.276551,45.518718],[-123.276649,45.518958],[-123.276657,45.519332],[-123.276364,45.519778],[-123.276395,45.520092],[-123.276702,45.520432],[-123.276713,45.520684],[-123.276491,45.52113],[-123.276538,45.521324],[-123.276775,45.521562],[-123.277187,45.521802],[-123.278325,45.52226],[-123.278284,45.522652],[-123.277987,45.522979],[-123.277941,45.523252],[-123.277983,45.523396],[-123.278228,45.523784],[-123.278681,45.524307],[-123.278696,45.524596],[-123.278656,45.52477],[-123.278704,45.525001],[-123.278833,45.525206],[-123.279045,45.525399],[-123.279811,45.525842],[-123.280056,45.526029],[-123.280287,45.526316],[-123.28054,45.526756],[-123.28059,45.526945],[-123.280451,45.527162],[-123.278952,45.527248],[-123.278531,45.527399],[-123.278378,45.527508],[-123.27826,45.527652],[-123.278347,45.528015],[-123.278507,45.528127],[-123.278862,45.528515],[-123.279001,45.528767],[-123.279152,45.529205],[-123.279247,45.529355],[-123.279547,45.529564],[-123.279796,45.529681],[-123.281038,45.529927],[-123.281984,45.530222],[-123.282571,45.530557],[-123.283097,45.530797],[-123.283175,45.530867],[-123.283239,45.531011],[-123.283289,45.531259],[-123.283213,45.532413],[-123.283425,45.532621],[-123.28418,45.532876],[-123.285531,45.533584],[-123.286356,45.533836],[-123.287266,45.534166],[-123.287739,45.534528],[-123.288086,45.534701],[-123.288451,45.534792],[-123.289368,45.534897],[-123.289635,45.534967],[-123.29163,45.535878],[-123.291815,45.536014],[-123.292141,45.536378],[-123.292432,45.536577],[-123.292613,45.536628],[-123.292835,45.536635],[-123.293774,45.53651],[-123.293913,45.536526],[-123.29448,45.536791],[-123.295003,45.536927],[-123.295102,45.536981],[-123.295418,45.537355],[-123.295776,45.537602],[-123.296242,45.537762],[-123.296747,45.537854],[-123.297043,45.53797],[-123.296992,45.538309],[-123.296232,45.538648],[-123.295753,45.538948],[-123.295343,45.539308],[-123.295343,45.539586],[-123.295558,45.539858],[-123.295664,45.539949],[-123.295841,45.539998],[-123.296633,45.540015],[-123.297356,45.540082],[-123.297684,45.54023],[-123.297891,45.540485],[-123.298082,45.540596],[-123.298724,45.54074],[-123.299292,45.540929],[-123.299984,45.54103],[-123.300233,45.5411],[-123.301209,45.541861],[-123.301589,45.542988],[-123.3017,45.543203],[-123.301916,45.543346],[-123.302287,45.543386],[-123.30252,45.543356],[-123.302677,45.543285],[-123.302974,45.543048],[-123.30326,45.54289],[-123.303663,45.542695],[-123.303842,45.542652],[-123.304093,45.542701],[-123.304645,45.54298],[-123.305063,45.543139],[-123.305313,45.543189],[-123.305803,45.543214],[-123.306008,45.543619],[-123.305523,45.544065],[-123.305492,45.54412],[-123.305496,45.544306],[-123.305619,45.544632],[-123.305765,45.544865],[-123.306335,45.545509],[-123.306513,45.545917],[-123.306546,45.546136],[-123.306508,45.546232],[-123.306374,45.546385],[-123.306113,45.546572],[-123.305849,45.546635],[-123.305177,45.546634],[-123.304989,45.546895],[-123.305123,45.54757],[-123.30521,45.547698],[-123.305417,45.547811],[-123.305852,45.547905],[-123.306746,45.548019],[-123.306984,45.548092],[-123.307115,45.548175],[-123.30721,45.548296],[-123.30724,45.548483],[-123.307211,45.548802],[-123.307121,45.549174],[-123.306586,45.549206],[-123.306597,45.548993],[-123.306548,45.548697],[-123.306474,45.548591],[-123.306355,45.548511],[-123.306042,45.548414],[-123.304799,45.548217],[-123.304504,45.548088],[-123.304333,45.547916],[-123.304282,45.547791],[-123.304278,45.547439],[-123.30423,45.547179],[-123.304071,45.546847],[-123.303767,45.546487],[-123.303759,45.546373],[-123.303879,45.546142],[-123.304075,45.545952],[-123.304413,45.545846],[-123.304876,45.545814],[-123.305038,45.545593],[-123.304841,45.545297],[-123.304213,45.544548],[-123.303939,45.544276],[-123.303804,45.544187],[-123.303651,45.544144],[-123.30339,45.54417],[-123.302705,45.544428],[-123.302448,45.544485],[-123.300839,45.544349],[-123.300374,45.544232],[-123.300195,45.544171],[-123.300128,45.544109],[-123.299908,45.543655],[-123.299479,45.543085],[-123.299432,45.542906],[-123.299352,45.542794],[-123.29908,45.542572],[-123.298723,45.542394],[-123.297727,45.542226],[-123.297355,45.542104],[-123.296474,45.541709],[-123.296189,45.541639],[-123.295949,45.541643],[-123.295357,45.541746],[-123.294917,45.541893],[-123.294617,45.54186],[-123.294319,45.541903],[-123.294157,45.541886],[-123.293903,45.541676],[-123.293582,45.541528],[-123.293164,45.541103],[-123.292931,45.540795],[-123.292515,45.540175],[-123.292447,45.54002],[-123.292399,45.539861],[-123.292346,45.539284],[-123.292231,45.53913],[-123.291765,45.539018],[-123.291121,45.539013],[-123.290694,45.538831],[-123.290421,45.538761],[-123.289553,45.538685],[-123.289426,45.538636],[-123.289022,45.538343],[-123.288748,45.538392],[-123.287899,45.538398],[-123.286665,45.538179],[-123.286094,45.538033],[-123.285911,45.537916],[-123.284901,45.536805],[-123.284499,45.536488],[-123.284237,45.53637],[-123.28392,45.536364],[-123.283419,45.53659],[-123.283211,45.536604],[-123.282213,45.536384],[-123.28149,45.536321],[-123.280709,45.535865],[-123.279813,45.535496],[-123.279539,45.535425],[-123.2793,45.535256],[-123.278878,45.534568],[-123.278547,45.534121],[-123.278355,45.533443],[-123.278313,45.533372],[-123.278203,45.533306],[-123.277974,45.53327],[-123.277766,45.533293],[-123.277396,45.533361],[-123.276843,45.533543],[-123.27603,45.533559],[-123.275656,45.533601],[-123.274872,45.533874],[-123.274668,45.533817],[-123.274426,45.533605],[-123.274214,45.533307],[-123.273933,45.532599],[-123.273544,45.53194],[-123.273237,45.531555],[-123.272733,45.531112],[-123.272414,45.530625],[-123.27203,45.530233],[-123.271781,45.530146],[-123.27146,45.530146],[-123.271249,45.529981],[-123.271169,45.529765],[-123.271172,45.529567],[-123.27135,45.5293],[-123.271382,45.529087],[-123.271356,45.528885],[-123.271233,45.528575],[-123.271267,45.528294],[-123.271898,45.527919],[-123.272132,45.527678],[-123.272168,45.527497],[-123.272133,45.527197],[-123.272083,45.527067],[-123.271972,45.52694],[-123.271724,45.526773],[-123.271511,45.526685],[-123.27138,45.526576],[-123.271215,45.526496],[-123.27114,45.526499],[-123.271075,45.526427],[-123.270903,45.526354],[-123.270651,45.526406],[-123.270246,45.526608],[-123.26984,45.526737],[-123.26836,45.52638],[-123.268136,45.526266],[-123.267648,45.525917],[-123.267235,45.525727],[-123.266345,45.525503],[-123.266046,45.525388],[-123.264692,45.524461],[-123.264274,45.524287],[-123.264106,45.524288],[-123.263915,45.524363],[-123.263327,45.524876],[-123.262975,45.525071],[-123.262807,45.525096],[-123.262664,45.525161],[-123.262431,45.525371],[-123.262155,45.525684],[-123.261902,45.526095],[-123.26181,45.526329],[-123.261751,45.52662],[-123.261603,45.52689],[-123.260963,45.527534],[-123.260735,45.527588],[-123.259758,45.527563],[-123.259219,45.527592],[-123.258724,45.52854],[-123.258427,45.528807],[-123.257962,45.529027],[-123.257595,45.529533],[-123.257065,45.529807],[-123.256686,45.529876],[-123.256538,45.529939],[-123.256415,45.530046],[-123.256028,45.530149],[-123.255918,45.530209],[-123.255874,45.530267],[-123.255571,45.530444],[-123.255481,45.53055],[-123.255215,45.530647],[-123.255069,45.530777],[-123.254782,45.53119],[-123.254558,45.531248],[-123.254404,45.531392],[-123.254031,45.53161],[-123.253902,45.531803],[-123.253948,45.5321],[-123.254077,45.53219],[-123.254412,45.532634],[-123.254375,45.532842],[-123.254143,45.533097],[-123.254016,45.533367],[-123.25395,45.53367],[-123.253943,45.533944],[-123.253694,45.534237],[-123.253322,45.53439],[-123.25277,45.534956],[-123.252546,45.535097],[-123.25215,45.535209],[-123.251866,45.535386],[-123.251404,45.536262],[-123.250914,45.536597],[-123.250671,45.536871],[-123.250429,45.537054],[-123.250275,45.537118],[-123.250012,45.537065],[-123.249901,45.53746],[-123.249798,45.537641],[-123.249769,45.537848],[-123.249425,45.537969],[-123.249286,45.538053],[-123.24867,45.538666],[-123.248489,45.538801],[-123.248343,45.539047],[-123.248192,45.539212],[-123.24782,45.539391],[-123.247488,45.539487],[-123.247104,45.539352],[-123.246993,45.53919],[-123.246871,45.539119],[-123.246606,45.539066],[-123.246615,45.538977],[-123.246775,45.538829],[-123.247247,45.538754],[-123.247366,45.538684],[-123.247388,45.538583],[-123.247347,45.538333],[-123.247398,45.538113],[-123.247522,45.537977],[-123.247739,45.537844],[-123.247813,45.537736],[-123.247816,45.537159],[-123.247929,45.536868],[-123.248203,45.536541],[-123.248279,45.536395],[-123.248555,45.53632],[-123.248719,45.536195],[-123.248824,45.536056],[-123.248791,45.535716],[-123.248897,45.535177],[-123.249232,45.534894],[-123.249645,45.534723],[-123.249841,45.534484],[-123.249875,45.534332],[-123.249835,45.534169],[-123.249503,45.533752],[-123.249375,45.533642],[-123.249237,45.533279],[-123.249257,45.533194],[-123.249401,45.53306],[-123.249916,45.532821],[-123.250082,45.532652],[-123.250261,45.532367],[-123.250491,45.532216],[-123.250951,45.53202],[-123.251158,45.531769],[-123.251211,45.531414],[-123.251151,45.531314],[-123.251049,45.530963],[-123.251162,45.530683],[-123.2513,45.530551],[-123.251405,45.530127],[-123.251423,45.529806],[-123.2515,45.529642],[-123.25153,45.52933],[-123.251851,45.528955],[-123.251912,45.528635],[-123.25175,45.52808],[-123.251651,45.528021],[-123.251517,45.527811],[-123.251538,45.527553],[-123.251646,45.527437],[-123.251823,45.527333],[-123.251913,45.527022],[-123.251942,45.526698],[-123.2519,45.526438],[-123.251986,45.526269],[-123.252401,45.5259],[-123.25254,45.525699],[-123.252813,45.525574],[-123.252914,45.52528],[-123.252879,45.525172],[-123.253064,45.524866],[-123.253434,45.524801],[-123.253714,45.524605],[-123.253829,45.524289],[-123.25395,45.524091],[-123.254017,45.523834],[-123.254215,45.523552],[-123.254211,45.523255],[-123.254047,45.523114],[-123.254012,45.52281],[-123.254051,45.522747],[-123.254169,45.522651],[-123.254687,45.522475],[-123.254815,45.522397],[-123.255055,45.521964],[-123.25516,45.521881],[-123.255611,45.521824],[-123.255895,45.521602],[-123.255914,45.521466],[-123.25622,45.521139],[-123.256354,45.520771],[-123.256339,45.520561],[-123.256422,45.520229],[-123.256701,45.519711],[-123.256634,45.519185],[-123.25617,45.518874],[-123.255553,45.518549],[-123.255244,45.518293],[-123.254953,45.517881],[-123.254425,45.516843],[-123.254133,45.516541],[-123.253679,45.516207],[-123.253437,45.515746],[-123.253359,45.514958],[-123.253189,45.514529],[-123.253003,45.514259],[-123.252149,45.513422],[-123.25157,45.513503],[-123.251426,45.514734],[-123.251836,45.515224],[-123.252071,45.515847],[-123.252096,45.516126],[-123.251961,45.516989],[-123.251922,45.517107],[-123.251811,45.517251],[-123.2515,45.517483],[-123.250905,45.517691],[-123.250721,45.517823],[-123.250182,45.518063],[-123.249556,45.518215],[-123.248683,45.518239],[-123.24793,45.518458],[-123.247638,45.518623],[-123.247421,45.518909],[-123.247148,45.518955],[-123.246803,45.519106],[-123.246699,45.519109],[-123.246609,45.519069],[-123.246053,45.518645],[-123.245893,45.518567],[-123.245411,45.5185],[-123.24511,45.518611],[-123.244972,45.518711],[-123.24485,45.5189],[-123.244673,45.519085],[-123.244527,45.519167],[-123.244281,45.519234],[-123.24418,45.519305],[-123.244095,45.519505],[-123.244019,45.51999],[-123.243748,45.520173],[-123.243784,45.52028],[-123.244026,45.520439],[-123.243993,45.520568],[-123.243811,45.520757],[-123.243787,45.520882],[-123.243833,45.520979],[-123.244161,45.521349],[-123.244205,45.521479],[-123.244188,45.521559],[-123.24408,45.521603],[-123.243779,45.521493],[-123.2435,45.521442],[-123.243228,45.521484],[-123.243081,45.52159],[-123.242829,45.521873],[-123.242661,45.522124],[-123.242586,45.522347],[-123.242535,45.522387],[-123.242277,45.522308],[-123.242146,45.522184],[-123.241999,45.521965],[-123.241815,45.521435],[-123.241244,45.520789],[-123.241,45.520365],[-123.240879,45.520281],[-123.240599,45.520212],[-123.24046,45.520002],[-123.240215,45.519844],[-123.239658,45.519676],[-123.23895,45.519591],[-123.238581,45.519682],[-123.237774,45.52007],[-123.237409,45.520061],[-123.23719,45.519696],[-123.236844,45.5196],[-123.236805,45.519528],[-123.23696,45.519366],[-123.237687,45.518921],[-123.237861,45.518779],[-123.238017,45.518551],[-123.238141,45.518134],[-123.238008,45.518012],[-123.23769,45.517907],[-123.236591,45.51777],[-123.23602,45.517919],[-123.235517,45.5182],[-123.234878,45.518284],[-123.234626,45.518356],[-123.23447,45.518465],[-123.234222,45.518783],[-123.234123,45.518856],[-123.234014,45.518854],[-123.233712,45.518725],[-123.233518,45.518691],[-123.233014,45.518735],[-123.232704,45.518822],[-123.232542,45.518921],[-123.232439,45.519057],[-123.232378,45.519238],[-123.232334,45.5196],[-123.23227,45.519721],[-123.232198,45.51977],[-123.231776,45.519776],[-123.231406,45.519967],[-123.231276,45.51999],[-123.231009,45.51994],[-123.23075,45.519977],[-123.230445,45.519961],[-123.229834,45.519834],[-123.229474,45.519795],[-123.229164,45.519872],[-123.22853,45.519897],[-123.228499,45.519975],[-123.228749,45.520164],[-123.22879,45.52028],[-123.228663,45.520349],[-123.228373,45.5203],[-123.228421,45.520559],[-123.228337,45.520692],[-123.22828,45.520896],[-123.228187,45.520996],[-123.228004,45.521063],[-123.227439,45.521158],[-123.227036,45.521301],[-123.226523,45.521335],[-123.226016,45.521442],[-123.225758,45.521539],[-123.225676,45.52169],[-123.225616,45.521727],[-123.225071,45.521624],[-123.224845,45.521624],[-123.22453,45.521703],[-123.224056,45.521941],[-123.223688,45.521668],[-123.223297,45.521446],[-123.223116,45.521383],[-123.222421,45.521249],[-123.221785,45.521251],[-123.221444,45.521172],[-123.220894,45.521137],[-123.220359,45.521031],[-123.220129,45.521066],[-123.220085,45.52115],[-123.22013,45.521254],[-123.22056,45.52165],[-123.220583,45.521727],[-123.220555,45.521881],[-123.220678,45.522099],[-123.220454,45.522377],[-123.220534,45.522655],[-123.220523,45.522988],[-123.220381,45.523244],[-123.220503,45.523592],[-123.220424,45.5239],[-123.220455,45.524136],[-123.220557,45.524363],[-123.220883,45.524591],[-123.22098,45.524707],[-123.220967,45.525285],[-123.221366,45.525887],[-123.221437,45.526056],[-123.221474,45.526273],[-123.221622,45.52651],[-123.221594,45.526554],[-123.221418,45.526593],[-123.22104,45.52656],[-123.220918,45.526518],[-123.220169,45.525996],[-123.219881,45.525925],[-123.219389,45.525932],[-123.219253,45.525899],[-123.219045,45.525615],[-123.218631,45.525201],[-123.21815,45.524907],[-123.217948,45.524686],[-123.217482,45.524296],[-123.217345,45.524247],[-123.217047,45.524249],[-123.216686,45.524351],[-123.216524,45.524294],[-123.216379,45.524155],[-123.216302,45.523987],[-123.216279,45.52364],[-123.216101,45.523494],[-123.215378,45.523199],[-123.214676,45.523287],[-123.214434,45.523241],[-123.214162,45.522981],[-123.213974,45.522683],[-123.2137,45.52252],[-123.213615,45.522314],[-123.213518,45.522233],[-123.213202,45.522271],[-123.212918,45.522509],[-123.212721,45.522565],[-123.212414,45.522291],[-123.212149,45.522184],[-123.211545,45.521743],[-123.211292,45.521665],[-123.211058,45.521689],[-123.210866,45.521806],[-123.210707,45.52216],[-123.210527,45.522374],[-123.210169,45.522432],[-123.209905,45.522651],[-123.209154,45.522964],[-123.208985,45.523119],[-123.20895,45.523327],[-123.209042,45.523707],[-123.209008,45.524051],[-123.208911,45.52432],[-123.208997,45.52471],[-123.208967,45.524799],[-123.208826,45.524965],[-123.208799,45.525068],[-123.208879,45.525395],[-123.208644,45.525633],[-123.208313,45.525832],[-123.207997,45.526707],[-123.207817,45.527012],[-123.20779,45.527299],[-123.2077,45.527569],[-123.207633,45.527615],[-123.207526,45.527525],[-123.207396,45.527258],[-123.207216,45.527003],[-123.207278,45.526728],[-123.207275,45.526548],[-123.207233,45.526419],[-123.207094,45.526215],[-123.207001,45.525658],[-123.206988,45.52538],[-123.206923,45.525186],[-123.206744,45.524897],[-123.206405,45.524772],[-123.206268,45.52466],[-123.206115,45.523982],[-123.205863,45.523667],[-123.205862,45.523572],[-123.205975,45.523262],[-123.205865,45.522941],[-123.205831,45.522492],[-123.205859,45.522076],[-123.205784,45.521949],[-123.205653,45.521917],[-123.205412,45.521921],[-123.205095,45.522016],[-123.204562,45.522452],[-123.204269,45.522645],[-123.204207,45.52275],[-123.204172,45.522996],[-123.204135,45.523044],[-123.203825,45.523136],[-123.203536,45.523312],[-123.203157,45.52327],[-123.202974,45.523324],[-123.202815,45.523462],[-123.202609,45.523861],[-123.202528,45.523936],[-123.201958,45.523727],[-123.201224,45.523706],[-123.200939,45.523665],[-123.200593,45.523404],[-123.200241,45.523228],[-123.20012,45.523101],[-123.200117,45.522978],[-123.200279,45.522755],[-123.200372,45.522441],[-123.200638,45.522113],[-123.200618,45.521765],[-123.200762,45.521545],[-123.200972,45.521407],[-123.201188,45.521318],[-123.202202,45.521125],[-123.203077,45.520676],[-123.203346,45.520422],[-123.203411,45.520297],[-123.203341,45.520165],[-123.203064,45.519951],[-123.203049,45.519745],[-123.202996,45.519597],[-123.20303,45.51952],[-123.203302,45.51939],[-123.203336,45.519275],[-123.203127,45.519019],[-123.202872,45.518789],[-123.202749,45.518518],[-123.202905,45.51799],[-123.20303,45.517814],[-123.203066,45.517702],[-123.203037,45.517426],[-123.203083,45.517033],[-123.203048,45.516876],[-123.202866,45.51669],[-123.202359,45.516394],[-123.201235,45.515874],[-123.200999,45.515697],[-123.200879,45.515534],[-123.200414,45.514469],[-123.200294,45.514291],[-123.200131,45.514159],[-123.199874,45.514107],[-123.19976,45.51419],[-123.199878,45.514789],[-123.200093,45.514988],[-123.200308,45.515265],[-123.200406,45.515639],[-123.200623,45.515829],[-123.20075,45.516128],[-123.200877,45.516197],[-123.201602,45.516434],[-123.20212,45.51679],[-123.202175,45.516933],[-123.20209,45.517222],[-123.202174,45.517502],[-123.202146,45.517707],[-123.201979,45.517924],[-123.201632,45.518144],[-123.201569,45.518273],[-123.201528,45.518494],[-123.201475,45.518566],[-123.201307,45.518639],[-123.201008,45.518666],[-123.200858,45.518715],[-123.20076,45.518786],[-123.200661,45.518985],[-123.200398,45.519106],[-123.200384,45.519339],[-123.200179,45.519572],[-123.200157,45.51994],[-123.200063,45.51999],[-123.199579,45.520073],[-123.199457,45.520131],[-123.199293,45.520403],[-123.199151,45.520797],[-123.199033,45.520816],[-123.198855,45.520762],[-123.198561,45.520441],[-123.198421,45.520369],[-123.198277,45.520344],[-123.197948,45.520438],[-123.197473,45.520826],[-123.197356,45.520856],[-123.197208,45.520767],[-123.197101,45.520639],[-123.197141,45.520319],[-123.197086,45.520165],[-123.196996,45.520069],[-123.196793,45.520015],[-123.196456,45.520125],[-123.196102,45.52015],[-123.195754,45.520222],[-123.195697,45.520162],[-123.19564,45.519905],[-123.195505,45.519721],[-123.194949,45.519206],[-123.194732,45.519115],[-123.194474,45.519164],[-123.194305,45.519312],[-123.194209,45.519578],[-123.194131,45.520168],[-123.194057,45.520276],[-123.193909,45.52023],[-123.193465,45.519876],[-123.19317,45.519794],[-123.192901,45.519807],[-123.192301,45.520039],[-123.192179,45.520026],[-123.192189,45.519896],[-123.192295,45.519586],[-123.192279,45.519459],[-123.192152,45.519346],[-123.191752,45.51922],[-123.191896,45.519029],[-123.192231,45.51878],[-123.192327,45.518597],[-123.19231,45.518414],[-123.192021,45.518189],[-123.192068,45.517906],[-123.192135,45.51779],[-123.192492,45.517517],[-123.192701,45.517084],[-123.193025,45.516802],[-123.193051,45.516689],[-123.19298,45.516339],[-123.193069,45.51621],[-123.193461,45.515899],[-123.19348,45.515775],[-123.193364,45.515667],[-123.193213,45.515636],[-123.193113,45.515675],[-123.192941,45.515946],[-123.192808,45.516077],[-123.19237,45.516322],[-123.191949,45.516633],[-123.191402,45.516827],[-123.191108,45.517086],[-123.190644,45.517153],[-123.190606,45.517085],[-123.190687,45.516803],[-123.190594,45.516446],[-123.19075,45.51626],[-123.190912,45.51596],[-123.190841,45.515629],[-123.190981,45.515365],[-123.191008,45.515241],[-123.190927,45.514968],[-123.190785,45.514809],[-123.190595,45.514696],[-123.190422,45.51468],[-123.190252,45.514715],[-123.189569,45.515034],[-123.189216,45.515346],[-123.18892,45.515503],[-123.1888,45.515504],[-123.188605,45.514957],[-123.188842,45.514648],[-123.188963,45.514417],[-123.188988,45.514293],[-123.188866,45.514032],[-123.188815,45.513832],[-123.188727,45.513747],[-123.187493,45.513752],[-123.187285,45.513801],[-123.186963,45.513951],[-123.186605,45.513962],[-123.18618,45.514067],[-123.186044,45.514069],[-123.18597,45.514002],[-123.185891,45.51378],[-123.185794,45.513654],[-123.185384,45.513435],[-123.185079,45.513185],[-123.185052,45.513098],[-123.185111,45.512841],[-123.185046,45.512727],[-123.184946,45.512645],[-123.184193,45.512366],[-123.183507,45.51228],[-123.182901,45.512431],[-123.182195,45.512177],[-123.181995,45.512054],[-123.181849,45.511912],[-123.181833,45.511524],[-123.181692,45.511272],[-123.180965,45.510814],[-123.180565,45.510631],[-123.180295,45.510675],[-123.179743,45.511034],[-123.179616,45.511286],[-123.179539,45.511716],[-123.179474,45.511827],[-123.178599,45.51178],[-123.178467,45.511818],[-123.178361,45.511918],[-123.178324,45.512046],[-123.178335,45.512189],[-123.178545,45.512635],[-123.178557,45.513464],[-123.178604,45.513553],[-123.17881,45.513743],[-123.178726,45.514277],[-123.178653,45.514355],[-123.178282,45.514388],[-123.178101,45.514496],[-123.178085,45.514605],[-123.178227,45.514844],[-123.178235,45.514925],[-123.178055,45.515191],[-123.177942,45.515453],[-123.177705,45.515682],[-123.177464,45.516081],[-123.177434,45.516226],[-123.177525,45.516502],[-123.177392,45.516854],[-123.177477,45.517033],[-123.177725,45.517242],[-123.177892,45.51747],[-123.178056,45.517566],[-123.178188,45.517568],[-123.178433,45.517497],[-123.178689,45.517299],[-123.179201,45.517046],[-123.179427,45.516971],[-123.179609,45.517035],[-123.179703,45.517302],[-123.17982,45.517423],[-123.180007,45.517953],[-123.180065,45.518502],[-123.179895,45.518637],[-123.179392,45.51885],[-123.17913,45.519187],[-123.179061,45.519335],[-123.179079,45.519468],[-123.179227,45.519734],[-123.179181,45.520177],[-123.179224,45.520323],[-123.179313,45.520458],[-123.179505,45.520558],[-123.179947,45.520617],[-123.180405,45.520766],[-123.180832,45.520774],[-123.181521,45.520595],[-123.181868,45.520396],[-123.182198,45.520095],[-123.182626,45.519989],[-123.182817,45.520135],[-123.182853,45.520323],[-123.182988,45.520538],[-123.183029,45.520784],[-123.183104,45.520739],[-123.183237,45.520475],[-123.183308,45.520446],[-123.183336,45.520471],[-123.183367,45.520659],[-123.183478,45.520823],[-123.183516,45.520979],[-123.18373,45.52115],[-123.183802,45.521258],[-123.183816,45.521547],[-123.183723,45.521822],[-123.183795,45.522057],[-123.183958,45.522233],[-123.184472,45.522523],[-123.184645,45.522575],[-123.184977,45.52255],[-123.185314,45.522813],[-123.186129,45.522939],[-123.186196,45.52301],[-123.186189,45.523211],[-123.186225,45.523283],[-123.186626,45.523434],[-123.186763,45.523404],[-123.187099,45.523113],[-123.187335,45.523048],[-123.18752,45.523098],[-123.187799,45.523297],[-123.187877,45.523282],[-123.188023,45.523137],[-123.188123,45.523122],[-123.18829,45.523261],[-123.188475,45.523512],[-123.188625,45.523591],[-123.188751,45.523585],[-123.189115,45.523458],[-123.189697,45.523473],[-123.190064,45.523638],[-123.190262,45.523779],[-123.190616,45.523849],[-123.190729,45.523903],[-123.190747,45.523987],[-123.190618,45.524228],[-123.190657,45.524341],[-123.19075,45.524402],[-123.191162,45.52444],[-123.19165,45.524371],[-123.191768,45.524383],[-123.191843,45.524476],[-123.191828,45.524593],[-123.191447,45.525133],[-123.191437,45.525191],[-123.191569,45.525273],[-123.192031,45.52527],[-123.192171,45.525328],[-123.192122,45.525487],[-123.191924,45.525707],[-123.19188,45.52583],[-123.191924,45.525899],[-123.192136,45.526029],[-123.192242,45.526302],[-123.192597,45.526557],[-123.193098,45.52675],[-123.19345,45.52708],[-123.193765,45.527111],[-123.193825,45.527204],[-123.193857,45.527473],[-123.194244,45.527774],[-123.194273,45.527872],[-123.194258,45.528042],[-123.194298,45.528118],[-123.194801,45.528354],[-123.195125,45.528574],[-123.1956,45.528715],[-123.195849,45.529002],[-123.195802,45.529036],[-123.19432,45.528765],[-123.193962,45.528841],[-123.193702,45.528751],[-123.19355,45.528747],[-123.192926,45.528911],[-123.192051,45.528804],[-123.191798,45.528825],[-123.191692,45.528885],[-123.19165,45.528953],[-123.191716,45.529298],[-123.191762,45.529397],[-123.1921,45.52979],[-123.192127,45.529927],[-123.191833,45.529957],[-123.191593,45.530056],[-123.19121,45.53013],[-123.190589,45.530071],[-123.190463,45.530093],[-123.190391,45.530166],[-123.190363,45.530281],[-123.190445,45.53063],[-123.190175,45.530622],[-123.190067,45.530853],[-123.189942,45.530915],[-123.189716,45.53089],[-123.189391,45.530773],[-123.189016,45.530532],[-123.188324,45.530462],[-123.188225,45.530397],[-123.188092,45.530225],[-123.187921,45.53014],[-123.187636,45.53007],[-123.187449,45.530093],[-123.187346,45.530216],[-123.187387,45.53042],[-123.187663,45.530875],[-123.187896,45.531105],[-123.188157,45.531697],[-123.187953,45.531818],[-123.187936,45.531985],[-123.187883,45.532032],[-123.187186,45.53198],[-123.186307,45.532045],[-123.186156,45.5321],[-123.185861,45.532288],[-123.18579,45.532371],[-123.185807,45.532443],[-123.185983,45.532523],[-123.186775,45.532673],[-123.187016,45.53277],[-123.187114,45.532857],[-123.187381,45.533275],[-123.187601,45.533446],[-123.187646,45.53355],[-123.187637,45.53382],[-123.187721,45.534116],[-123.187707,45.534226],[-123.18757,45.53454],[-123.187588,45.534633],[-123.187642,45.534686],[-123.187859,45.534744],[-123.188038,45.534701],[-123.188272,45.534315],[-123.188375,45.534231],[-123.188491,45.5342],[-123.188578,45.534228],[-123.188748,45.534411],[-123.188909,45.534502],[-123.189125,45.534529],[-123.189528,45.534438],[-123.189795,45.534686],[-123.190133,45.534734],[-123.19023,45.534793],[-123.190272,45.534905],[-123.190191,45.535115],[-123.190194,45.535197],[-123.190262,45.535258],[-123.190531,45.535359],[-123.190583,45.53543],[-123.190461,45.5357],[-123.190246,45.535857],[-123.189662,45.53594],[-123.189461,45.536],[-123.189311,45.536079],[-123.189254,45.536192],[-123.189432,45.536631],[-123.189672,45.536878],[-123.189793,45.537125],[-123.189927,45.537221],[-123.190248,45.53735],[-123.190329,45.537424],[-123.190325,45.537524],[-123.190185,45.537758],[-123.190183,45.537825],[-123.190234,45.537894],[-123.190888,45.538061],[-123.191266,45.538111],[-123.191373,45.538187],[-123.191589,45.538436],[-123.191773,45.538533],[-123.19192,45.538521],[-123.192254,45.538371],[-123.192531,45.538401],[-123.19284,45.538376],[-123.193162,45.538598],[-123.193597,45.538781],[-123.194085,45.538862],[-123.194416,45.539026],[-123.194436,45.539084],[-123.194389,45.539165],[-123.193846,45.539403],[-123.193562,45.539593],[-123.193513,45.539714],[-123.193588,45.539788],[-123.194107,45.540014],[-123.194451,45.540092],[-123.194521,45.540141],[-123.194493,45.540367],[-123.194527,45.540478],[-123.194809,45.54068],[-123.19506,45.541033],[-123.195221,45.541663],[-123.195198,45.541797],[-123.195065,45.541999],[-123.195107,45.542076],[-123.195513,45.542199],[-123.196148,45.542143],[-123.196507,45.542264],[-123.196647,45.542565],[-123.196965,45.542749],[-123.197063,45.543],[-123.197265,45.54324],[-123.197469,45.543356],[-123.197839,45.543391],[-123.19812,45.543617],[-123.198269,45.543904],[-123.198372,45.543942],[-123.198523,45.543872],[-123.198881,45.543591],[-123.199084,45.543496],[-123.199417,45.543387],[-123.199772,45.543339],[-123.200803,45.543083],[-123.200938,45.543105],[-123.201216,45.543317],[-123.201601,45.543396],[-123.2021,45.543674],[-123.20225,45.543537],[-123.202408,45.543312],[-123.20269,45.54312],[-123.202861,45.542836],[-123.20342,45.5429],[-123.203629,45.542832],[-123.203881,45.542501],[-123.203942,45.542361],[-123.203975,45.542118],[-123.204007,45.542102],[-123.204423,45.542483],[-123.204616,45.542719],[-123.204586,45.542822],[-123.204349,45.543011],[-123.20433,45.543343],[-123.204897,45.543551],[-123.205062,45.543557],[-123.20534,45.543489],[-123.205396,45.543512],[-123.205412,45.543579],[-123.20536,45.543757],[-123.20525,45.543861],[-123.204777,45.54406],[-123.204562,45.544221],[-123.204217,45.544248],[-123.204005,45.54435],[-123.203954,45.544463],[-123.204055,45.544677],[-123.204275,45.544984],[-123.204686,45.545437],[-123.205053,45.545692],[-123.205638,45.545934],[-123.20594,45.546252],[-123.206339,45.54647],[-123.206659,45.546696],[-123.206669,45.546791],[-123.206491,45.546923],[-123.206472,45.546997],[-123.206809,45.547272],[-123.206834,45.547329],[-123.206815,45.547552],[-123.207115,45.547878],[-123.207329,45.547975],[-123.207898,45.548005],[-123.208008,45.548109],[-123.208055,45.548334],[-123.208106,45.548387],[-123.208453,45.548414],[-123.208584,45.548455],[-123.20877,45.548595],[-123.209273,45.548875],[-123.209652,45.549155],[-123.210062,45.549269],[-123.210382,45.549474],[-123.210752,45.5495],[-123.211141,45.549651],[-123.211372,45.549878],[-123.211554,45.549972],[-123.212255,45.550075],[-123.212372,45.550207],[-123.212369,45.550316],[-123.212284,45.550516],[-123.21234,45.550625],[-123.212775,45.550866],[-123.212953,45.550929],[-123.21323,45.55095],[-123.213524,45.550865],[-123.21364,45.550886],[-123.213673,45.550944],[-123.213589,45.551139],[-123.213609,45.551252],[-123.213709,45.551337],[-123.213983,45.551433],[-123.214043,45.551672],[-123.214182,45.551832],[-123.214644,45.552062],[-123.21499,45.552063],[-123.215322,45.552234],[-123.21574,45.552339],[-123.215741,45.552432],[-123.215474,45.552577],[-123.215343,45.552748],[-123.215328,45.552857],[-123.215402,45.553124],[-123.215566,45.553298],[-123.216162,45.553551],[-123.216289,45.553637],[-123.216428,45.55387],[-123.216504,45.554265],[-123.216444,45.554323],[-123.215459,45.554657],[-123.215351,45.55474],[-123.215323,45.554859],[-123.215448,45.554947],[-123.215989,45.554959],[-123.216223,45.555008],[-123.2163,45.555089],[-123.216289,45.555251],[-123.216144,45.55532],[-123.215572,45.555332],[-123.215351,45.555426],[-123.215319,45.555495],[-123.215341,45.555593],[-123.215551,45.555888],[-123.215552,45.55613],[-123.215388,45.556456],[-123.21521,45.556624],[-123.214814,45.556736],[-123.213976,45.556556],[-123.213887,45.556577],[-123.213868,45.556652],[-123.213938,45.556805],[-123.214048,45.556925],[-123.214549,45.557332],[-123.214977,45.557544],[-123.215356,45.557935],[-123.215555,45.55802],[-123.216092,45.558111],[-123.216201,45.558165],[-123.216241,45.558242],[-123.216181,45.558524],[-123.216211,45.558668],[-123.216344,45.558782],[-123.216759,45.558927],[-123.216946,45.55914],[-123.217029,45.559359],[-123.216967,45.559665],[-123.217178,45.559907],[-123.217266,45.560172],[-123.217348,45.56026],[-123.217511,45.560259],[-123.217914,45.560068],[-123.218147,45.560066],[-123.218235,45.560111],[-123.218331,45.560236],[-123.218356,45.560378],[-123.21826,45.560515],[-123.218301,45.560565],[-123.218375,45.560576],[-123.218719,45.560466],[-123.218984,45.560306],[-123.219774,45.560154],[-123.219825,45.560102],[-123.219845,45.559969],[-123.219916,45.559908],[-123.220225,45.55984],[-123.220426,45.559853],[-123.220734,45.560026],[-123.221433,45.560639],[-123.221543,45.560967],[-123.221487,45.561465],[-123.221578,45.561542],[-123.221756,45.561596],[-123.221991,45.561546],[-123.222076,45.561458],[-123.222254,45.561133],[-123.222615,45.560984],[-123.222682,45.560913],[-123.222297,45.56043],[-123.222279,45.560264],[-123.222336,45.559909],[-123.222217,45.559764],[-123.221877,45.559622],[-123.221683,45.559582],[-123.221161,45.559726],[-123.220843,45.559726],[-123.22052,45.559636],[-123.220353,45.559485],[-123.220251,45.559229],[-123.220326,45.558999],[-123.220312,45.558674],[-123.220451,45.558486],[-123.220703,45.558384],[-123.220749,45.558274],[-123.220737,45.558157],[-123.220655,45.558034],[-123.220358,45.557804],[-123.22035,45.557707],[-123.220421,45.55742],[-123.220229,45.557008],[-123.220062,45.556832],[-123.219589,45.556613],[-123.219462,45.556509],[-123.219369,45.556329],[-123.219472,45.556147],[-123.21947,45.556057],[-123.219221,45.555819],[-123.219138,45.555692],[-123.219152,45.555572],[-123.219369,45.555202],[-123.219618,45.554989],[-123.219744,45.55478],[-123.219927,45.554744],[-123.220506,45.554815],[-123.220651,45.55476],[-123.220731,45.554621],[-123.220687,45.55422],[-123.220824,45.553837],[-123.220713,45.553385],[-123.220771,45.553096],[-123.220747,45.552901],[-123.22101,45.55218],[-123.221028,45.551843],[-123.220868,45.551473],[-123.220561,45.551072],[-123.219856,45.550487],[-123.219819,45.550429],[-123.219841,45.55041],[-123.220574,45.55069],[-123.220897,45.550891],[-123.221292,45.551001],[-123.221594,45.551286],[-123.221808,45.551424],[-123.222012,45.551456],[-123.222216,45.551543],[-123.222491,45.551526],[-123.222497,45.551702],[-123.222593,45.552048],[-123.222506,45.55246],[-123.222573,45.552673],[-123.222747,45.552795],[-123.223116,45.55285],[-123.223156,45.5529],[-123.223161,45.553054],[-123.223213,45.553084],[-123.223402,45.553087],[-123.223929,45.552999],[-123.224045,45.553015],[-123.224055,45.553064],[-123.22393,45.553339],[-123.223903,45.553666],[-123.223988,45.553735],[-123.224325,45.553768],[-123.224448,45.553849],[-123.224526,45.553988],[-123.224421,45.554162],[-123.224423,45.554252],[-123.224786,45.554716],[-123.2249,45.554807],[-123.225083,45.554834],[-123.225411,45.554736],[-123.225749,45.554769],[-123.226308,45.554579],[-123.226591,45.554526],[-123.226906,45.554668],[-123.227319,45.554662],[-123.227378,45.554735],[-123.22739,45.554986],[-123.227209,45.55524],[-123.227529,45.555469],[-123.227506,45.555814],[-123.227561,45.555912],[-123.227651,45.555931],[-123.227795,45.555883],[-123.228066,45.555709],[-123.228365,45.555304],[-123.228399,45.555199],[-123.228311,45.554974],[-123.228341,45.554899],[-123.228538,45.554862],[-123.228901,45.554956],[-123.229031,45.554954],[-123.229105,45.554907],[-123.229226,45.554719],[-123.229482,45.554763],[-123.22974,45.554571],[-123.22981,45.554555],[-123.229891,45.554623],[-123.230048,45.554891],[-123.230394,45.554978],[-123.230425,45.555401],[-123.230474,45.555499],[-123.230559,45.555555],[-123.230661,45.555555],[-123.230946,45.555464],[-123.231512,45.555431],[-123.231762,45.555349],[-123.232055,45.555189],[-123.232194,45.555198],[-123.232396,45.555418],[-123.232475,45.555598],[-123.232675,45.555831],[-123.232703,45.556078],[-123.232553,45.556377],[-123.232602,45.556435],[-123.23273,45.55645],[-123.233041,45.556366],[-123.233789,45.556323],[-123.234007,45.55623],[-123.234414,45.555762],[-123.234888,45.555452],[-123.235079,45.555152],[-123.235088,45.554868],[-123.235143,45.554747],[-123.235552,45.554377],[-123.23576,45.554349],[-123.236064,45.55448],[-123.236253,45.554494],[-123.23675,45.554254],[-123.237146,45.554193],[-123.237275,45.554111],[-123.237307,45.553999],[-123.237273,45.553871],[-123.236957,45.553413],[-123.236792,45.553055],[-123.236642,45.552934],[-123.236344,45.552836],[-123.236255,45.552749],[-123.236255,45.552634],[-123.236345,45.552501],[-123.236317,45.552298],[-123.236614,45.552336],[-123.236636,45.552283],[-123.236585,45.552047],[-123.236656,45.551865],[-123.23673,45.551818],[-123.237054,45.551768],[-123.237626,45.551284],[-123.237607,45.551177],[-123.237241,45.550819],[-123.237254,45.550755],[-123.237925,45.550768],[-123.238062,45.550706],[-123.238168,45.55057],[-123.238267,45.55007],[-123.238293,45.549737],[-123.238603,45.549451],[-123.238661,45.549301],[-123.238581,45.548978],[-123.238515,45.548864],[-123.238123,45.548585],[-123.238129,45.548314],[-123.238276,45.548282],[-123.238562,45.548385],[-123.238743,45.548405],[-123.238994,45.548268],[-123.23947,45.548409],[-123.239801,45.548423],[-123.239932,45.548592],[-123.240352,45.548832],[-123.240551,45.549048],[-123.24069,45.54914],[-123.240963,45.549185],[-123.2413,45.549099],[-123.241379,45.549118],[-123.241389,45.549239],[-123.241297,45.549477],[-123.241317,45.549671],[-123.241288,45.549839],[-123.24147,45.549997],[-123.241666,45.550096],[-123.241649,45.550288],[-123.241691,45.550399],[-123.24196,45.550525],[-123.242159,45.5507],[-123.242303,45.550727],[-123.242511,45.550658],[-123.242621,45.550657],[-123.242889,45.55092],[-123.243159,45.551061],[-123.243312,45.551292],[-123.243499,45.55139],[-123.244125,45.551452],[-123.244746,45.551415],[-123.245009,45.551479],[-123.244703,45.551648],[-123.244074,45.551911],[-123.243439,45.552083],[-123.243107,45.552245],[-123.242616,45.552424],[-123.242522,45.552501],[-123.24253,45.552598],[-123.242671,45.552672],[-123.243212,45.55269],[-123.243479,45.552841],[-123.243788,45.552907],[-123.243837,45.552954],[-123.243858,45.55312],[-123.243929,45.553201],[-123.244262,45.553332],[-123.244637,45.553584],[-123.244847,45.553778],[-123.245168,45.553808],[-123.245285,45.553855],[-123.245557,45.554071],[-123.24558,45.554371],[-123.245672,45.554499],[-123.245945,45.554605],[-123.246424,45.554664],[-123.246529,45.554727],[-123.246609,45.554937],[-123.246578,45.555245],[-123.246667,45.555346],[-123.24702,45.555402],[-123.247394,45.555249],[-123.247665,45.555413],[-123.247987,45.555435],[-123.248364,45.555523],[-123.248383,45.555583],[-123.248297,45.555686],[-123.247859,45.555928],[-123.247669,45.556341],[-123.247448,45.55653],[-123.247467,45.556596],[-123.24779,45.556784],[-123.248127,45.556874],[-123.248324,45.556871],[-123.248813,45.556772],[-123.249352,45.556823],[-123.249429,45.556874],[-123.249566,45.55726],[-123.249677,45.557414],[-123.250026,45.557563],[-123.250269,45.557718],[-123.25084,45.557789],[-123.250963,45.557925],[-123.251029,45.558263],[-123.251166,45.558464],[-123.251542,45.558644],[-123.251702,45.558969],[-123.251997,45.559089],[-123.252143,45.55927],[-123.25216,45.559403],[-123.252248,45.559504],[-123.252574,45.559711],[-123.252708,45.559854],[-123.252739,45.559929],[-123.252773,45.560501],[-123.252909,45.560678],[-123.253035,45.561122],[-123.253114,45.561267],[-123.253422,45.561367],[-123.253569,45.561345],[-123.253759,45.561199],[-123.253917,45.561133],[-123.254323,45.561086],[-123.254627,45.560988],[-123.255073,45.561081],[-123.255608,45.560947],[-123.255885,45.560992],[-123.256232,45.560941],[-123.256421,45.560975],[-123.256566,45.561044],[-123.256892,45.560917],[-123.257203,45.560891],[-123.257406,45.560772],[-123.257547,45.560544],[-123.257524,45.560312],[-123.257554,45.560159],[-123.257921,45.559993],[-123.258202,45.559988],[-123.258576,45.559832],[-123.258792,45.559697],[-123.258886,45.559529],[-123.258996,45.559438],[-123.259065,45.559424],[-123.259135,45.559329],[-123.259609,45.559067],[-123.259951,45.558954],[-123.260002,45.558896],[-123.260068,45.558759],[-123.260015,45.558277],[-123.260079,45.557917],[-123.260053,45.557679],[-123.26029,45.557463],[-123.261042,45.557465],[-123.261346,45.557381],[-123.261944,45.557141],[-123.261983,45.55691],[-123.261861,45.556685],[-123.261916,45.556433],[-123.262458,45.556201],[-123.2627,45.55596],[-123.262749,45.555736],[-123.262749,45.555546],[-123.262846,45.55542],[-123.263301,45.555215],[-123.263657,45.555273],[-123.26421,45.55518],[-123.264751,45.554864],[-123.265167,45.554702],[-123.265331,45.554551],[-123.265541,45.554194],[-123.265891,45.553859],[-123.266085,45.553562],[-123.266382,45.553607],[-123.266629,45.553789],[-123.266986,45.554156],[-123.266928,45.554442],[-123.266704,45.554592],[-123.266627,45.554915],[-123.266529,45.555136],[-123.266551,45.555269],[-123.266792,45.555615],[-123.266724,45.555875],[-123.266929,45.556059],[-123.266986,45.556718],[-123.266734,45.556971],[-123.266476,45.557094],[-123.266324,45.557123],[-123.266271,45.557198],[-123.26607,45.557244],[-123.265871,45.557616],[-123.265896,45.557689],[-123.265644,45.557977],[-123.265391,45.558181],[-123.265108,45.558515],[-123.264992,45.558795],[-123.26521,45.559024],[-123.265647,45.559245],[-123.265935,45.55951],[-123.266351,45.559654],[-123.266375,45.559956],[-123.266027,45.560083],[-123.265431,45.559991],[-123.264573,45.560122],[-123.263995,45.559998],[-123.263583,45.560015],[-123.263525,45.560039],[-123.263282,45.560338],[-123.263058,45.560523],[-123.262562,45.560819],[-123.262063,45.561061],[-123.261922,45.561424],[-123.261728,45.561601],[-123.261759,45.561863],[-123.262213,45.562037],[-123.262343,45.56212],[-123.26249,45.562441],[-123.262421,45.562914],[-123.26231,45.563135],[-123.262438,45.563516],[-123.262742,45.5638],[-123.262743,45.564109],[-123.26231,45.564278],[-123.261937,45.56452],[-123.261559,45.564942],[-123.260966,45.565128],[-123.260819,45.565383],[-123.260748,45.565597],[-123.260275,45.565905],[-123.260229,45.566234],[-123.260398,45.566449],[-123.26045,45.566573],[-123.261026,45.566906],[-123.261553,45.56713],[-123.261915,45.567209],[-123.262343,45.567462],[-123.2625,45.567512],[-123.262828,45.567415],[-123.26309,45.567424],[-123.263475,45.567598],[-123.263821,45.567846],[-123.263998,45.567889],[-123.264555,45.567855],[-123.264882,45.567726],[-123.265164,45.567779],[-123.265403,45.567884],[-123.265514,45.567889],[-123.265769,45.56772],[-123.26631,45.56764],[-123.266386,45.567663],[-123.266564,45.567915],[-123.266721,45.568029],[-123.267174,45.568238],[-123.267515,45.568184],[-123.268008,45.568228],[-123.268458,45.568175],[-123.26902,45.568516],[-123.269205,45.568591],[-123.269362,45.568852],[-123.269003,45.569336],[-123.268303,45.569669],[-123.267883,45.569985],[-123.267816,45.570212],[-123.267993,45.570596],[-123.267931,45.570709],[-123.267667,45.570943],[-123.26752,45.571124],[-123.266982,45.571464],[-123.266922,45.57155],[-123.267006,45.571831],[-123.267937,45.571945],[-123.26894,45.571882],[-123.269418,45.571906],[-123.269969,45.571674],[-123.270135,45.571675],[-123.270405,45.571765],[-123.270631,45.571766],[-123.270731,45.57172],[-123.270956,45.57149],[-123.271137,45.571429],[-123.27196,45.571453],[-123.272104,45.57151],[-123.272241,45.571678],[-123.272182,45.571833],[-123.272203,45.571935],[-123.272505,45.572307],[-123.272488,45.572461],[-123.272386,45.572575],[-123.272464,45.572835],[-123.272828,45.572886],[-123.273298,45.572874],[-123.273793,45.572701],[-123.273963,45.572918],[-123.273891,45.57312],[-123.273792,45.573256],[-123.273325,45.573574],[-123.273386,45.573799],[-123.273847,45.574042],[-123.274245,45.574129],[-123.274493,45.574234],[-123.274696,45.574243],[-123.275097,45.574181],[-123.275302,45.574229],[-123.275387,45.574324],[-123.275477,45.574691],[-123.275551,45.574792],[-123.275728,45.574867],[-123.275894,45.574992],[-123.275955,45.575084],[-123.276089,45.575135],[-123.276218,45.575163],[-123.276736,45.575145],[-123.276843,45.575298],[-123.276911,45.575486],[-123.277129,45.575609],[-123.277679,45.575763],[-123.278467,45.575865],[-123.2789,45.575823],[-123.279419,45.575676],[-123.280028,45.575379],[-123.280348,45.575264],[-123.280499,45.575195],[-123.28066,45.575032],[-123.280797,45.574967],[-123.281118,45.57497],[-123.281399,45.574871],[-123.281881,45.574616],[-123.282003,45.574478],[-123.282593,45.574098],[-123.282869,45.574005],[-123.283235,45.574271],[-123.282813,45.57478],[-123.28264,45.57514],[-123.282417,45.575237],[-123.282117,45.575451],[-123.281912,45.575802],[-123.282011,45.576202],[-123.282205,45.576384],[-123.282439,45.576488],[-123.282647,45.576655],[-123.28282,45.576721],[-123.282905,45.576821],[-123.283142,45.576966],[-123.283047,45.577223],[-123.282667,45.577286],[-123.282514,45.577388],[-123.282229,45.577858],[-123.282181,45.578092],[-123.282088,45.578172],[-123.281994,45.57847],[-123.281623,45.578518],[-123.281386,45.578327],[-123.28122,45.578121],[-123.281038,45.577992],[-123.280162,45.577815],[-123.27975,45.577509],[-123.279241,45.577378],[-123.278725,45.577198],[-123.278511,45.577199],[-123.278189,45.577304],[-123.278095,45.577291],[-123.277892,45.577126],[-123.277772,45.577083],[-123.277232,45.577105],[-123.276995,45.577191],[-123.276364,45.577549],[-123.276005,45.57759],[-123.275945,45.577579],[-123.275835,45.577448],[-123.275781,45.577271],[-123.275643,45.577109],[-123.275395,45.577051],[-123.274716,45.576755],[-123.274542,45.576729],[-123.2744,45.576754],[-123.273958,45.576987],[-123.273693,45.577052],[-123.273606,45.577035],[-123.273524,45.576917],[-123.273254,45.576142],[-123.272851,45.576003],[-123.272474,45.575708],[-123.272076,45.57574],[-123.271905,45.575709],[-123.271603,45.575457],[-123.270722,45.575186],[-123.270232,45.574887],[-123.2701,45.574911],[-123.269909,45.575101],[-123.269575,45.575344],[-123.269314,45.575271],[-123.269092,45.575037],[-123.268974,45.574965],[-123.268842,45.574959],[-123.268491,45.575089],[-123.268256,45.575062],[-123.267656,45.574672],[-123.267236,45.57448],[-123.267031,45.574495],[-123.266653,45.574736],[-123.266443,45.574715],[-123.266352,45.574599],[-123.266157,45.57452],[-123.265293,45.574435],[-123.265102,45.574546],[-123.264989,45.574704],[-123.264796,45.574867],[-123.264609,45.575283],[-123.264424,45.575401],[-123.263993,45.575352],[-123.263577,45.575138],[-123.263143,45.575107],[-123.262825,45.575377],[-123.262769,45.575521],[-123.262377,45.576128],[-123.262028,45.576396],[-123.261665,45.576372],[-123.261355,45.576174],[-123.260887,45.576154],[-123.260469,45.576388],[-123.260014,45.576513],[-123.259873,45.576506],[-123.259508,45.576882],[-123.259778,45.57721],[-123.259836,45.577353],[-123.259895,45.577801],[-123.259873,45.577996],[-123.25975,45.578221],[-123.259613,45.578322],[-123.259406,45.578557],[-123.259345,45.578832],[-123.259404,45.579254],[-123.259485,45.579349],[-123.259678,45.579443],[-123.260175,45.579504],[-123.261066,45.579301],[-123.261247,45.579291],[-123.261499,45.57951],[-123.261405,45.580199],[-123.26134,45.580411],[-123.261168,45.580753],[-123.261166,45.580855],[-123.261212,45.580963],[-123.261497,45.581179],[-123.26204,45.581345],[-123.262196,45.581324],[-123.262375,45.581375],[-123.262711,45.582022],[-123.262986,45.582178],[-123.263351,45.582249],[-123.26394,45.582263],[-123.264126,45.582235],[-123.264446,45.582141],[-123.265094,45.581818],[-123.265611,45.58162],[-123.265988,45.581745],[-123.266072,45.581743],[-123.266204,45.581675],[-123.266594,45.581575],[-123.266841,45.581771],[-123.266788,45.582125],[-123.266728,45.582212],[-123.266713,45.582684],[-123.266391,45.583054],[-123.266501,45.583296],[-123.266697,45.583445],[-123.266736,45.583557],[-123.266531,45.58419],[-123.266488,45.584462],[-123.266719,45.584711],[-123.267144,45.584733],[-123.267694,45.584367],[-123.267794,45.584255],[-123.267887,45.584044],[-123.267852,45.58375],[-123.267927,45.583594],[-123.268352,45.583323],[-123.26859,45.58312],[-123.269044,45.582911],[-123.26923,45.5827],[-123.269357,45.582659],[-123.269756,45.58272],[-123.270186,45.582475],[-123.27091,45.582356],[-123.271024,45.582356],[-123.27123,45.58258],[-123.271176,45.58267],[-123.271109,45.583015],[-123.270916,45.583388],[-123.270799,45.58353],[-123.270808,45.58415],[-123.270743,45.584338],[-123.270813,45.584609],[-123.270751,45.584884],[-123.270754,45.585047],[-123.270965,45.585199],[-123.271895,45.58499],[-123.272495,45.584759],[-123.273075,45.584611],[-123.2734,45.584423],[-123.27377,45.584051],[-123.274049,45.583914],[-123.274385,45.583811],[-123.274858,45.583706],[-123.275649,45.583695],[-123.275798,45.583624],[-123.275944,45.583496],[-123.27614,45.583417],[-123.276533,45.583425],[-123.276751,45.583517],[-123.27719,45.583621],[-123.277343,45.583565],[-123.27755,45.583385],[-123.277924,45.583368],[-123.27798,45.583566],[-123.277921,45.583766],[-123.27792,45.584062],[-123.278047,45.584204],[-123.278567,45.584367],[-123.278589,45.584659],[-123.278182,45.584924],[-123.27748,45.585161],[-123.277318,45.585625],[-123.277011,45.586008],[-123.276808,45.586153],[-123.27674,45.586436],[-123.276925,45.586539],[-123.27711,45.586583],[-123.277891,45.586608],[-123.278403,45.586548],[-123.278699,45.586588],[-123.278846,45.586657],[-123.279029,45.586892],[-123.279234,45.586979],[-123.279417,45.587108],[-123.279625,45.587154],[-123.280011,45.587316],[-123.280099,45.587453],[-123.279905,45.58768],[-123.279773,45.587683],[-123.27935,45.587833],[-123.27891,45.587905],[-123.27861,45.588065],[-123.278402,45.588072],[-123.278335,45.588108],[-123.277875,45.587985],[-123.277614,45.587985],[-123.277329,45.588037],[-123.27691,45.588227],[-123.276485,45.588336],[-123.276232,45.588298],[-123.2757,45.588134],[-123.275178,45.588125],[-123.274913,45.588183],[-123.274646,45.588445],[-123.274507,45.588744],[-123.274549,45.588814],[-123.274842,45.588956],[-123.275009,45.589095],[-123.275107,45.589237],[-123.275257,45.589781],[-123.275568,45.589992],[-123.275555,45.59021],[-123.275191,45.590657],[-123.275146,45.590932],[-123.275108,45.590987],[-123.275266,45.591331],[-123.275327,45.591395],[-123.275415,45.591721],[-123.275406,45.592006],[-123.275318,45.592312],[-123.27516,45.592505],[-123.275161,45.592635],[-123.275358,45.593203],[-123.275615,45.593347],[-123.275786,45.593401],[-123.276519,45.593306],[-123.276683,45.593317],[-123.276824,45.59348],[-123.276862,45.593631],[-123.277085,45.593843],[-123.277243,45.594084],[-123.277522,45.594268],[-123.277633,45.594428],[-123.277636,45.594803],[-123.277734,45.594859],[-123.27779,45.594966],[-123.277965,45.595053],[-123.278353,45.595034],[-123.278721,45.595171],[-123.279583,45.595214],[-123.279813,45.595179],[-123.28015,45.595068],[-123.280325,45.595103],[-123.280608,45.595293],[-123.280749,45.595327],[-123.280894,45.59531],[-123.28136,45.595152],[-123.28167,45.595318],[-123.282401,45.595235],[-123.28269,45.595348],[-123.282934,45.595699],[-123.283346,45.595865],[-123.283647,45.595914],[-123.283861,45.595898],[-123.284399,45.595745],[-123.285005,45.595698],[-123.285855,45.595394],[-123.286256,45.595342],[-123.286358,45.595654],[-123.286167,45.59579],[-123.28568,45.596257],[-123.285305,45.5965],[-123.28521,45.596528],[-123.285173,45.596761],[-123.285318,45.597022],[-123.285163,45.597236],[-123.284781,45.597173],[-123.284403,45.597059],[-123.284139,45.59704],[-123.28402,45.597078],[-123.283845,45.597224],[-123.283659,45.597284],[-123.283316,45.59708],[-123.283157,45.597057],[-123.283007,45.597105],[-123.282669,45.597341],[-123.282559,45.597352],[-123.282356,45.597256],[-123.282135,45.597021],[-123.282036,45.596968],[-123.281888,45.596972],[-123.281569,45.597157],[-123.281446,45.597191],[-123.28094,45.596975],[-123.280719,45.596941],[-123.28036,45.597037],[-123.280279,45.597098],[-123.280175,45.597264],[-123.280014,45.59735],[-123.279627,45.597325],[-123.279223,45.597455],[-123.279046,45.597402],[-123.278708,45.597214],[-123.278508,45.597175],[-123.278018,45.59721],[-123.277586,45.59732],[-123.277346,45.597282],[-123.277046,45.597166],[-123.276632,45.597103],[-123.276194,45.597167],[-123.275938,45.597115],[-123.275766,45.59723],[-123.275701,45.597492],[-123.275596,45.597608],[-123.275271,45.597665],[-123.27486,45.597834],[-123.274648,45.597813],[-123.274375,45.597723],[-123.274031,45.597766],[-123.273647,45.598152],[-123.273672,45.598283],[-123.273984,45.598471],[-123.274164,45.598496],[-123.274586,45.598679],[-123.275136,45.598641],[-123.275601,45.598676],[-123.275958,45.599299],[-123.276449,45.599334],[-123.276775,45.599424],[-123.277001,45.599415],[-123.277156,45.599455],[-123.277425,45.599682],[-123.277626,45.599923],[-123.277863,45.60008],[-123.278535,45.600204],[-123.278774,45.600179],[-123.279052,45.600084],[-123.279619,45.600071],[-123.280268,45.600124],[-123.280791,45.600247],[-123.281261,45.60013],[-123.282004,45.600155],[-123.282124,45.600451],[-123.282022,45.600552],[-123.282015,45.600824],[-123.282286,45.600985],[-123.282295,45.60134],[-123.282242,45.601353],[-123.28149,45.601266],[-123.281136,45.601141],[-123.280771,45.601079],[-123.28007,45.601077],[-123.279907,45.601111],[-123.279745,45.601197],[-123.279655,45.601462],[-123.279465,45.601659],[-123.27897,45.601457],[-123.278745,45.601438],[-123.278308,45.601576],[-123.277894,45.601607],[-123.277729,45.601722],[-123.277588,45.601895],[-123.277394,45.601954],[-123.277135,45.601949],[-123.276761,45.601781],[-123.27643,45.601679],[-123.275883,45.601645],[-123.275453,45.601705],[-123.275287,45.601901],[-123.275307,45.602445],[-123.275401,45.60268],[-123.275664,45.602904],[-123.275837,45.60314],[-123.275949,45.603229],[-123.276138,45.603326],[-123.276563,45.603466],[-123.276645,45.603674],[-123.27669,45.60432],[-123.276885,45.604494],[-123.277208,45.604595],[-123.277458,45.604632],[-123.278015,45.604474],[-123.27834,45.60454],[-123.278621,45.604549],[-123.27889,45.604494],[-123.279031,45.604427],[-123.279176,45.604303],[-123.279265,45.604284],[-123.279841,45.604605],[-123.279759,45.604857],[-123.279473,45.604971],[-123.279219,45.605178],[-123.278954,45.605247],[-123.278697,45.605414],[-123.278355,45.605494],[-123.2779,45.605863],[-123.277365,45.605916],[-123.277193,45.606155],[-123.277233,45.60643],[-123.277392,45.606725],[-123.277436,45.606983],[-123.277541,45.607169],[-123.277895,45.607601],[-123.278127,45.607809],[-123.278388,45.607917],[-123.278914,45.607981],[-123.278837,45.608255],[-123.278251,45.608385],[-123.277453,45.608352],[-123.277247,45.60829],[-123.276865,45.608081],[-123.276583,45.607985],[-123.276165,45.60797],[-123.275904,45.608504],[-123.275992,45.608763],[-123.276001,45.609117],[-123.27623,45.609258],[-123.276336,45.609384],[-123.276441,45.609831],[-123.276581,45.609965],[-123.276691,45.610236],[-123.276702,45.610527],[-123.276981,45.610855],[-123.277211,45.611019],[-123.277261,45.611094],[-123.277391,45.6115],[-123.277584,45.611763],[-123.277672,45.612028],[-123.277242,45.612311],[-123.277008,45.612106],[-123.27656,45.611956],[-123.276281,45.611769],[-123.275781,45.611764],[-123.275582,45.611575],[-123.275177,45.611395],[-123.274899,45.611313],[-123.274394,45.610949],[-123.274038,45.610865],[-123.273641,45.610892],[-123.273405,45.610842],[-123.273209,45.610672],[-123.27306,45.610406],[-123.272888,45.610225],[-123.272474,45.61001],[-123.272287,45.609836],[-123.271485,45.609511],[-123.271004,45.609456],[-123.270678,45.609252],[-123.269942,45.609645],[-123.269593,45.609944],[-123.269303,45.610273],[-123.268898,45.610556],[-123.268449,45.610746],[-123.268177,45.611031],[-123.267758,45.611251],[-123.267604,45.611402],[-123.267473,45.611967],[-123.267189,45.612335],[-123.267077,45.612384],[-123.266762,45.612726],[-123.266578,45.612999],[-123.266461,45.613611],[-123.266498,45.613848],[-123.266322,45.614274],[-123.265743,45.614538],[-123.265542,45.615058],[-123.265953,45.615327],[-123.266165,45.615384],[-123.266534,45.615392],[-123.266732,45.615438],[-123.266978,45.615563],[-123.267612,45.615773],[-123.268056,45.61596],[-123.268182,45.616144],[-123.268235,45.616172],[-123.268683,45.616299],[-123.268856,45.61666],[-123.268342,45.617241],[-123.268011,45.617303],[-123.267819,45.61743],[-123.267285,45.617588],[-123.267003,45.617764],[-123.266828,45.617932],[-123.266565,45.618022],[-123.266273,45.618279],[-123.266249,45.618355],[-123.266474,45.61883],[-123.266695,45.618987],[-123.267322,45.619244],[-123.268455,45.619501],[-123.268626,45.619627],[-123.268771,45.619869],[-123.268806,45.619984],[-123.2688,45.620188],[-123.269026,45.620526],[-123.269123,45.620586],[-123.269398,45.620632],[-123.269472,45.620603],[-123.269635,45.620415],[-123.269748,45.620406],[-123.270038,45.620283],[-123.270306,45.620264],[-123.27077,45.620165],[-123.271231,45.619992],[-123.272068,45.619841],[-123.272124,45.619807],[-123.272321,45.619406],[-123.272881,45.619045],[-123.273193,45.619051],[-123.273725,45.619301],[-123.273895,45.61928],[-123.274142,45.619174],[-123.274361,45.619147],[-123.274459,45.61917],[-123.274637,45.61937],[-123.274797,45.619447],[-123.275181,45.619454],[-123.275449,45.619406],[-123.275945,45.619461],[-123.276603,45.619334],[-123.276915,45.619158],[-123.277089,45.61915],[-123.277176,45.618691],[-123.277077,45.618568],[-123.27697,45.618302],[-123.27677,45.618042],[-123.276728,45.617831],[-123.276924,45.61768],[-123.277866,45.617797],[-123.27822,45.617762],[-123.278385,45.617649],[-123.278537,45.617209],[-123.278973,45.617291],[-123.279245,45.617209],[-123.279294,45.61714],[-123.279528,45.617069],[-123.280871,45.617475],[-123.28128,45.618259],[-123.281407,45.61833],[-123.281694,45.618384],[-123.281908,45.61852],[-123.281919,45.618706],[-123.282053,45.618924],[-123.283015,45.619233],[-123.283046,45.619488],[-123.282959,45.619567],[-123.28294,45.619962],[-123.283062,45.62008],[-123.283112,45.620194],[-123.283083,45.620577],[-123.283145,45.62071],[-123.283435,45.620894],[-123.283531,45.621073],[-123.283584,45.6213],[-123.283948,45.621747],[-123.284085,45.621969],[-123.284322,45.622208],[-123.284552,45.622336],[-123.284718,45.622356],[-123.28492,45.622323],[-123.285317,45.62217],[-123.285972,45.622195],[-123.286212,45.622243],[-123.286264,45.622484],[-123.286006,45.622754],[-123.285883,45.62282],[-123.285724,45.62302],[-123.285623,45.623294],[-123.285505,45.623454],[-123.285444,45.623721],[-123.285576,45.624059],[-123.285654,45.624171],[-123.285743,45.624226],[-123.286134,45.624306],[-123.286916,45.624236],[-123.287006,45.624517],[-123.286683,45.624802],[-123.286431,45.6251],[-123.286439,45.625342],[-123.286596,45.625503],[-123.287179,45.625808],[-123.287195,45.626033],[-123.28695,45.626252],[-123.287015,45.626557],[-123.287362,45.626707],[-123.287539,45.626841],[-123.287548,45.627252],[-123.287487,45.627452],[-123.287542,45.627702],[-123.28774,45.6279],[-123.287932,45.628327],[-123.287869,45.628659],[-123.287875,45.629218],[-123.287953,45.629534],[-123.288083,45.62984],[-123.288158,45.630406],[-123.288139,45.630828],[-123.288247,45.631393],[-123.287537,45.63172],[-123.28742,45.631562],[-123.287119,45.631302],[-123.286874,45.630849],[-123.286373,45.630176],[-123.286058,45.629839],[-123.285911,45.629726],[-123.285688,45.629642],[-123.285565,45.629553],[-123.285335,45.629293],[-123.285201,45.629068],[-123.285122,45.629001],[-123.284844,45.628882],[-123.284684,45.628696],[-123.28445,45.628533],[-123.284136,45.628109],[-123.283854,45.627938],[-123.28362,45.627727],[-123.283155,45.627498],[-123.282664,45.627139],[-123.282285,45.627023],[-123.282101,45.626898],[-123.282032,45.62689],[-123.28196,45.626899],[-123.281377,45.627237],[-123.281368,45.627272],[-123.281461,45.627613],[-123.281655,45.627735],[-123.281759,45.627866],[-123.281926,45.627983],[-123.282496,45.628341],[-123.282909,45.628723],[-123.282991,45.629078],[-123.28292,45.629289],[-123.282941,45.629789],[-123.283018,45.630052],[-123.283178,45.630219],[-123.283289,45.630305],[-123.283451,45.630355],[-123.284033,45.630318],[-123.284331,45.630253],[-123.284537,45.630336],[-123.284831,45.630764],[-123.284942,45.630788],[-123.285001,45.6309],[-123.285422,45.631146],[-123.28555,45.631342],[-123.285549,45.631529],[-123.285813,45.631982],[-123.286066,45.632134],[-123.286462,45.63261],[-123.287014,45.6327],[-123.287134,45.632906],[-123.287131,45.633009],[-123.28696,45.633539],[-123.287127,45.633873],[-123.287527,45.634334],[-123.287579,45.634768],[-123.287476,45.634883],[-123.287324,45.635184],[-123.28713,45.635403],[-123.28677,45.635572],[-123.286535,45.635607],[-123.286296,45.635707],[-123.285767,45.635657],[-123.285383,45.635694],[-123.285195,45.635763],[-123.284958,45.635929],[-123.284724,45.636016],[-123.284168,45.636041],[-123.283983,45.636096],[-123.283784,45.636077],[-123.283311,45.635823],[-123.282746,45.635606],[-123.282508,45.635597],[-123.28201,45.63545],[-123.281521,45.635189],[-123.281211,45.635128],[-123.280574,45.63548],[-123.280467,45.635686],[-123.280358,45.63579],[-123.280166,45.635878],[-123.2801,45.636021],[-123.279785,45.636151],[-123.279411,45.636178],[-123.279221,45.636244],[-123.279158,45.636224],[-123.278918,45.636331],[-123.27877,45.636567],[-123.278556,45.636769],[-123.278536,45.637046],[-123.27831,45.63734],[-123.278077,45.637565],[-123.278066,45.637627],[-123.277948,45.637743],[-123.277837,45.637993],[-123.278113,45.638424],[-123.278396,45.638569],[-123.27877,45.638615],[-123.279122,45.638577],[-123.279238,45.638614],[-123.279669,45.638545],[-123.279876,45.638657],[-123.280081,45.638649],[-123.280293,45.638688],[-123.280626,45.639045],[-123.280807,45.639151],[-123.280981,45.639401],[-123.281065,45.639603],[-123.281216,45.639739],[-123.281484,45.64076],[-123.281683,45.640975],[-123.282774,45.641037],[-123.282913,45.640843],[-123.283099,45.640863],[-123.283349,45.640799],[-123.283674,45.640816],[-123.284328,45.640932],[-123.284787,45.641118],[-123.285038,45.641266],[-123.285419,45.641206],[-123.285835,45.641385],[-123.286084,45.641437],[-123.286744,45.641768],[-123.286856,45.641779],[-123.287342,45.641966],[-123.287468,45.642029],[-123.287577,45.642151],[-123.288197,45.642296],[-123.28838,45.642384],[-123.288474,45.64238],[-123.289004,45.642255],[-123.289241,45.64194],[-123.28931,45.641745],[-123.289584,45.641478],[-123.290039,45.641205],[-123.290114,45.64104],[-123.290313,45.640831],[-123.290339,45.640427],[-123.29006,45.639765],[-123.290008,45.639195],[-123.290085,45.638908],[-123.290436,45.638766],[-123.290637,45.638567],[-123.29106,45.637849],[-123.291663,45.638015],[-123.291774,45.638077],[-123.292029,45.637934],[-123.292141,45.637935],[-123.292774,45.638346],[-123.293193,45.638303],[-123.293547,45.638479],[-123.294501,45.63855],[-123.294637,45.638768],[-123.294443,45.638963],[-123.294141,45.639116],[-123.294115,45.639363],[-123.294389,45.639583],[-123.294494,45.639628],[-123.294603,45.639805],[-123.294582,45.640002],[-123.294781,45.640541],[-123.29523,45.64107],[-123.295522,45.641195],[-123.29577,45.641122],[-123.29592,45.641033],[-123.296193,45.640744],[-123.296408,45.640603],[-123.296548,45.640581],[-123.29683,45.64077],[-123.29726,45.640779],[-123.297745,45.640687],[-123.297889,45.640771],[-123.298007,45.64104],[-123.298105,45.641172],[-123.298123,45.641442],[-123.298278,45.642001],[-123.298251,45.642424],[-123.298211,45.642519],[-123.298012,45.642758],[-123.29795,45.642947],[-123.298035,45.643295],[-123.298166,45.643363],[-123.298312,45.643381],[-123.29869,45.643311],[-123.298922,45.643576],[-123.298848,45.644109],[-123.298877,45.644176],[-123.298863,45.644388],[-123.29876,45.644507],[-123.298326,45.644761],[-123.298346,45.645069],[-123.298464,45.645226],[-123.298667,45.645368],[-123.299154,45.645578],[-123.299319,45.645783],[-123.299423,45.645859],[-123.299534,45.645877],[-123.299905,45.645815],[-123.300698,45.645575],[-123.300886,45.645658],[-123.301009,45.645812],[-123.301034,45.64586],[-123.301002,45.646076],[-123.300831,45.6464],[-123.300882,45.646938],[-123.300695,45.647127],[-123.30061,45.647265],[-123.300576,45.647739],[-123.300669,45.648004],[-123.300834,45.648083],[-123.301212,45.648159],[-123.301609,45.648081],[-123.302044,45.648157],[-123.302451,45.648137],[-123.302526,45.64817],[-123.302774,45.648449],[-123.302774,45.64862],[-123.302951,45.648809],[-123.303306,45.648934],[-123.303396,45.64906],[-123.303366,45.649286],[-123.303408,45.649569],[-123.303467,45.649696],[-123.303694,45.649911],[-123.303717,45.650005],[-123.303516,45.650545],[-123.303538,45.650726],[-123.303646,45.650959],[-123.303949,45.651279],[-123.304277,45.651312],[-123.304439,45.651196],[-123.304769,45.650808],[-123.30494,45.650666],[-123.305565,45.6505],[-123.30611,45.65099],[-123.306878,45.651216],[-123.307097,45.651098],[-123.307164,45.650858],[-123.307042,45.65057],[-123.307114,45.650363],[-123.307335,45.650171],[-123.307419,45.650138],[-123.307503,45.649939],[-123.307521,45.649657],[-123.307573,45.649493],[-123.30749,45.649232],[-123.307334,45.648971],[-123.307416,45.648738],[-123.307798,45.648641],[-123.308023,45.648456],[-123.308169,45.648397],[-123.308644,45.648428],[-123.308863,45.648246],[-123.308988,45.648217],[-123.309377,45.648516],[-123.309705,45.648716],[-123.309975,45.648699],[-123.310148,45.648575],[-123.310279,45.648412],[-123.310322,45.648123],[-123.310463,45.647887],[-123.310618,45.64785],[-123.311123,45.64783],[-123.311518,45.647639],[-123.311904,45.647672],[-123.312115,45.647621],[-123.312219,45.647208],[-123.311718,45.646869],[-123.311534,45.64662],[-123.31147,45.646468],[-123.311116,45.646166],[-123.311046,45.64586],[-123.31107,45.645714],[-123.31112,45.645642],[-123.311684,45.64553],[-123.312002,45.64514],[-123.312216,45.645241],[-123.312665,45.645021],[-123.312863,45.64481],[-123.313171,45.644718],[-123.31343,45.644734],[-123.314109,45.644882],[-123.314706,45.644689],[-123.315111,45.644792],[-123.315466,45.644776],[-123.315998,45.644675],[-123.316195,45.644443],[-123.31649,45.644338],[-123.316696,45.643919],[-123.31674,45.643474],[-123.316716,45.643207],[-123.316906,45.642767],[-123.316948,45.642354],[-123.317708,45.641418],[-123.317737,45.640902],[-123.317532,45.64054],[-123.317447,45.640291],[-123.317253,45.640095],[-123.317208,45.639858],[-123.317477,45.639496],[-123.317486,45.639132],[-123.317675,45.638755],[-123.31776,45.63846],[-123.317766,45.638326],[-123.317708,45.638047],[-123.317617,45.637916],[-123.317373,45.637698],[-123.317172,45.637419],[-123.316835,45.637224],[-123.316751,45.637117],[-123.316781,45.636654],[-123.316705,45.636516],[-123.316147,45.636311],[-123.315668,45.636084],[-123.315518,45.635882],[-123.315473,45.635722],[-123.315498,45.635548],[-123.315631,45.635497],[-123.316345,45.63561],[-123.316436,45.6356],[-123.316581,45.635496],[-123.316624,45.635234],[-123.316607,45.634847],[-123.316639,45.634541],[-123.316459,45.633776],[-123.316297,45.633327],[-123.316165,45.632791],[-123.316145,45.632233],[-123.316046,45.632028],[-123.315761,45.631742],[-123.315486,45.631533],[-123.31538,45.631334],[-123.315365,45.630778],[-123.315303,45.630655],[-123.315162,45.630529],[-123.315274,45.630214],[-123.315611,45.630254],[-123.315784,45.630329],[-123.316017,45.630519],[-123.316209,45.630843],[-123.316395,45.630951],[-123.316753,45.630847],[-123.316982,45.630731],[-123.317191,45.630981],[-123.316993,45.631354],[-123.316979,45.631591],[-123.317137,45.631942],[-123.317231,45.632303],[-123.317314,45.632424],[-123.317422,45.632783],[-123.317765,45.633198],[-123.31793,45.633528],[-123.318231,45.63451],[-123.318388,45.634573],[-123.318585,45.634485],[-123.319034,45.63405],[-123.319404,45.633833],[-123.319704,45.633574],[-123.319879,45.633473],[-123.320012,45.633433],[-123.320155,45.633665],[-123.319861,45.634246],[-123.319876,45.634436],[-123.319825,45.63462],[-123.319657,45.634813],[-123.31953,45.635089],[-123.319346,45.635305],[-123.318999,45.63559],[-123.318883,45.635773],[-123.318802,45.636235],[-123.318799,45.636433],[-123.318838,45.636603],[-123.318959,45.636761],[-123.319474,45.637186],[-123.319885,45.637445],[-123.320076,45.637643],[-123.320178,45.638192],[-123.320127,45.638442],[-123.320142,45.638604],[-123.320393,45.639353],[-123.320487,45.639452],[-123.320595,45.639499],[-123.321078,45.639571],[-123.321162,45.639738],[-123.320889,45.640176],[-123.320897,45.64035],[-123.321164,45.640749],[-123.321203,45.640908],[-123.320923,45.641489],[-123.320916,45.642099],[-123.320855,45.642305],[-123.320618,45.642617],[-123.320641,45.642955],[-123.320912,45.643526],[-123.321344,45.643775],[-123.321725,45.644093],[-123.322307,45.644756],[-123.322501,45.645107],[-123.322557,45.645398],[-123.322594,45.645443],[-123.323222,45.645987],[-123.323715,45.646254],[-123.324022,45.646378],[-123.325107,45.64637],[-123.325659,45.646531],[-123.325871,45.646652],[-123.327033,45.646715],[-123.327908,45.646486],[-123.328004,45.646388],[-123.328081,45.646387],[-123.328346,45.646234],[-123.328639,45.646123],[-123.328746,45.645999],[-123.328989,45.64584],[-123.329341,45.645862],[-123.329597,45.646036],[-123.329799,45.646238],[-123.330111,45.646442],[-123.330396,45.646837],[-123.330719,45.647004],[-123.331553,45.646982],[-123.332118,45.647075],[-123.332706,45.647385],[-123.333032,45.647716],[-123.333398,45.647881],[-123.333781,45.647629],[-123.333775,45.647577],[-123.33406,45.647173],[-123.334164,45.646937],[-123.334239,45.646409],[-123.334366,45.646233],[-123.334645,45.646025],[-123.334774,45.645779],[-123.334951,45.645564],[-123.335471,45.645164],[-123.335726,45.645071],[-123.335882,45.645066],[-123.336145,45.645115],[-123.336323,45.645334],[-123.336467,45.645733],[-123.336532,45.645781],[-123.336759,45.646195],[-123.336954,45.646347],[-123.337231,45.646486],[-123.337537,45.646479],[-123.337734,45.64656],[-123.338142,45.646836],[-123.338746,45.646769],[-123.338968,45.646786],[-123.339126,45.646899],[-123.339759,45.647063],[-123.339941,45.647146],[-123.34048,45.647197],[-123.341014,45.647456],[-123.341339,45.647508],[-123.341446,45.647479],[-123.341632,45.647551],[-123.341757,45.647667],[-123.342131,45.647758],[-123.342338,45.647913],[-123.342504,45.647922],[-123.342898,45.647775],[-123.343232,45.647587],[-123.343417,45.647402],[-123.343468,45.647182],[-123.343522,45.647092],[-123.343831,45.646867],[-123.343954,45.646735],[-123.344036,45.646605],[-123.34419,45.646131],[-123.344081,45.645867],[-123.344142,45.64555],[-123.344177,45.645482],[-123.344456,45.64524],[-123.345016,45.645195],[-123.345196,45.645261],[-123.345506,45.645311],[-123.345988,45.645238],[-123.346413,45.645307],[-123.346993,45.64528],[-123.347188,45.645206],[-123.347537,45.645161],[-123.347876,45.645207],[-123.348511,45.645079],[-123.348653,45.645038],[-123.348783,45.644928],[-123.348898,45.644925],[-123.349272,45.644813],[-123.349756,45.644796],[-123.350044,45.644619],[-123.350648,45.644508],[-123.351257,45.644176],[-123.351609,45.644098],[-123.351765,45.643964],[-123.351805,45.643737],[-123.351938,45.643555],[-123.352188,45.643459],[-123.35263,45.643103],[-123.352822,45.643047],[-123.353096,45.642906],[-123.353605,45.642806],[-123.353697,45.642749],[-123.354001,45.642752],[-123.354249,45.642826],[-123.354673,45.642826],[-123.355344,45.642444],[-123.355546,45.64237],[-123.355599,45.642339],[-123.355686,45.642149],[-123.355778,45.641746],[-123.356178,45.641465],[-123.356364,45.641401],[-123.356794,45.641361],[-123.357081,45.641162],[-123.357372,45.641024],[-123.357746,45.640482],[-123.358071,45.640315],[-123.358572,45.640137],[-123.358639,45.640157],[-123.35891,45.640107],[-123.359379,45.639772],[-123.359855,45.639564],[-123.360129,45.639365],[-123.361079,45.638921],[-123.361334,45.638604],[-123.361712,45.63849],[-123.361756,45.6385],[-123.362157,45.639103],[-123.362008,45.639327],[-123.361816,45.639462],[-123.361215,45.64021],[-123.361034,45.640517],[-123.361007,45.640821],[-123.360809,45.640948],[-123.360731,45.641568],[-123.36078,45.641665],[-123.360746,45.64179],[-123.36079,45.641842],[-123.360746,45.641922],[-123.360883,45.642106],[-123.361148,45.642158],[-123.361602,45.642087],[-123.362374,45.642103],[-123.363098,45.642042],[-123.36408,45.64215],[-123.364587,45.642107],[-123.365152,45.642237],[-123.365918,45.642269],[-123.36651,45.642374],[-123.366895,45.642363],[-123.367144,45.642436],[-123.3675,45.64248],[-123.36814,45.64236],[-123.368204,45.642423],[-123.368466,45.642521],[-123.368638,45.642543],[-123.368935,45.642697],[-123.369522,45.642845],[-123.369872,45.642974],[-123.370063,45.642991],[-123.370109,45.643533],[-123.369933,45.643606],[-123.369681,45.643644],[-123.368965,45.643545],[-123.368616,45.643532],[-123.368163,45.643592],[-123.367723,45.643585],[-123.367445,45.643656],[-123.36706,45.643654],[-123.366937,45.643714],[-123.366491,45.643757],[-123.365784,45.643754],[-123.36536,45.643685],[-123.364683,45.643664],[-123.363738,45.643522],[-123.363198,45.643556],[-123.363101,45.643472],[-123.362857,45.643408],[-123.362257,45.643496],[-123.361977,45.643619],[-123.361689,45.643563],[-123.361429,45.643568],[-123.360552,45.643769],[-123.360392,45.643863],[-123.360232,45.644069],[-123.360073,45.644368],[-123.359822,45.644524],[-123.359561,45.644847],[-123.359231,45.644855],[-123.359034,45.644821],[-123.358864,45.644858],[-123.358444,45.645051],[-123.357998,45.645137],[-123.357828,45.645223],[-123.357476,45.645543],[-123.357371,45.64559],[-123.357224,45.645774],[-123.356906,45.646059],[-123.356452,45.646167],[-123.356087,45.646432],[-123.355912,45.646697],[-123.355684,45.646907],[-123.355562,45.646957],[-123.355384,45.64722],[-123.35519,45.647424],[-123.354812,45.647422],[-123.354386,45.647359],[-123.353944,45.647428],[-123.353749,45.647538],[-123.353592,45.647743],[-123.353469,45.647826],[-123.35326,45.647881],[-123.353126,45.647964],[-123.352855,45.648411],[-123.352707,45.648461],[-123.352379,45.648489],[-123.352206,45.648567],[-123.352164,45.648883],[-123.352332,45.649242],[-123.352535,45.649486],[-123.352752,45.649629],[-123.353007,45.649667],[-123.353567,45.650189],[-123.354204,45.650436],[-123.354354,45.650758],[-123.35394,45.651141],[-123.353609,45.650992],[-123.353502,45.650859],[-123.35323,45.650733],[-123.352984,45.650702],[-123.352759,45.650719],[-123.35247,45.650825],[-123.352222,45.650743],[-123.352158,45.650631],[-123.351962,45.650455],[-123.351619,45.650328],[-123.351431,45.650143],[-123.351155,45.649954],[-123.35076,45.649778],[-123.350202,45.649832],[-123.350037,45.649786],[-123.349664,45.649909],[-123.34931,45.649969],[-123.349141,45.65004],[-123.34902,45.650217],[-123.348868,45.650586],[-123.348763,45.650664],[-123.348634,45.650642],[-123.348291,45.650405],[-123.348093,45.650351],[-123.347548,45.650478],[-123.347027,45.650478],[-123.346846,45.650535],[-123.346734,45.650688],[-123.346629,45.651106],[-123.346404,45.651404],[-123.346273,45.651507],[-123.345586,45.651924],[-123.344514,45.652385],[-123.34404,45.652673],[-123.343132,45.65284],[-123.342506,45.65276],[-123.342299,45.652922],[-123.3423,45.653014],[-123.342421,45.653397],[-123.342527,45.653487],[-123.342686,45.653551],[-123.343089,45.653608],[-123.343442,45.653591],[-123.343679,45.653528],[-123.344175,45.653306],[-123.344768,45.6532],[-123.345183,45.653206],[-123.345444,45.653105],[-123.345658,45.653076],[-123.345851,45.65311],[-123.34604,45.653217],[-123.346467,45.653337],[-123.346713,45.653468],[-123.34676,45.653811],[-123.346525,45.653818],[-123.346277,45.653885],[-123.345703,45.654306],[-123.345404,45.654455],[-123.345053,45.654506],[-123.344828,45.654595],[-123.344365,45.654619],[-123.344053,45.65474],[-123.343898,45.655157],[-123.343951,45.655335],[-123.343928,45.655556],[-123.34396,45.655923],[-123.344158,45.656153],[-123.344272,45.656212],[-123.344558,45.656265],[-123.345093,45.656318],[-123.3454,45.656311],[-123.345433,45.656344],[-123.345485,45.65631],[-123.345821,45.656318],[-123.345886,45.656359],[-123.345855,45.656936],[-123.345379,45.657384],[-123.345157,45.657457],[-123.344992,45.657436],[-123.344648,45.657972],[-123.344694,45.658091],[-123.344821,45.658219],[-123.345227,45.658499],[-123.345503,45.658606],[-123.346092,45.658731],[-123.346175,45.659104],[-123.345816,45.659312],[-123.345458,45.659243],[-123.345154,45.659262],[-123.344802,45.659176],[-123.344382,45.659194],[-123.343656,45.659156],[-123.343562,45.65917],[-123.343305,45.659385],[-123.343182,45.659611],[-123.342948,45.659903],[-123.342856,45.660206],[-123.34285,45.66064],[-123.342789,45.660927],[-123.342668,45.661018],[-123.342272,45.661543],[-123.342166,45.661633],[-123.342118,45.661751],[-123.342114,45.661903],[-123.342235,45.662313],[-123.342395,45.662515],[-123.342811,45.662788],[-123.34321,45.662925],[-123.343458,45.663063],[-123.343165,45.663596],[-123.34297,45.663526],[-123.342824,45.663569],[-123.342446,45.663497],[-123.342339,45.663493],[-123.342223,45.663556],[-123.342107,45.663755],[-123.342045,45.664077],[-123.341811,45.664594],[-123.341494,45.664924],[-123.341301,45.665228],[-123.340755,45.664922],[-123.340831,45.664694],[-123.340764,45.664304],[-123.340866,45.663802],[-123.340873,45.663443],[-123.340798,45.663057],[-123.340647,45.66285],[-123.340584,45.662679],[-123.340613,45.662481],[-123.340547,45.661992],[-123.340375,45.661735],[-123.3404,45.66154],[-123.340502,45.661363],[-123.34051,45.660697],[-123.340481,45.660538],[-123.340234,45.660175],[-123.340188,45.659886],[-123.340079,45.659609],[-123.340061,45.659262],[-123.339902,45.659112],[-123.339424,45.659118],[-123.339267,45.658911],[-123.339394,45.658669],[-123.339725,45.65827],[-123.339678,45.658073],[-123.339162,45.657766],[-123.338727,45.657446],[-123.338267,45.656974],[-123.338221,45.656828],[-123.338263,45.656683],[-123.338257,45.656409],[-123.338103,45.655995],[-123.337924,45.655822],[-123.337603,45.655615],[-123.33736,45.655109],[-123.337413,45.65479],[-123.337141,45.654282],[-123.336752,45.654268],[-123.33636,45.654365],[-123.336085,45.654572],[-123.335957,45.654737],[-123.335887,45.654897],[-123.335888,45.655135],[-123.33603,45.655241],[-123.336396,45.655393],[-123.336587,45.655874],[-123.336553,45.65592],[-123.336555,45.656132],[-123.336607,45.656298],[-123.336605,45.656475],[-123.336536,45.656687],[-123.336466,45.656753],[-123.336362,45.656776],[-123.33593,45.656649],[-123.33566,45.656689],[-123.335444,45.656846],[-123.335187,45.657253],[-123.33487,45.657655],[-123.334663,45.657636],[-123.334465,45.657358],[-123.334346,45.656769],[-123.33415,45.65643],[-123.33399,45.656295],[-123.333696,45.65621],[-123.333406,45.656218],[-123.332841,45.656102],[-123.332132,45.656017],[-123.331561,45.656014],[-123.331361,45.656124],[-123.331175,45.656063],[-123.331049,45.656106],[-123.33063,45.656006],[-123.330341,45.655893],[-123.330147,45.655885],[-123.329916,45.655819],[-123.329531,45.655277],[-123.329545,45.654882],[-123.329576,45.654802],[-123.330164,45.653984],[-123.33044,45.653732],[-123.33056,45.65372],[-123.330704,45.653397],[-123.3312,45.65321],[-123.331483,45.652948],[-123.33164,45.652584],[-123.331618,45.652059],[-123.331461,45.651937],[-123.330969,45.651798],[-123.330854,45.651723],[-123.330774,45.651604],[-123.330757,45.651483],[-123.330682,45.65145],[-123.330254,45.650981],[-123.330269,45.650802],[-123.330013,45.650672],[-123.329663,45.650649],[-123.328715,45.650922],[-123.328214,45.651118],[-123.328056,45.651256],[-123.328048,45.651598],[-123.327877,45.651868],[-123.327571,45.652007],[-123.326882,45.652191],[-123.326393,45.652513],[-123.326295,45.653031],[-123.326388,45.653148],[-123.326344,45.653653],[-123.326101,45.653872],[-123.325965,45.65415],[-123.32616,45.655042],[-123.32589,45.655499],[-123.325803,45.65555],[-123.325623,45.656262],[-123.325627,45.656446],[-123.325792,45.656737],[-123.326079,45.656907],[-123.326338,45.656954],[-123.326487,45.657119],[-123.326599,45.657184],[-123.32678,45.657421],[-123.327014,45.657561],[-123.327197,45.65756],[-123.32734,45.657606],[-123.327486,45.657713],[-123.32775,45.658004],[-123.327917,45.658016],[-123.32808,45.658082],[-123.328439,45.658708],[-123.328432,45.658812],[-123.32832,45.659004],[-123.328298,45.659158],[-123.328321,45.659295],[-123.328444,45.65947],[-123.328487,45.659597],[-123.328528,45.659815],[-123.328509,45.659946],[-123.328571,45.660213],[-123.328762,45.660368],[-123.328943,45.660808],[-123.32897,45.660997],[-123.329173,45.661369],[-123.32927,45.661663],[-123.329411,45.661867],[-123.32959,45.662016],[-123.329956,45.662213],[-123.330743,45.662448],[-123.331369,45.662871],[-123.331371,45.663098],[-123.330979,45.663511],[-123.330896,45.663638],[-123.3309,45.663804],[-123.331023,45.66402],[-123.331512,45.664463],[-123.331634,45.664842],[-123.331824,45.665151],[-123.331862,45.665313],[-123.331637,45.665493],[-123.331387,45.665506],[-123.33069,45.665633],[-123.330585,45.665917],[-123.331125,45.666421],[-123.331218,45.666548],[-123.331245,45.666746],[-123.331151,45.667026],[-123.330746,45.66701],[-123.330472,45.66704],[-123.330376,45.667084],[-123.330275,45.667197],[-123.330089,45.667514],[-123.329855,45.667647],[-123.329752,45.667641],[-123.329436,45.667374],[-123.329287,45.667053],[-123.329153,45.666911],[-123.328913,45.66678],[-123.328642,45.666755],[-123.32834,45.666902],[-123.328118,45.667391],[-123.327985,45.667512],[-123.327816,45.667586],[-123.327668,45.667539],[-123.327371,45.667242],[-123.327211,45.666958],[-123.32715,45.666775],[-123.32684,45.666594],[-123.326598,45.666711],[-123.326444,45.666694],[-123.326264,45.666515],[-123.326173,45.666261],[-123.326039,45.666129],[-123.325724,45.666041],[-123.325588,45.666038],[-123.325338,45.665914],[-123.325024,45.665866],[-123.324871,45.665802],[-123.324603,45.665784],[-123.324233,45.665837],[-123.324035,45.66614],[-123.324044,45.666241],[-123.324381,45.666954],[-123.32439,45.667086],[-123.324571,45.667446],[-123.324415,45.667885],[-123.324446,45.668121],[-123.324507,45.668304],[-123.324853,45.668759],[-123.324991,45.669029],[-123.325005,45.669194],[-123.324999,45.669415],[-123.324928,45.669577],[-123.324801,45.669724],[-123.32464,45.669806],[-123.324463,45.670136],[-123.324254,45.670243],[-123.32398,45.670233],[-123.323816,45.670299],[-123.323702,45.670298],[-123.323258,45.670089],[-123.322775,45.669986],[-123.322312,45.669703],[-123.322062,45.669687],[-123.321877,45.66988],[-123.321825,45.670447],[-123.321653,45.670569],[-123.320867,45.670314],[-123.320397,45.670377],[-123.320196,45.670366],[-123.320156,45.670334],[-123.319708,45.670413],[-123.319521,45.670625],[-123.319257,45.670831],[-123.318857,45.670901],[-123.318806,45.670876],[-123.318137,45.671096],[-123.318078,45.671256],[-123.317959,45.671401],[-123.317903,45.67182],[-123.317754,45.672303],[-123.317699,45.672378],[-123.317422,45.672545],[-123.317076,45.672661],[-123.316803,45.672884],[-123.316617,45.673126],[-123.316591,45.673186],[-123.316705,45.67404],[-123.316774,45.674045],[-123.316826,45.674149],[-123.317052,45.67419],[-123.31735,45.674333],[-123.317851,45.674455],[-123.318247,45.6745],[-123.31868,45.674432],[-123.319138,45.674245],[-123.319628,45.673881],[-123.319911,45.673742],[-123.320458,45.673657],[-123.32055,45.673615],[-123.320645,45.673641],[-123.320672,45.673606],[-123.320983,45.67357],[-123.321584,45.673722],[-123.321712,45.673786],[-123.321846,45.673943],[-123.322011,45.674443],[-123.322288,45.674578],[-123.323002,45.674655],[-123.323692,45.674618],[-123.324054,45.674538],[-123.324645,45.674279],[-123.325041,45.674403],[-123.325173,45.674562],[-123.325314,45.674651],[-123.325771,45.674793],[-123.325837,45.675204],[-123.325479,45.675338],[-123.324623,45.675499],[-123.324173,45.675714],[-123.324025,45.676114],[-123.3241,45.676285],[-123.324118,45.67659],[-123.324169,45.676792],[-123.324369,45.677127],[-123.324274,45.677443],[-123.323814,45.677406],[-123.323577,45.677307],[-123.323315,45.677056],[-123.323053,45.676892],[-123.322777,45.676774],[-123.322487,45.676712],[-123.322104,45.676688],[-123.321688,45.67652],[-123.321331,45.676435],[-123.320938,45.676409],[-123.319961,45.676429],[-123.319036,45.676172],[-123.318713,45.676136],[-123.318497,45.676162],[-123.318278,45.676402],[-123.318318,45.676523],[-123.318574,45.676901],[-123.318865,45.677174],[-123.319363,45.677534],[-123.319532,45.677746],[-123.319563,45.677886],[-123.319387,45.678401],[-123.319375,45.678719],[-123.319422,45.678914],[-123.319524,45.679097],[-123.319889,45.679351],[-123.319906,45.679797],[-123.319811,45.680042],[-123.319892,45.680325],[-123.320033,45.680467],[-123.320274,45.68059],[-123.320488,45.680625],[-123.320812,45.680576],[-123.321141,45.680742],[-123.321219,45.68092],[-123.321653,45.681312],[-123.32202,45.681812],[-123.322456,45.682193],[-123.322294,45.682617],[-123.322167,45.682595],[-123.321691,45.682655],[-123.321448,45.68255],[-123.321304,45.682425],[-123.320746,45.682076],[-123.320425,45.681939],[-123.320062,45.681834],[-123.319574,45.681778],[-123.31891,45.681887],[-123.318321,45.68176],[-123.318246,45.681337],[-123.318337,45.681247],[-123.318395,45.680914],[-123.318103,45.680666],[-123.317666,45.68051],[-123.317477,45.680398],[-123.317247,45.679989],[-123.316849,45.67964],[-123.316755,45.67935],[-123.316559,45.679026],[-123.316551,45.678877],[-123.316643,45.678577],[-123.316695,45.677763],[-123.316606,45.677228],[-123.316506,45.677037],[-123.316392,45.676942],[-123.316114,45.676853],[-123.315376,45.676825],[-123.314821,45.676714],[-123.314629,45.676714],[-123.314312,45.676785],[-123.314111,45.67678],[-123.313808,45.676523],[-123.313521,45.676396],[-123.313219,45.676363],[-123.312393,45.676128],[-123.311621,45.676115],[-123.311461,45.676084],[-123.31041,45.675484],[-123.310264,45.67536],[-123.310089,45.675295],[-123.309777,45.675305],[-123.309488,45.675811],[-123.309577,45.675925],[-123.309717,45.676234],[-123.30983,45.676368],[-123.310044,45.676499],[-123.310322,45.676592],[-123.310536,45.676805],[-123.310644,45.677012],[-123.310747,45.677082],[-123.311068,45.677178],[-123.311905,45.677152],[-123.312064,45.677219],[-123.312212,45.677353],[-123.312258,45.677656],[-123.312207,45.677798],[-123.312016,45.67808],[-123.311995,45.678186],[-123.31209,45.678398],[-123.312477,45.678892],[-123.312489,45.679043],[-123.312379,45.679409],[-123.312419,45.679633],[-123.312582,45.679914],[-123.312865,45.680225],[-123.313062,45.680516],[-123.313576,45.680939],[-123.313583,45.681211],[-123.313371,45.681292],[-123.313215,45.681278],[-123.312406,45.680933],[-123.312141,45.680873],[-123.311793,45.680917],[-123.311482,45.681133],[-123.311176,45.681062],[-123.310698,45.680337],[-123.310368,45.680143],[-123.309993,45.680057],[-123.308631,45.680074],[-123.308053,45.680153],[-123.307257,45.679951],[-123.306888,45.680436],[-123.307071,45.680705],[-123.307227,45.681114],[-123.307304,45.681545],[-123.307322,45.682182],[-123.307412,45.682504],[-123.307197,45.682823],[-123.306639,45.682833],[-123.306628,45.68339],[-123.306906,45.683637],[-123.307086,45.683869],[-123.307089,45.684047],[-123.306928,45.684312],[-123.307064,45.684663],[-123.3072,45.684744],[-123.307389,45.685021],[-123.307813,45.685313],[-123.30776,45.685522],[-123.307598,45.685641],[-123.307053,45.685988],[-123.306465,45.686236],[-123.306412,45.68647],[-123.306674,45.686746],[-123.307025,45.686933],[-123.307264,45.686974],[-123.30797,45.686939],[-123.308126,45.687303],[-123.307736,45.687555],[-123.30765,45.687687],[-123.30765,45.687807],[-123.307787,45.688037],[-123.308246,45.688363],[-123.308587,45.688922],[-123.308553,45.689336],[-123.308255,45.689395],[-123.308152,45.689363],[-123.308065,45.68939],[-123.307946,45.689337],[-123.307832,45.689334],[-123.307018,45.689022],[-123.306507,45.688461],[-123.306436,45.688324],[-123.306215,45.688231],[-123.30491,45.687847],[-123.304596,45.688074],[-123.304626,45.688774],[-123.304601,45.68889],[-123.304419,45.689069],[-123.303318,45.689003],[-123.302992,45.688892],[-123.302721,45.688607],[-123.302414,45.688525],[-123.301465,45.688491],[-123.301112,45.68851],[-123.300751,45.688429],[-123.300578,45.688166],[-123.300497,45.687879],[-123.300154,45.687171],[-123.299854,45.687088],[-123.298987,45.687523],[-123.299006,45.68764],[-123.298424,45.688129],[-123.298165,45.6886],[-123.297939,45.688846],[-123.297789,45.689182],[-123.297841,45.689526],[-123.297813,45.689635],[-123.29806,45.689936],[-123.29893,45.69002],[-123.29918,45.690072],[-123.299393,45.690196],[-123.299535,45.690209],[-123.299828,45.690139],[-123.300279,45.689933],[-123.300509,45.689921],[-123.300883,45.689969],[-123.301074,45.690035],[-123.301169,45.690107],[-123.3015,45.690576],[-123.302132,45.690746],[-123.302538,45.691008],[-123.302803,45.691017],[-123.302992,45.690982],[-123.303526,45.690792],[-123.303786,45.69075],[-123.304598,45.690845],[-123.304904,45.690932],[-123.304984,45.691209],[-123.305223,45.691305],[-123.305382,45.691772],[-123.305373,45.691844],[-123.305614,45.692152],[-123.306044,45.692233],[-123.306935,45.69229],[-123.307769,45.692419],[-123.308891,45.69236],[-123.309108,45.692429],[-123.309174,45.692493],[-123.309651,45.692647],[-123.309593,45.693205],[-123.309521,45.693213],[-123.309449,45.69329],[-123.308831,45.693355],[-123.308511,45.693444],[-123.30732,45.693535],[-123.307029,45.693605],[-123.306876,45.693766],[-123.306833,45.694217],[-123.306597,45.694374],[-123.306268,45.694278],[-123.305739,45.694041],[-123.305263,45.693918],[-123.30493,45.693904],[-123.304205,45.69403],[-123.303968,45.694402],[-123.304136,45.694732],[-123.304514,45.695195],[-123.304558,45.695311],[-123.304533,45.695465],[-123.304336,45.695616],[-123.303476,45.69545],[-123.302737,45.695441],[-123.301854,45.695955],[-123.30088,45.696226],[-123.300775,45.69621],[-123.300637,45.69612],[-123.300274,45.695674],[-123.300095,45.695514],[-123.29982,45.695564],[-123.299562,45.69601],[-123.299398,45.696192],[-123.299228,45.696201],[-123.298706,45.696061],[-123.298521,45.696143],[-123.298275,45.696782],[-123.298107,45.696893],[-123.297662,45.696804],[-123.297221,45.69664],[-123.296954,45.696916],[-123.296907,45.697072],[-123.29671,45.697211],[-123.296481,45.697254],[-123.296388,45.697236],[-123.295959,45.697365],[-123.2956,45.6973],[-123.295248,45.697579],[-123.295148,45.697932],[-123.29497,45.698165],[-123.294743,45.698263],[-123.294138,45.698352],[-123.294085,45.698709],[-123.294208,45.698903],[-123.294298,45.699168],[-123.294431,45.699302],[-123.294699,45.699376],[-123.295783,45.69941],[-123.296055,45.699546],[-123.296099,45.699611],[-123.29609,45.69986],[-123.296121,45.699967],[-123.296734,45.70001],[-123.29714,45.699906],[-123.297478,45.699761],[-123.2976,45.699644],[-123.297767,45.699566],[-123.298227,45.69922],[-123.298584,45.699033],[-123.298765,45.699002],[-123.299203,45.699127],[-123.299477,45.699114],[-123.299767,45.699035],[-123.300283,45.698745],[-123.300404,45.698711],[-123.301663,45.698822],[-123.30186,45.69892],[-123.30194,45.699109],[-123.301952,45.699403],[-123.30202,45.699543],[-123.302137,45.699634],[-123.30234,45.700183],[-123.302874,45.700314],[-123.303236,45.700654],[-123.303091,45.701234],[-123.302426,45.701544],[-123.301976,45.701802],[-123.301992,45.702112],[-123.302864,45.702468],[-123.30423,45.702768],[-123.304475,45.702857],[-123.304519,45.703041],[-123.30437,45.703383],[-123.304369,45.703548],[-123.304417,45.70369],[-123.30433,45.703914],[-123.304035,45.704006],[-123.303534,45.703964],[-123.303301,45.703984],[-123.303173,45.704062],[-123.30294,45.704456],[-123.302857,45.704538],[-123.302544,45.704597],[-123.302311,45.704567],[-123.302085,45.704462],[-123.302029,45.70438],[-123.301682,45.704267],[-123.301357,45.704487],[-123.300976,45.704823],[-123.300793,45.704908],[-123.300513,45.704873],[-123.300369,45.704683],[-123.300066,45.704458],[-123.299803,45.70454],[-123.299693,45.704672],[-123.299452,45.705243],[-123.299492,45.705618],[-123.299963,45.705699],[-123.300409,45.705645],[-123.30165,45.705652],[-123.302086,45.705695],[-123.302062,45.70604],[-123.300953,45.706173],[-123.300499,45.706362],[-123.300213,45.70662],[-123.299842,45.707077],[-123.299357,45.707309],[-123.29922,45.707416],[-123.299145,45.70761],[-123.299154,45.707883],[-123.299023,45.708095],[-123.298403,45.708387],[-123.297914,45.70882],[-123.297802,45.708828],[-123.296844,45.708578],[-123.296623,45.70847],[-123.296281,45.708146],[-123.296133,45.707861],[-123.296102,45.707712],[-123.295888,45.707456],[-123.295638,45.70731],[-123.295324,45.707217],[-123.294882,45.707188],[-123.294315,45.707208],[-123.293258,45.707332],[-123.292972,45.707299],[-123.292406,45.707124],[-123.291426,45.707101],[-123.291114,45.707285],[-123.291081,45.707386],[-123.291013,45.707442],[-123.29079,45.707972],[-123.290742,45.70816],[-123.290744,45.708329],[-123.290166,45.708493],[-123.289657,45.707873],[-123.289429,45.70771],[-123.289177,45.707602],[-123.287767,45.707314],[-123.287524,45.707315],[-123.287294,45.707359],[-123.287123,45.707453],[-123.286528,45.707097],[-123.286497,45.706585],[-123.286288,45.706358],[-123.285562,45.706323],[-123.285293,45.706325],[-123.285136,45.706361],[-123.284993,45.706444],[-123.284902,45.706572],[-123.284893,45.706661],[-123.284322,45.707195],[-123.28374,45.706838],[-123.283566,45.706664],[-123.283317,45.706292],[-123.282697,45.706031],[-123.282639,45.706101],[-123.282553,45.706083],[-123.282334,45.706119],[-123.281912,45.706306],[-123.281499,45.706658],[-123.280777,45.707423],[-123.28061,45.707502],[-123.280004,45.707598],[-123.279715,45.707718],[-123.27936,45.70766],[-123.278922,45.707236],[-123.278813,45.707086],[-123.278712,45.707029],[-123.278474,45.706974],[-123.278202,45.706964],[-123.27803,45.707004],[-123.277401,45.707001],[-123.277191,45.706901],[-123.277054,45.706704],[-123.276823,45.706496],[-123.276263,45.706159],[-123.27624,45.705784],[-123.276385,45.705672],[-123.276684,45.705518],[-123.277276,45.705326],[-123.278288,45.705076],[-123.278469,45.704965],[-123.278611,45.704799],[-123.278632,45.704749],[-123.27849,45.704346],[-123.277994,45.704121],[-123.277632,45.703907],[-123.277307,45.703828],[-123.276615,45.70384],[-123.276109,45.703944],[-123.275395,45.704291],[-123.274868,45.70446],[-123.27428,45.704793],[-123.274092,45.704808],[-123.273989,45.704909],[-123.273874,45.704888],[-123.273358,45.704933],[-123.273057,45.704906],[-123.272884,45.704946],[-123.272523,45.705198],[-123.272251,45.705598],[-123.271928,45.705908],[-123.27181,45.706067],[-123.271167,45.706176],[-123.271036,45.706129],[-123.270805,45.705941],[-123.270745,45.705797],[-123.270761,45.705603],[-123.270848,45.705341],[-123.270806,45.70499],[-123.270956,45.704566],[-123.270954,45.70442],[-123.270557,45.703933],[-123.270507,45.703844],[-123.270502,45.703716],[-123.270731,45.703422],[-123.27096,45.703237],[-123.271016,45.703036],[-123.270911,45.702819],[-123.270601,45.702517],[-123.270466,45.702313],[-123.270465,45.701836],[-123.270351,45.701568],[-123.270387,45.701342],[-123.271312,45.701223],[-123.271573,45.701146],[-123.271764,45.701019],[-123.271849,45.700787],[-123.272081,45.700638],[-123.272888,45.700711],[-123.273106,45.700705],[-123.27335,45.700634],[-123.273437,45.700504],[-123.273541,45.699986],[-123.273606,45.699857],[-123.273671,45.699811],[-123.273947,45.69979],[-123.27424,45.69982],[-123.275124,45.699988],[-123.275375,45.699633],[-123.275352,45.699498],[-123.275431,45.699211],[-123.275799,45.69885],[-123.275843,45.698386],[-123.275919,45.698236],[-123.276125,45.698155],[-123.276551,45.698126],[-123.277606,45.698316],[-123.277808,45.698002],[-123.277369,45.697422],[-123.277351,45.697302],[-123.277472,45.697142],[-123.277673,45.697022],[-123.277853,45.696966],[-123.278966,45.696866],[-123.27934,45.696736],[-123.279301,45.696258],[-123.278821,45.695996],[-123.27858,45.695821],[-123.278241,45.695752],[-123.277922,45.695746],[-123.277209,45.695904],[-123.277094,45.695899],[-123.277011,45.695844],[-123.276946,45.695673],[-123.276939,45.695378],[-123.27717,45.694501],[-123.276825,45.694023],[-123.276539,45.694077],[-123.276119,45.694246],[-123.276016,45.69435],[-123.275816,45.694425],[-123.275367,45.694535],[-123.274855,45.694729],[-123.274601,45.694787],[-123.274439,45.694743],[-123.27374,45.694368],[-123.273725,45.694097],[-123.274135,45.693699],[-123.274327,45.693453],[-123.274431,45.693213],[-123.274451,45.692924],[-123.274516,45.692805],[-123.274513,45.692712],[-123.274651,45.692519],[-123.275441,45.691694],[-123.275761,45.691223],[-123.275847,45.690996],[-123.275885,45.690678],[-123.275876,45.690443],[-123.275796,45.690022],[-123.275797,45.689947],[-123.275862,45.689825],[-123.275994,45.68973],[-123.276469,45.68952],[-123.276687,45.689352],[-123.276732,45.689229],[-123.276748,45.688888],[-123.276841,45.688675],[-123.276968,45.688536],[-123.277183,45.688405],[-123.277863,45.6882],[-123.278089,45.68804],[-123.278165,45.687837],[-123.27805,45.687283],[-123.278621,45.686744],[-123.2796,45.686469],[-123.279841,45.686359],[-123.280072,45.686162],[-123.280122,45.686073],[-123.280135,45.685934],[-123.28008,45.685412],[-123.280035,45.685393],[-123.279887,45.685098],[-123.27965,45.684955],[-123.279401,45.68487],[-123.279056,45.684878],[-123.2785,45.685175],[-123.278063,45.685544],[-123.277914,45.685624],[-123.277282,45.686182],[-123.27593,45.68644],[-123.27531,45.686284],[-123.275118,45.686313],[-123.274739,45.686303],[-123.274037,45.685984],[-123.273746,45.685912],[-123.27333,45.685563],[-123.272877,45.685426],[-123.272294,45.685105],[-123.271659,45.684974],[-123.271104,45.685023],[-123.270117,45.684535],[-123.270054,45.684523],[-123.269456,45.684646],[-123.269427,45.68461],[-123.26902,45.685017],[-123.268888,45.684884],[-123.268578,45.684783],[-123.267685,45.684567],[-123.267022,45.684472],[-123.26639,45.683893],[-123.266216,45.683322],[-123.265643,45.683036],[-123.265483,45.682923],[-123.26533,45.682877],[-123.264633,45.682773],[-123.264123,45.682854],[-123.263897,45.682955],[-123.263601,45.683171],[-123.263566,45.683358],[-123.262381,45.683301],[-123.262122,45.682897],[-123.261931,45.682681],[-123.261761,45.682369],[-123.261756,45.681699],[-123.261823,45.681622],[-123.261845,45.681488],[-123.261815,45.680884],[-123.261751,45.680679],[-123.26177,45.680477],[-123.261917,45.680232],[-123.261878,45.680026],[-123.261956,45.679834],[-123.261953,45.67967],[-123.262073,45.679429],[-123.26203,45.679254],[-123.262062,45.678784],[-123.261768,45.678435],[-123.261322,45.678438],[-123.260706,45.678546],[-123.260392,45.678553],[-123.259982,45.677989],[-123.260029,45.677882],[-123.260233,45.677639],[-123.260571,45.677451],[-123.26076,45.677163],[-123.260915,45.677062],[-123.261161,45.676753],[-123.261275,45.676426],[-123.261231,45.676003],[-123.261287,45.675832],[-123.261294,45.675673],[-123.261092,45.675215],[-123.260627,45.674797],[-123.260542,45.674578],[-123.260227,45.674047],[-123.26017,45.674037],[-123.260165,45.673742],[-123.259929,45.673712],[-123.259586,45.673547],[-123.259218,45.673468],[-123.258886,45.673493],[-123.258304,45.67365],[-123.258187,45.673652],[-123.257954,45.673414],[-123.257769,45.673141],[-123.257649,45.673069],[-123.25682,45.672749],[-123.255847,45.672596],[-123.255391,45.672299],[-123.255093,45.672186],[-123.254818,45.671933],[-123.255018,45.671483],[-123.255335,45.671659],[-123.255688,45.671707],[-123.255784,45.671469],[-123.25643,45.671516],[-123.256479,45.671575],[-123.256753,45.671635],[-123.256955,45.671513],[-123.257237,45.671427],[-123.257549,45.671462],[-123.257893,45.671793],[-123.258367,45.671808],[-123.258497,45.671767],[-123.258751,45.671807],[-123.259158,45.671744],[-123.25927,45.671591],[-123.259614,45.671342],[-123.260533,45.671309],[-123.260959,45.671378],[-123.261357,45.670966],[-123.261423,45.670994],[-123.261617,45.670963],[-123.261835,45.670846],[-123.262098,45.670034],[-123.261999,45.669715],[-123.261698,45.669435],[-123.261493,45.669076],[-123.261499,45.668925],[-123.261636,45.668419],[-123.261583,45.66809],[-123.261369,45.667896],[-123.261165,45.667777],[-123.260814,45.667124],[-123.260703,45.667049],[-123.26054,45.667031],[-123.259996,45.667159],[-123.259816,45.667156],[-123.259484,45.666928],[-123.259353,45.666882],[-123.259125,45.666287],[-123.259201,45.66589],[-123.258986,45.665375],[-123.258986,45.6653],[-123.258769,45.664868],[-123.258839,45.663682],[-123.258589,45.66342],[-123.257743,45.663161],[-123.257144,45.662922],[-123.257273,45.662126],[-123.257633,45.661713],[-123.257707,45.661489],[-123.257844,45.661325],[-123.258305,45.66091],[-123.258413,45.660454],[-123.258462,45.659901],[-123.258351,45.659515],[-123.258357,45.659354],[-123.258224,45.65923],[-123.257703,45.658962],[-123.257605,45.658842],[-123.257585,45.658579],[-123.257407,45.658379],[-123.257084,45.658309],[-123.256895,45.658158],[-123.256783,45.658017],[-123.25635,45.657722],[-123.256306,45.657542],[-123.256339,45.657361],[-123.256103,45.657037],[-123.255685,45.657042],[-123.254888,45.656962],[-123.254676,45.656905],[-123.254508,45.656698],[-123.254462,45.656563],[-123.254369,45.656456],[-123.254114,45.656002],[-123.253565,45.655759],[-123.253473,45.655678],[-123.253287,45.655617],[-123.253057,45.655441],[-123.252892,45.655421],[-123.252052,45.655518],[-123.251578,45.655748],[-123.251486,45.655759],[-123.251353,45.655866],[-123.251246,45.655879],[-123.250832,45.656137],[-123.250482,45.656623],[-123.250377,45.656656],[-123.250277,45.656818],[-123.250001,45.657056],[-123.250015,45.657205],[-123.249883,45.65722],[-123.249679,45.657306],[-123.249384,45.657023],[-123.249204,45.656713],[-123.248937,45.656537],[-123.24877,45.656343],[-123.248613,45.65627],[-123.248031,45.656146],[-123.2477,45.655872],[-123.247179,45.655663],[-123.246828,45.655315],[-123.246763,45.655161],[-123.24678,45.654787],[-123.246525,45.654233],[-123.246419,45.653649],[-123.246252,45.65346],[-123.246066,45.653383],[-123.245376,45.653293],[-123.245217,45.653327],[-123.244888,45.653496],[-123.244615,45.65356],[-123.244249,45.653572],[-123.243876,45.653496],[-123.243683,45.653494],[-123.243383,45.653588],[-123.242873,45.653948],[-123.242688,45.654004],[-123.24256,45.653666],[-123.242335,45.653353],[-123.242263,45.653185],[-123.241998,45.652944],[-123.241967,45.652749],[-123.24188,45.652699],[-123.241565,45.65266],[-123.241482,45.65261],[-123.241477,45.652428],[-123.24164,45.652028],[-123.241498,45.651736],[-123.241377,45.651649],[-123.241217,45.651649],[-123.241055,45.651695],[-123.240358,45.652051],[-123.239896,45.651885],[-123.239216,45.652034],[-123.238743,45.651974],[-123.238733,45.652036],[-123.238815,45.652203],[-123.238811,45.652282],[-123.238431,45.652435],[-123.238341,45.652711],[-123.238202,45.652884],[-123.238173,45.65305],[-123.238137,45.653089],[-123.238079,45.653083],[-123.237618,45.652862],[-123.237135,45.652389],[-123.23666,45.652239],[-123.236601,45.65213],[-123.236549,45.651787],[-123.236488,45.651703],[-123.236245,45.651614],[-123.235802,45.651521],[-123.235758,45.651416],[-123.235811,45.651133],[-123.235743,45.651016],[-123.235485,45.650949],[-123.234916,45.650952],[-123.234779,45.650883],[-123.234712,45.650772],[-123.234765,45.650535],[-123.234768,45.650289],[-123.234848,45.64998],[-123.234799,45.649819],[-123.234576,45.649701],[-123.23408,45.649683],[-123.2339,45.649595],[-123.233622,45.649356],[-123.233438,45.649134],[-123.233203,45.649012],[-123.232863,45.64847],[-123.232362,45.6481],[-123.232024,45.647675],[-123.231871,45.647602],[-123.231745,45.647591],[-123.231372,45.64779],[-123.23071,45.647894],[-123.230557,45.64784],[-123.230002,45.64749],[-123.229573,45.647463],[-123.229572,45.647334],[-123.229756,45.647003],[-123.229817,45.64681],[-123.229823,45.646654],[-123.229759,45.646552],[-123.229175,45.646055],[-123.228587,45.646006],[-123.228487,45.64594],[-123.228396,45.645756],[-123.228337,45.645707],[-123.227624,45.645508],[-123.227211,45.645472],[-123.22698,45.645369],[-123.226752,45.645148],[-123.226839,45.644775],[-123.226612,45.644377],[-123.225948,45.643948],[-123.225541,45.643558],[-123.22514,45.643278],[-123.22494,45.643201],[-123.224738,45.643178],[-123.224486,45.643211],[-123.2242,45.643302],[-123.223914,45.643435],[-123.22345,45.643721],[-123.22326,45.64392],[-123.223167,45.643963],[-123.222681,45.643898],[-123.222506,45.643842],[-123.222437,45.643772],[-123.222463,45.64369],[-123.22295,45.643191],[-123.222956,45.643079],[-123.222824,45.642847],[-123.223289,45.642701],[-123.223502,45.642527],[-123.223905,45.642325],[-123.224538,45.641937],[-123.224682,45.641807],[-123.22472,45.641642],[-123.224611,45.641412],[-123.224345,45.641241],[-123.223647,45.641045],[-123.223069,45.640969],[-123.222961,45.64091],[-123.222923,45.640846],[-123.222936,45.640768],[-123.223158,45.64053],[-123.223253,45.640349],[-123.223277,45.640206],[-123.223242,45.640063],[-123.223098,45.639877],[-123.222778,45.639672],[-123.222438,45.639249],[-123.222209,45.639103],[-123.221997,45.638891],[-123.221929,45.6388],[-123.22192,45.638704],[-123.222036,45.638671],[-123.222931,45.638757],[-123.224488,45.639159],[-123.22465,45.639138],[-123.224726,45.639094],[-123.224779,45.638933],[-123.224741,45.638844],[-123.224643,45.638757],[-123.223999,45.638492],[-123.223696,45.638289],[-123.223631,45.638089],[-123.223698,45.637655],[-123.223634,45.637487],[-123.223528,45.637368],[-123.222909,45.636927],[-123.222263,45.636646],[-123.222029,45.636467],[-123.221971,45.636338],[-123.22198,45.636197],[-123.222283,45.63575],[-123.222322,45.635542],[-123.222258,45.635392],[-123.22206,45.635131],[-123.221727,45.634905],[-123.221532,45.634858],[-123.221298,45.634873],[-123.221086,45.634981],[-123.220946,45.635151],[-123.220935,45.635389],[-123.221201,45.636146],[-123.221246,45.63642],[-123.221151,45.636701],[-123.220961,45.637015],[-123.220216,45.637882],[-123.219855,45.638158],[-123.219256,45.638462],[-123.218926,45.638675],[-123.218694,45.63889],[-123.218468,45.63919],[-123.218386,45.63908],[-123.218313,45.638689],[-123.218061,45.638238],[-123.218024,45.638052],[-123.218142,45.637837],[-123.218615,45.637404],[-123.21877,45.637189],[-123.218792,45.636907],[-123.21866,45.636525],[-123.218343,45.636152],[-123.218116,45.635993],[-123.217848,45.635867],[-123.21739,45.635782],[-123.216532,45.6358],[-123.216162,45.635846],[-123.215144,45.636064],[-123.214854,45.63617],[-123.214737,45.636284],[-123.214732,45.636432],[-123.214826,45.636573],[-123.215304,45.636969],[-123.215659,45.637323],[-123.215683,45.63746],[-123.215645,45.637567],[-123.215401,45.637765],[-123.21519,45.637795],[-123.214794,45.637723],[-123.212983,45.637792],[-123.21246,45.637885],[-123.211988,45.638064],[-123.211897,45.638186],[-123.211848,45.63835],[-123.211778,45.638961],[-123.211882,45.639317],[-123.212116,45.639496],[-123.21213,45.639553],[-123.21176,45.63957],[-123.211399,45.639438],[-123.211005,45.639125],[-123.210686,45.638746],[-123.210421,45.638617],[-123.210278,45.638601],[-123.209876,45.638646],[-123.209561,45.638812],[-123.209431,45.638958],[-123.209319,45.639158],[-123.209313,45.63939],[-123.209491,45.639736],[-123.20981,45.640213],[-123.209931,45.640471],[-123.209973,45.640619],[-123.210028,45.641254],[-123.210162,45.641491],[-123.210382,45.641736],[-123.210379,45.641825],[-123.209778,45.641837],[-123.209375,45.6417],[-123.209171,45.641583],[-123.207793,45.640571],[-123.207049,45.640192],[-123.206678,45.640104],[-123.206306,45.640091],[-123.205895,45.640151],[-123.205642,45.640259],[-123.205433,45.640467],[-123.205198,45.641013],[-123.205071,45.641197],[-123.204405,45.641741],[-123.204008,45.642171],[-123.203954,45.642347],[-123.204015,45.642494],[-123.204164,45.642588],[-123.204361,45.642634],[-123.205606,45.642731],[-123.206797,45.642906],[-123.20799,45.643194],[-123.208161,45.643274],[-123.208192,45.64338],[-123.208011,45.643528],[-123.206956,45.643893],[-123.206657,45.644054],[-123.206319,45.64432],[-123.206064,45.644723],[-123.205898,45.644848],[-123.2054,45.644972],[-123.203757,45.645224],[-123.203363,45.645356],[-123.203229,45.645508],[-123.203166,45.645917],[-123.203188,45.646025],[-123.203253,45.646102],[-123.203579,45.646205],[-123.204335,45.646266],[-123.205342,45.646411],[-123.207861,45.646546],[-123.208099,45.646619],[-123.208095,45.646687],[-123.207987,45.646758],[-123.207449,45.64693],[-123.207248,45.647043],[-123.206947,45.647297],[-123.206732,45.647656],[-123.205987,45.647821],[-123.205565,45.647979],[-123.205372,45.648109],[-123.205214,45.648326],[-123.205197,45.648466],[-123.205242,45.64862],[-123.205364,45.648792],[-123.205513,45.648924],[-123.205761,45.649056],[-123.206405,45.649201],[-123.206558,45.649271],[-123.206555,45.649331],[-123.206276,45.64963],[-123.206188,45.649866],[-123.206243,45.650226],[-123.206429,45.650591],[-123.206644,45.650773],[-123.207006,45.650894],[-123.20746,45.65095],[-123.208311,45.650941],[-123.208867,45.65115],[-123.209523,45.651163],[-123.209857,45.651533],[-123.210423,45.65173],[-123.211083,45.651747],[-123.212021,45.651688],[-123.212571,45.651785],[-123.213998,45.651744],[-123.214759,45.651873],[-123.21486,45.651959],[-123.214816,45.652087],[-123.214724,45.652138],[-123.214017,45.652089],[-123.213516,45.652101],[-123.211906,45.652364],[-123.211494,45.652401],[-123.210423,45.652392],[-123.209617,45.652332],[-123.208243,45.652075],[-123.207854,45.652034],[-123.207263,45.652046],[-123.206883,45.652092],[-123.206603,45.652173],[-123.206415,45.652293],[-123.206169,45.652558],[-123.205835,45.653135],[-123.205654,45.653526],[-123.205167,45.654016],[-123.204979,45.654277],[-123.204753,45.654723],[-123.204723,45.654936],[-123.204737,45.655242],[-123.204697,45.655366],[-123.203977,45.655872],[-123.203739,45.656165],[-123.203647,45.656372],[-123.203666,45.656677],[-123.203769,45.656908],[-123.204008,45.657216],[-123.204383,45.657502],[-123.20466,45.657567],[-123.204999,45.657573],[-123.206067,45.657374],[-123.205454,45.657671],[-123.204998,45.657943],[-123.204549,45.658296],[-123.204301,45.658736],[-123.204239,45.659007],[-123.20431,45.659492],[-123.204433,45.659896],[-123.204674,45.660236],[-123.204837,45.660396],[-123.205333,45.660753],[-123.205548,45.66108],[-123.205834,45.661348],[-123.206585,45.661705],[-123.207088,45.6619],[-123.207448,45.661926],[-123.207804,45.661848],[-123.208259,45.661616],[-123.208765,45.661255],[-123.208846,45.661244],[-123.208841,45.661498],[-123.208895,45.661706],[-123.209195,45.662244],[-123.209548,45.662569],[-123.209947,45.66275],[-123.210187,45.662928],[-123.210351,45.663004],[-123.210676,45.663055],[-123.21115,45.663014],[-123.211545,45.662899],[-123.212012,45.662669],[-123.212151,45.662677],[-123.212168,45.662775],[-123.212061,45.662934],[-123.211498,45.663303],[-123.211318,45.663519],[-123.211258,45.663714],[-123.21124,45.663941],[-123.211261,45.664256],[-123.211322,45.664412],[-123.211542,45.664585],[-123.211862,45.664719],[-123.212182,45.664787],[-123.212801,45.664837],[-123.212835,45.664889],[-123.212822,45.664951],[-123.212654,45.665277],[-123.212795,45.665698],[-123.212915,45.665892],[-123.213133,45.666122],[-123.213495,45.666352],[-123.214074,45.666542],[-123.214618,45.66659],[-123.215091,45.666675],[-123.216284,45.666757],[-123.216311,45.666801],[-123.216291,45.666855],[-123.216093,45.667102],[-123.215993,45.667306],[-123.215958,45.667503],[-123.215979,45.667736],[-123.216071,45.668035],[-123.21646,45.668901],[-123.216567,45.669038],[-123.216703,45.669094],[-123.216912,45.669088],[-123.217208,45.669002],[-123.217492,45.668835],[-123.217805,45.668567],[-123.217964,45.668343],[-123.218114,45.668037],[-123.218233,45.667659],[-123.218295,45.667597],[-123.218447,45.667575],[-123.219214,45.667605],[-123.219601,45.667567],[-123.220591,45.667375],[-123.221031,45.667168],[-123.221961,45.667192],[-123.222143,45.667285],[-123.222218,45.667432],[-123.222244,45.667599],[-123.222191,45.66822],[-123.222199,45.668526],[-123.222252,45.668692],[-123.222364,45.668815],[-123.222561,45.668909],[-123.22277,45.668943],[-123.223413,45.668852],[-123.223857,45.668681],[-123.224691,45.668259],[-123.225463,45.668185],[-123.22578,45.668122],[-123.226069,45.668003],[-123.226332,45.667824],[-123.22661,45.66751],[-123.22685,45.666873],[-123.22686,45.666626],[-123.226741,45.66617],[-123.226769,45.666074],[-123.226851,45.666009],[-123.227542,45.665957],[-123.227916,45.665889],[-123.228428,45.665716],[-123.229495,45.665231],[-123.230052,45.665082],[-123.230558,45.665066],[-123.230578,45.665118],[-123.230547,45.665189],[-123.230143,45.66572],[-123.229617,45.666765],[-123.229547,45.667043],[-123.229598,45.667257],[-123.229688,45.667354],[-123.229803,45.66741],[-123.230091,45.667407],[-123.230767,45.667059],[-123.231627,45.666698],[-123.231667,45.666882],[-123.231751,45.666953],[-123.231997,45.667019],[-123.232233,45.667013],[-123.232323,45.667053],[-123.232357,45.667134],[-123.232375,45.667433],[-123.232711,45.668139],[-123.232288,45.668802],[-123.232263,45.669084],[-123.23233,45.669329],[-123.232447,45.669517],[-123.232664,45.669689],[-123.232932,45.669802],[-123.233282,45.669863],[-123.233383,45.669911],[-123.233519,45.670238],[-123.233819,45.670588],[-123.233767,45.67067],[-123.233413,45.67086],[-123.233277,45.671054],[-123.233208,45.671419],[-123.233299,45.671731],[-123.233457,45.671933],[-123.233756,45.672142],[-123.234712,45.67259],[-123.234941,45.672901],[-123.235604,45.67348],[-123.235684,45.673593],[-123.23568,45.673636],[-123.235603,45.673696],[-123.235179,45.673832],[-123.234929,45.673964],[-123.234813,45.674068],[-123.234761,45.674177],[-123.234751,45.674316],[-123.23483,45.674843],[-123.234712,45.675022],[-123.234551,45.67513],[-123.233845,45.674904],[-123.233493,45.674855],[-123.233057,45.674904],[-123.232255,45.675108],[-123.232184,45.675075],[-123.23188,45.674771],[-123.231663,45.674655],[-123.231357,45.674629],[-123.231088,45.674734],[-123.230879,45.674919],[-123.230734,45.675334],[-123.230363,45.675583],[-123.230058,45.675926],[-123.229484,45.676107],[-123.229349,45.676196],[-123.229279,45.676298],[-123.229282,45.67651],[-123.229565,45.677246],[-123.229533,45.677822],[-123.22958,45.677962],[-123.229707,45.678013],[-123.229967,45.677964],[-123.230823,45.677534],[-123.231028,45.677475],[-123.231765,45.677532],[-123.232197,45.677456],[-123.232645,45.6773],[-123.233078,45.677372],[-123.233502,45.677365],[-123.233925,45.677301],[-123.234193,45.677205],[-123.234497,45.67733],[-123.234955,45.677313],[-123.234971,45.677385],[-123.234858,45.677576],[-123.234663,45.677695],[-123.233333,45.677815],[-123.232884,45.677915],[-123.232334,45.67811],[-123.232172,45.678231],[-123.231938,45.678526],[-123.231894,45.678683],[-123.231908,45.678899],[-123.231994,45.679156],[-123.232181,45.679402],[-123.232668,45.679717],[-123.232762,45.679838],[-123.232704,45.680049],[-123.232311,45.680559],[-123.232296,45.680702],[-123.232377,45.680821],[-123.232647,45.680963],[-123.233408,45.681167],[-123.234133,45.681312],[-123.234232,45.681426],[-123.234244,45.681936],[-123.234333,45.682096],[-123.234551,45.68213],[-123.235007,45.681945],[-123.235152,45.68195],[-123.235391,45.682089],[-123.235687,45.682413],[-123.235814,45.682481],[-123.235996,45.682456],[-123.236441,45.682242],[-123.236924,45.682228],[-123.237159,45.682165],[-123.23729,45.682073],[-123.237436,45.681878],[-123.237706,45.681664],[-123.237897,45.68132],[-123.237993,45.681233],[-123.238634,45.681081],[-123.239007,45.680789],[-123.239357,45.680738],[-123.239707,45.680628],[-123.239829,45.680636],[-123.240165,45.68076],[-123.2406,45.680771],[-123.240695,45.680802],[-123.240824,45.681047],[-123.241063,45.681205],[-123.241079,45.681614],[-123.241154,45.681703],[-123.24128,45.681672],[-123.241603,45.681483],[-123.24219,45.681303],[-123.242544,45.681141],[-123.242687,45.681123],[-123.242824,45.681156],[-123.242891,45.681233],[-123.242864,45.681669],[-123.242896,45.681826],[-123.242979,45.681887],[-123.243152,45.681887],[-123.243662,45.681773],[-123.243969,45.681658],[-123.244119,45.681524],[-123.244317,45.681217],[-123.244386,45.681166],[-123.244866,45.681247],[-123.244906,45.681318],[-123.244917,45.681664],[-123.244419,45.68242],[-123.244377,45.682583],[-123.244405,45.682735],[-123.24452,45.682905],[-123.244768,45.683099],[-123.244931,45.683385],[-123.245199,45.683673],[-123.245503,45.683783],[-123.24611,45.683911],[-123.246254,45.684019],[-123.246317,45.684393],[-123.246318,45.68467],[-123.24642,45.685052],[-123.246507,45.685242],[-123.246707,45.685491],[-123.246675,45.68556],[-123.246332,45.685908],[-123.246287,45.686057],[-123.246301,45.686233],[-123.246431,45.686426],[-123.246881,45.686705],[-123.246984,45.687034],[-123.247122,45.687255],[-123.246978,45.687286],[-123.245977,45.687067],[-123.245419,45.687117],[-123.245277,45.687175],[-123.24517,45.687266],[-123.245079,45.687441],[-123.245032,45.687634],[-123.245058,45.687797],[-123.245141,45.687936],[-123.245401,45.688114],[-123.246231,45.68832],[-123.246291,45.688389],[-123.246462,45.688786],[-123.245744,45.689106],[-123.245649,45.689235],[-123.245569,45.689518],[-123.245508,45.689611],[-123.244922,45.689857],[-123.244734,45.689988],[-123.24467,45.690124],[-123.244717,45.69028],[-123.244928,45.690461],[-123.245418,45.690683],[-123.245713,45.690974],[-123.245872,45.691059],[-123.247777,45.691189],[-123.247998,45.69125],[-123.248295,45.691443],[-123.248576,45.691539],[-123.248877,45.691582],[-123.249217,45.691574],[-123.249513,45.691475],[-123.249619,45.691352],[-123.249675,45.691221],[-123.249696,45.690862],[-123.249656,45.69037],[-123.249688,45.689913],[-123.249907,45.689778],[-123.250306,45.68977],[-123.250673,45.689938],[-123.250947,45.689966],[-123.25112,45.69003],[-123.252503,45.690729],[-123.25267,45.690843],[-123.252855,45.691187],[-123.253268,45.69128],[-123.25359,45.691777],[-123.253626,45.691957],[-123.254598,45.692226],[-123.255427,45.69252],[-123.256112,45.692466],[-123.25684,45.692466],[-123.257233,45.692873],[-123.257184,45.693311],[-123.257112,45.693501],[-123.257106,45.693649],[-123.257018,45.693746],[-123.257026,45.693791],[-123.256962,45.693879],[-123.257295,45.694839],[-123.257819,45.695228],[-123.258282,45.696002],[-123.2583,45.69622],[-123.258357,45.696363],[-123.257979,45.697128],[-123.258279,45.698725],[-123.258243,45.698814],[-123.258471,45.699806],[-123.259005,45.70016],[-123.259039,45.700276],[-123.258831,45.701005],[-123.25859,45.701145],[-123.257857,45.701684],[-123.257724,45.701865],[-123.257732,45.702165],[-123.257932,45.70261],[-123.258239,45.702892],[-123.258813,45.703151],[-123.259721,45.703436],[-123.260388,45.703688],[-123.260248,45.704138],[-123.259295,45.704181],[-123.258999,45.704223],[-123.258684,45.704324],[-123.258567,45.704753],[-123.25862,45.704981],[-123.258501,45.705386],[-123.258233,45.705526],[-123.258139,45.705654],[-123.258065,45.705895],[-123.25797,45.706008],[-123.257435,45.706179],[-123.257117,45.706013],[-123.256907,45.70554],[-123.256815,45.705416],[-123.256732,45.705046],[-123.256589,45.704826],[-123.256092,45.704482],[-123.255829,45.704372],[-123.255041,45.704663],[-123.254861,45.705058],[-123.254742,45.705205],[-123.254471,45.705812],[-123.254112,45.706224],[-123.253468,45.706394],[-123.253294,45.706567],[-123.252996,45.706649],[-123.25227,45.707081],[-123.252144,45.707188],[-123.251705,45.707196],[-123.251557,45.707346],[-123.251412,45.707396],[-123.251248,45.707536],[-123.250934,45.707635],[-123.250455,45.707892],[-123.25004,45.708171],[-123.250015,45.708279],[-123.249516,45.70871],[-123.249327,45.708929],[-123.249041,45.709361],[-123.248256,45.709974],[-123.248136,45.709975],[-123.247684,45.709845],[-123.247314,45.709815],[-123.245518,45.709814],[-123.245091,45.709865],[-123.245061,45.709926],[-123.245087,45.710036],[-123.245322,45.710313],[-123.245721,45.710601],[-123.245979,45.710718],[-123.246238,45.710784],[-123.246351,45.710869],[-123.246397,45.711099],[-123.246316,45.711416],[-123.24623,45.711519],[-123.245995,45.711675],[-123.245645,45.711983],[-123.244907,45.712237],[-123.244604,45.712421],[-123.244169,45.713098],[-123.244131,45.713278],[-123.244137,45.713579],[-123.244063,45.713731],[-123.243715,45.713969],[-123.243298,45.714164],[-123.243083,45.714319],[-123.242413,45.715146],[-123.242124,45.715569],[-123.240808,45.716859],[-123.240493,45.717197],[-123.240037,45.717791],[-123.238985,45.718891],[-123.238868,45.719125],[-123.238821,45.719539],[-123.238854,45.71971],[-123.239023,45.719973],[-123.238943,45.720472],[-123.238804,45.720753],[-123.23836,45.721348],[-123.237424,45.721508],[-123.23646,45.721576],[-123.235849,45.721746],[-123.23526,45.721696],[-123.234965,45.721817],[-123.234778,45.722125],[-123.234678,45.722203],[-123.234182,45.722171],[-123.233855,45.722241],[-123.233395,45.722523],[-123.232003,45.723498],[-123.231234,45.724333],[-123.231142,45.724498],[-123.231165,45.724654],[-123.231244,45.724749],[-123.231466,45.724886],[-123.232306,45.725149],[-123.233302,45.725392],[-123.23465,45.725457],[-123.237575,45.72549],[-123.239123,45.725411],[-123.239287,45.72543],[-123.239216,45.725474],[-123.238002,45.725778],[-123.236293,45.726099],[-123.235957,45.726254],[-123.235377,45.726719],[-123.235154,45.726806],[-123.234876,45.72686],[-123.234533,45.726869],[-123.233849,45.726775],[-123.232372,45.726403],[-123.230964,45.72653],[-123.230869,45.726556],[-123.230785,45.72663],[-123.230758,45.726817],[-123.230985,45.727628],[-123.231172,45.727799],[-123.231533,45.727964],[-123.231738,45.728028],[-123.231934,45.728036],[-123.232702,45.727874],[-123.232858,45.727877],[-123.233227,45.72813],[-123.233491,45.72842],[-123.233809,45.728494],[-123.235006,45.728512],[-123.236156,45.728274],[-123.236178,45.728316],[-123.236136,45.728516],[-123.236148,45.728665],[-123.236216,45.728809],[-123.236324,45.728927],[-123.236727,45.729168],[-123.237654,45.729527],[-123.237761,45.729597],[-123.237637,45.729619],[-123.236985,45.729512],[-123.236591,45.729484],[-123.235854,45.729567],[-123.235281,45.72944],[-123.23479,45.729392],[-123.232817,45.729385],[-123.232274,45.729449],[-123.231819,45.72965],[-123.231605,45.729695],[-123.229506,45.729622],[-123.229162,45.72965],[-123.229023,45.72973],[-123.229014,45.729807],[-123.22906,45.729916],[-123.229653,45.730784],[-123.230018,45.731123],[-123.230362,45.731346],[-123.230992,45.731514],[-123.232551,45.731787],[-123.2333,45.731966],[-123.234332,45.732317],[-123.234554,45.732457],[-123.234422,45.732477],[-123.232643,45.732402],[-123.23217,45.732457],[-123.23174,45.732631],[-123.231585,45.73264],[-123.230404,45.732301],[-123.229734,45.732351],[-123.229441,45.732144],[-123.22912,45.731975],[-123.228063,45.731588],[-123.227301,45.731391],[-123.226739,45.731341],[-123.226443,45.731393],[-123.226251,45.731498],[-123.226068,45.731721],[-123.225888,45.732122],[-123.225766,45.732293],[-123.225548,45.73248],[-123.225192,45.732672],[-123.224742,45.732799],[-123.223405,45.732945],[-123.223127,45.733031],[-123.222778,45.733216],[-123.222493,45.73343],[-123.221983,45.733993],[-123.221755,45.734336],[-123.221725,45.73447],[-123.221823,45.734651],[-123.222563,45.73513],[-123.222958,45.735481],[-123.223024,45.735621],[-123.222979,45.735659],[-123.222792,45.73554],[-123.222616,45.73554],[-123.221867,45.735773],[-123.221731,45.735866],[-123.221712,45.735953],[-123.221833,45.736098],[-123.222405,45.736401],[-123.222974,45.736772],[-123.22339,45.736953],[-123.224031,45.737092],[-123.224053,45.737152],[-123.223746,45.737263],[-123.223215,45.737285],[-123.222654,45.737238],[-123.221613,45.737031],[-123.22048,45.736995],[-123.220245,45.737004],[-123.220134,45.737052],[-123.220115,45.737123],[-123.220157,45.737189],[-123.220553,45.737487],[-123.221063,45.738021],[-123.221974,45.738506],[-123.222081,45.7386],[-123.222093,45.738684],[-123.221991,45.738731],[-123.221294,45.738818],[-123.220916,45.738907],[-123.220276,45.739142],[-123.219651,45.739317],[-123.219291,45.739526],[-123.218796,45.739472],[-123.218406,45.739531],[-123.218084,45.739694],[-123.217713,45.73994],[-123.217105,45.740406],[-123.216948,45.740586],[-123.216866,45.740758],[-123.216755,45.7418],[-123.216852,45.742182],[-123.217301,45.742943],[-123.217337,45.743031],[-123.217306,45.743099],[-123.217072,45.743057],[-123.216184,45.742727],[-123.214716,45.742002],[-123.214631,45.741881],[-123.214665,45.741524],[-123.214554,45.741352],[-123.213123,45.740388],[-123.212968,45.740358],[-123.212825,45.740418],[-123.21109,45.741919],[-123.210289,45.742711],[-123.210137,45.742922],[-123.210081,45.743086],[-123.210075,45.74325],[-123.210217,45.743901],[-123.210295,45.744558],[-123.210107,45.745517],[-123.210059,45.745937],[-123.209364,45.745882],[-123.208776,45.745952],[-123.206593,45.746891],[-123.204751,45.74755],[-123.204452,45.74774],[-123.2042,45.74831],[-123.203727,45.748912],[-123.203651,45.749095],[-123.203661,45.749879],[-123.203612,45.75112],[-123.196154,45.751138],[-123.196001,45.75097],[-123.195455,45.750565],[-123.195391,45.750402],[-123.195356,45.750028],[-123.195275,45.749891],[-123.194785,45.749494],[-123.194578,45.749416],[-123.194172,45.749483],[-123.193783,45.749724],[-123.193414,45.749885],[-123.192516,45.749934],[-123.192275,45.749896],[-123.191926,45.749649],[-123.191396,45.749491],[-123.191195,45.749588],[-123.191037,45.749836],[-123.190842,45.749993],[-123.19071,45.750041],[-123.190599,45.749984],[-123.190522,45.749839],[-123.190528,45.749656],[-123.190599,45.749561],[-123.190819,45.749399],[-123.190843,45.74934],[-123.190811,45.749271],[-123.190592,45.74906],[-123.190585,45.748944],[-123.191022,45.748617],[-123.191683,45.748432],[-123.191798,45.7483],[-123.191834,45.748128],[-123.19171,45.747398],[-123.191668,45.746862],[-123.191618,45.746727],[-123.191513,45.746638],[-123.191336,45.746573],[-123.190791,45.746524],[-123.19071,45.746466],[-123.190716,45.746399],[-123.190974,45.745713],[-123.191615,45.745002],[-123.191982,45.744476],[-123.192611,45.743767],[-123.1927,45.743551],[-123.192634,45.74335],[-123.192297,45.74291],[-123.192082,45.742523],[-123.191983,45.742462],[-123.191844,45.742454],[-123.191324,45.742628],[-123.191089,45.742642],[-123.19112,45.742368],[-123.191063,45.742206],[-123.190854,45.741959],[-123.190495,45.741668],[-123.190453,45.741599],[-123.190525,45.741556],[-123.190938,45.741554],[-123.191368,45.741474],[-123.191867,45.741236],[-123.192349,45.741063],[-123.19303,45.740891],[-123.193103,45.740753],[-123.19307,45.74057],[-123.192777,45.740042],[-123.192809,45.73997],[-123.193089,45.739773],[-123.193237,45.739587],[-123.193294,45.739433],[-123.193284,45.739259],[-123.193232,45.739117],[-123.193062,45.73888],[-123.191981,45.737841],[-123.191573,45.737636],[-123.190966,45.737465],[-123.190493,45.737279],[-123.190063,45.737206],[-123.188693,45.737185],[-123.188302,45.737272],[-123.187684,45.737535],[-123.187283,45.737579],[-123.187075,45.737517],[-123.186625,45.737152],[-123.186176,45.736962],[-123.186147,45.736886],[-123.186208,45.736803],[-123.186754,45.73644],[-123.187131,45.736094],[-123.187235,45.735868],[-123.187215,45.735554],[-123.187242,45.735441],[-123.187764,45.734926],[-123.187879,45.73475],[-123.187907,45.734547],[-123.18785,45.734326],[-123.187648,45.73409],[-123.187395,45.733927],[-123.187026,45.733777],[-123.186656,45.73369],[-123.186262,45.733657],[-123.18583,45.733674],[-123.185401,45.733794],[-123.184963,45.733972],[-123.184661,45.734128],[-123.184411,45.734332],[-123.184127,45.734715],[-123.183744,45.735453],[-123.183317,45.736167],[-123.183079,45.736505],[-123.182645,45.737005],[-123.18244,45.737349],[-123.182289,45.737788],[-123.182097,45.738695],[-123.181695,45.739855],[-123.181613,45.73992],[-123.181294,45.739958],[-123.180957,45.740052],[-123.180242,45.740347],[-123.180107,45.740456],[-123.179794,45.740861],[-123.179726,45.740803],[-123.179721,45.740664],[-123.179775,45.740501],[-123.179908,45.740283],[-123.180179,45.739973],[-123.180868,45.739348],[-123.181058,45.739064],[-123.181147,45.738765],[-123.181188,45.738312],[-123.181164,45.738085],[-123.181067,45.737943],[-123.180904,45.737886],[-123.180701,45.737918],[-123.178443,45.738698],[-123.17741,45.738753],[-123.17729,45.738723],[-123.177468,45.738602],[-123.179227,45.737893],[-123.180543,45.737242],[-123.181135,45.736854],[-123.181325,45.736618],[-123.181404,45.736429],[-123.181437,45.736254],[-123.181419,45.736107],[-123.181336,45.735917],[-123.181195,45.735734],[-123.180944,45.735546],[-123.180502,45.735408],[-123.18041,45.735335],[-123.180604,45.73508],[-123.180672,45.734907],[-123.180702,45.734125],[-123.180612,45.733848],[-123.180509,45.733685],[-123.180098,45.733385],[-123.179973,45.733248],[-123.179976,45.733176],[-123.180132,45.732918],[-123.180139,45.732804],[-123.1801,45.732699],[-123.179977,45.732566],[-123.179644,45.732388],[-123.179692,45.732319],[-123.18005,45.732119],[-123.180133,45.732004],[-123.180154,45.731884],[-123.179945,45.731006],[-123.179986,45.730641],[-123.179969,45.730484],[-123.179897,45.730345],[-123.179692,45.730118],[-123.179553,45.729869],[-123.179379,45.729758],[-123.179147,45.729735],[-123.17889,45.729796],[-123.178612,45.729943],[-123.178056,45.730409],[-123.177635,45.730916],[-123.176902,45.731683],[-123.176816,45.731697],[-123.176762,45.731657],[-123.176656,45.731282],[-123.176439,45.731027],[-123.176424,45.730966],[-123.176835,45.730512],[-123.177062,45.729977],[-123.177107,45.729406],[-123.176962,45.729083],[-123.177079,45.728775],[-123.177011,45.728423],[-123.177032,45.728339],[-123.177127,45.728269],[-123.177659,45.728045],[-123.177885,45.727891],[-123.178869,45.726878],[-123.179224,45.7264],[-123.179614,45.726249],[-123.179821,45.726127],[-123.179973,45.725994],[-123.180146,45.725734],[-123.180254,45.725647],[-123.181142,45.725352],[-123.181358,45.725247],[-123.181514,45.725104],[-123.181647,45.724801],[-123.181896,45.724622],[-123.182094,45.724411],[-123.182226,45.724352],[-123.182558,45.724305],[-123.182725,45.724231],[-123.182873,45.724102],[-123.183093,45.723804],[-123.183397,45.723182],[-123.18343,45.722972],[-123.183401,45.722811],[-123.183275,45.72264],[-123.183023,45.72246],[-123.182374,45.722212],[-123.182231,45.722111],[-123.182182,45.721954],[-123.182185,45.721384],[-123.182077,45.721194],[-123.181909,45.721051],[-123.181711,45.720991],[-123.181512,45.720996],[-123.181289,45.721058],[-123.18111,45.721181],[-123.181006,45.721345],[-123.180892,45.721663],[-123.180784,45.722259],[-123.180198,45.722823],[-123.179973,45.72284],[-123.178959,45.722588],[-123.178735,45.722589],[-123.178557,45.722676],[-123.178235,45.722932],[-123.1778,45.723094],[-123.177426,45.723586],[-123.177256,45.723734],[-123.176127,45.723937],[-123.17506,45.724283],[-123.174986,45.724234],[-123.174993,45.724151],[-123.175456,45.723394],[-123.175555,45.723157],[-123.175582,45.722921],[-123.175546,45.722703],[-123.175319,45.722098],[-123.175255,45.721488],[-123.175003,45.721093],[-123.174712,45.720875],[-123.174277,45.720698],[-123.174255,45.720644],[-123.174309,45.720512],[-123.174302,45.720367],[-123.174117,45.720185],[-123.174036,45.719994],[-123.173969,45.71992],[-123.172878,45.719404],[-123.172489,45.719254],[-123.172208,45.719194],[-123.171821,45.719189],[-123.171317,45.719287],[-123.170823,45.719189],[-123.1703,45.719168],[-123.170137,45.719118],[-123.169828,45.71874],[-123.169718,45.718472],[-123.169521,45.71773],[-123.16946,45.717627],[-123.169371,45.717563],[-123.16915,45.717509],[-123.168894,45.717499],[-123.168324,45.717599],[-123.167799,45.717996],[-123.16752,45.718117],[-123.167261,45.718547],[-123.166915,45.718551],[-123.166622,45.718698],[-123.166391,45.71888],[-123.166198,45.719107],[-123.166039,45.719382],[-123.165847,45.719914],[-123.165756,45.720018],[-123.165677,45.720028],[-123.165532,45.719669],[-123.165526,45.719513],[-123.16563,45.71925],[-123.166068,45.718423],[-123.166109,45.718275],[-123.166106,45.718117],[-123.166026,45.717926],[-123.165885,45.717799],[-123.165617,45.717692],[-123.165199,45.717625],[-123.165062,45.717508],[-123.165064,45.717329],[-123.165326,45.716254],[-123.16534,45.715977],[-123.165232,45.71566],[-123.16486,45.715197],[-123.16467,45.714641],[-123.16463,45.71434],[-123.164608,45.713199],[-123.164514,45.712757],[-123.164381,45.712527],[-123.164145,45.712278],[-123.163458,45.71189],[-123.163135,45.711564],[-123.162956,45.711505],[-123.162152,45.711411],[-123.161937,45.711476],[-123.161843,45.711624],[-123.161811,45.712553],[-123.161709,45.713271],[-123.161628,45.713547],[-123.161041,45.71441],[-123.160725,45.714985],[-123.160397,45.715479],[-123.160239,45.715578],[-123.159828,45.715742],[-123.159266,45.716228],[-123.158964,45.716355],[-123.158623,45.71638],[-123.158253,45.716193],[-123.158076,45.716157],[-123.157871,45.716181],[-123.157604,45.716286],[-123.157312,45.716493],[-123.157133,45.716693],[-123.15698,45.716948],[-123.156755,45.717496],[-123.156626,45.717562],[-123.156153,45.717639],[-123.155754,45.717765],[-123.155422,45.717954],[-123.155224,45.718198],[-123.155159,45.718354],[-123.155152,45.718531],[-123.155318,45.718902],[-123.155501,45.719133],[-123.156185,45.71976],[-123.156794,45.720406],[-123.15691,45.720586],[-123.156924,45.72065],[-123.15689,45.72072],[-123.156714,45.720697],[-123.155421,45.720018],[-123.154542,45.719625],[-123.154208,45.719546],[-123.153817,45.719561],[-123.15353,45.719646],[-123.153103,45.719849],[-123.152616,45.720251],[-123.151939,45.720292],[-123.151403,45.720457],[-123.150695,45.720855],[-123.15048,45.721047],[-123.15027,45.721306],[-123.150177,45.721312],[-123.14986,45.721212],[-123.149613,45.72118],[-123.149344,45.721209],[-123.149136,45.721278],[-123.148774,45.721525],[-123.148525,45.721827],[-123.148267,45.722283],[-123.148176,45.722371],[-123.148085,45.722376],[-123.148031,45.722285],[-123.148018,45.722112],[-123.148074,45.721832],[-123.148272,45.721414],[-123.148911,45.720471],[-123.148964,45.720302],[-123.148976,45.719999],[-123.149085,45.719973],[-123.14952,45.720067],[-123.149984,45.720085],[-123.150357,45.720029],[-123.150663,45.719917],[-123.150946,45.719711],[-123.151496,45.719181],[-123.15216,45.718663],[-123.152455,45.718257],[-123.15284,45.717832],[-123.153014,45.717499],[-123.153222,45.716823],[-123.153212,45.716558],[-123.153046,45.716191],[-123.153043,45.716056],[-123.153511,45.71544],[-123.153705,45.714994],[-123.154208,45.714547],[-123.154398,45.71426],[-123.15458,45.713775],[-123.154664,45.712993],[-123.154607,45.712853],[-123.154491,45.712763],[-123.15427,45.712693],[-123.15405,45.712688],[-123.153827,45.712781],[-123.153555,45.713084],[-123.153085,45.713139],[-123.15255,45.713278],[-123.152497,45.713196],[-123.152477,45.713048],[-123.152481,45.712382],[-123.152394,45.712186],[-123.152233,45.712067],[-123.152048,45.712016],[-123.1518,45.712024],[-123.151536,45.712097],[-123.150974,45.712333],[-123.150772,45.712635],[-123.150726,45.712815],[-123.150601,45.714326],[-123.150556,45.714457],[-123.150458,45.714499],[-123.150008,45.714299],[-123.149464,45.714194],[-123.149042,45.714212],[-123.148947,45.714188],[-123.148922,45.714099],[-123.14905,45.713723],[-123.149005,45.713529],[-123.148781,45.713303],[-123.148337,45.713105],[-123.147829,45.713064],[-123.147232,45.712944],[-123.146948,45.712929],[-123.146677,45.712978],[-123.146306,45.713108],[-123.145777,45.713507],[-123.145123,45.713319],[-123.144725,45.713338],[-123.144487,45.713396],[-123.144359,45.713472],[-123.144189,45.71365],[-123.144053,45.713902],[-123.14399,45.713938],[-123.143388,45.713529],[-123.142911,45.7134],[-123.142566,45.713396],[-123.142291,45.713442],[-123.141761,45.713699],[-123.141672,45.713257],[-123.141695,45.712413],[-123.141614,45.71225],[-123.141463,45.712157],[-123.14108,45.712148],[-123.140125,45.712264],[-123.139702,45.712351],[-123.139475,45.712477],[-123.139208,45.712842],[-123.139131,45.712788],[-123.138822,45.712207],[-123.138822,45.712117],[-123.138925,45.712045],[-123.140059,45.711789],[-123.141002,45.71139],[-123.141449,45.71112],[-123.141565,45.710988],[-123.141675,45.710781],[-123.141827,45.710328],[-123.141857,45.70996],[-123.141706,45.709778],[-123.141243,45.709656],[-123.141149,45.709574],[-123.14113,45.708976],[-123.14103,45.708455],[-123.141009,45.70796],[-123.140595,45.707568],[-123.140003,45.707389],[-123.140075,45.707308],[-123.1405,45.707054],[-123.140886,45.706717],[-123.141046,45.706353],[-123.141161,45.706308],[-123.141718,45.706316],[-123.14219,45.706243],[-123.142757,45.706038],[-123.143386,45.705706],[-123.144195,45.705598],[-123.144509,45.705486],[-123.144956,45.70515],[-123.145431,45.704586],[-123.145733,45.704455],[-123.145901,45.704251],[-123.146015,45.704168],[-123.14691,45.703741],[-123.147052,45.703594],[-123.147446,45.703021],[-123.147718,45.702804],[-123.147952,45.702722],[-123.148894,45.702525],[-123.149116,45.702435],[-123.149422,45.702246],[-123.149773,45.701859],[-123.14989,45.701538],[-123.149882,45.701304],[-123.149804,45.701109],[-123.149081,45.70026],[-123.148871,45.699707],[-123.148479,45.699174],[-123.148484,45.698972],[-123.148733,45.698578],[-123.148821,45.698189],[-123.148812,45.697902],[-123.148672,45.697501],[-123.14836,45.696865],[-123.147331,45.695534],[-123.146933,45.694822],[-123.146894,45.694612],[-123.1469,45.6943],[-123.147051,45.693562],[-123.147017,45.693251],[-123.14694,45.693015],[-123.146125,45.691913],[-123.145927,45.691584],[-123.14582,45.691278],[-123.145734,45.690607],[-123.145467,45.690047],[-123.145302,45.689852],[-123.144726,45.689377],[-123.143154,45.687388],[-123.142793,45.686785],[-123.142461,45.685794],[-123.142349,45.685588],[-123.141953,45.685204],[-123.14183,45.685156],[-123.141721,45.685181],[-123.141294,45.685796],[-123.140726,45.686194],[-123.140545,45.686396],[-123.140425,45.686657],[-123.140338,45.687179],[-123.140013,45.687566],[-123.139933,45.687732],[-123.139901,45.688116],[-123.13973,45.688652],[-123.139699,45.689433],[-123.139543,45.689979],[-123.139617,45.690357],[-123.139904,45.690906],[-123.139898,45.691026],[-123.139775,45.691278],[-123.139744,45.691423],[-123.139761,45.691552],[-123.139852,45.691759],[-123.140007,45.691969],[-123.140272,45.692193],[-123.140919,45.692606],[-123.14092,45.692676],[-123.140808,45.6929],[-123.140796,45.693023],[-123.140976,45.693601],[-123.14113,45.694778],[-123.141257,45.695058],[-123.141987,45.696025],[-123.142027,45.696252],[-123.141998,45.696331],[-123.141922,45.696388],[-123.14179,45.696366],[-123.141316,45.696055],[-123.140963,45.695884],[-123.140741,45.695844],[-123.140165,45.695821],[-123.139837,45.69571],[-123.138252,45.694673],[-123.138103,45.694543],[-123.137795,45.69417],[-123.137672,45.694114],[-123.137557,45.694111],[-123.137437,45.694181],[-123.137374,45.694322],[-123.137291,45.695174],[-123.136952,45.695779],[-123.136701,45.696391],[-123.136707,45.696517],[-123.136866,45.696814],[-123.136884,45.696971],[-123.136857,45.697045],[-123.136672,45.697062],[-123.136124,45.696838],[-123.135868,45.69682],[-123.135421,45.697122],[-123.134867,45.697151],[-123.13458,45.697255],[-123.134128,45.697572],[-123.133901,45.69786],[-123.133802,45.69789],[-123.133754,45.697811],[-123.133746,45.697644],[-123.133901,45.697138],[-123.133865,45.697017],[-123.133751,45.696901],[-123.133561,45.696851],[-123.133179,45.696917],[-123.133023,45.696905],[-123.131811,45.696471],[-123.13158,45.696331],[-123.130737,45.695677],[-123.130485,45.69533],[-123.130295,45.695177],[-123.130068,45.695086],[-123.129675,45.695082],[-123.129536,45.695013],[-123.129243,45.694176],[-123.129111,45.693965],[-123.12884,45.69365],[-123.12879,45.692808],[-123.128671,45.692414],[-123.128352,45.691977],[-123.127678,45.691482],[-123.127418,45.690916],[-123.12724,45.690644],[-123.127126,45.690559],[-123.126954,45.69051],[-123.126615,45.690509],[-123.126215,45.690569],[-123.125799,45.690749],[-123.125663,45.690867],[-123.125599,45.690979],[-123.12554,45.691193],[-123.125507,45.691533],[-123.125456,45.69164],[-123.124738,45.692022],[-123.124549,45.69226],[-123.124461,45.692315],[-123.124364,45.692327],[-123.124263,45.692293],[-123.123829,45.691987],[-123.123454,45.691792],[-123.123237,45.691765],[-123.123025,45.69184],[-123.122866,45.692007],[-123.122791,45.692262],[-123.122829,45.692763],[-123.122978,45.693171],[-123.122963,45.693233],[-123.12284,45.693307],[-123.122185,45.693382],[-123.121654,45.693553],[-123.121549,45.693531],[-123.121206,45.693242],[-123.120832,45.692988],[-123.120369,45.692429],[-123.119908,45.69206],[-123.119803,45.691912],[-123.119685,45.691625],[-123.119484,45.691387],[-123.119,45.69103],[-123.118553,45.690817],[-123.118405,45.690706],[-123.117892,45.689935],[-123.117877,45.689836],[-123.11791,45.68977],[-123.118348,45.689464],[-123.118433,45.689345],[-123.118469,45.689208],[-123.118379,45.688509],[-123.118182,45.688097],[-123.118237,45.68797],[-123.118538,45.687589],[-123.118578,45.687396],[-123.118533,45.687188],[-123.118298,45.68673],[-123.118288,45.68663],[-123.118344,45.686552],[-123.118621,45.686388],[-123.118853,45.686188],[-123.119299,45.685953],[-123.119659,45.68568],[-123.120198,45.685484],[-123.1204,45.685358],[-123.120549,45.685124],[-123.120702,45.684486],[-123.120928,45.684263],[-123.121509,45.683994],[-123.121851,45.683926],[-123.12246,45.683873],[-123.122774,45.683788],[-123.124094,45.683026],[-123.124227,45.6829],[-123.124636,45.682324],[-123.124676,45.682126],[-123.124586,45.681906],[-123.124201,45.681587],[-123.12388,45.681421],[-123.123476,45.681278],[-123.123168,45.681255],[-123.122952,45.681287],[-123.122757,45.681369],[-123.121591,45.682274],[-123.1205,45.682126],[-123.120237,45.682035],[-123.119933,45.681805],[-123.119532,45.681169],[-123.119273,45.680576],[-123.119118,45.680419],[-123.118948,45.680349],[-123.118809,45.680365],[-123.118705,45.680453],[-123.118476,45.681072],[-123.118418,45.681154],[-123.118337,45.681208],[-123.118194,45.681172],[-123.118021,45.680823],[-123.117651,45.680522],[-123.11739,45.680113],[-123.117248,45.679639],[-123.116967,45.678395],[-123.116645,45.677695],[-123.116478,45.677461],[-123.116097,45.677189],[-123.11601,45.677084],[-123.116008,45.676985],[-123.116239,45.676198],[-123.116212,45.676042],[-123.116061,45.675899],[-123.115667,45.675683],[-123.114959,45.675435],[-123.11461,45.67485],[-123.114006,45.674079],[-123.113997,45.673996],[-123.114082,45.673916],[-123.114682,45.673704],[-123.114886,45.673594],[-123.114971,45.673465],[-123.114949,45.673327],[-123.11397,45.672225],[-123.113715,45.671988],[-123.113467,45.671843],[-123.113148,45.671788],[-123.112799,45.671935],[-123.112496,45.67223],[-123.112297,45.672574],[-123.112096,45.672824],[-123.111571,45.673274],[-123.111379,45.673312],[-123.110586,45.673283],[-123.109727,45.67338],[-123.109454,45.673467],[-123.108229,45.674033],[-123.107212,45.67407],[-123.10697,45.673991],[-123.106415,45.673716],[-123.106131,45.67365],[-123.105785,45.673701],[-123.10532,45.673911],[-123.105164,45.673944],[-123.104341,45.673844],[-123.10398,45.673711],[-123.103871,45.673603],[-123.10368,45.67329],[-123.103375,45.673082],[-123.103189,45.672612],[-123.103041,45.672373],[-123.102475,45.67207],[-123.102433,45.671897],[-123.102378,45.671073],[-123.102419,45.670931],[-123.10254,45.67083],[-123.103702,45.670384],[-123.103913,45.670259],[-123.104202,45.669984],[-123.104332,45.669812],[-123.10436,45.669661],[-123.104299,45.669487],[-123.103809,45.668766],[-123.103633,45.668567],[-123.103365,45.668357],[-123.102806,45.668067],[-123.102176,45.66751],[-123.100799,45.666763],[-123.100315,45.66656],[-123.100058,45.666507],[-123.099922,45.666579],[-123.099897,45.666776],[-123.100153,45.667746],[-123.100493,45.6685],[-123.100488,45.668757],[-123.100357,45.668886],[-123.100122,45.668972],[-123.100006,45.668972],[-123.099689,45.66863],[-123.099179,45.668352],[-123.098906,45.668249],[-123.096954,45.668109],[-123.096687,45.668014],[-123.096265,45.667765],[-123.095956,45.667631],[-123.095685,45.667594],[-123.095411,45.667624],[-123.095183,45.667735],[-123.095038,45.667872],[-123.094525,45.668681],[-123.094263,45.669025],[-123.094218,45.669207],[-123.094298,45.669432],[-123.094221,45.669573],[-123.094109,45.669615],[-123.093768,45.669588],[-123.093549,45.669623],[-123.093093,45.669881],[-123.092274,45.670032],[-123.091632,45.670365],[-123.090719,45.670676],[-123.090571,45.670765],[-123.090488,45.670875],[-123.090403,45.67112],[-123.09035,45.671492],[-123.09024,45.671671],[-123.090021,45.671789],[-123.089045,45.672026],[-123.088714,45.672254],[-123.087995,45.673016],[-123.087893,45.673226],[-123.087955,45.673489],[-123.088188,45.673815],[-123.089006,45.674423],[-123.08908,45.674573],[-123.088996,45.675228],[-123.088947,45.675384],[-123.088821,45.675472],[-123.08838,45.675606],[-123.088234,45.675758],[-123.088066,45.67675],[-123.088081,45.676958],[-123.088131,45.677098],[-123.088302,45.677311],[-123.088538,45.677452],[-123.08894,45.677567],[-123.089668,45.67767],[-123.090277,45.677648],[-123.090833,45.67746],[-123.091844,45.677409],[-123.09209,45.677316],[-123.092236,45.677172],[-123.092303,45.677001],[-123.09232,45.676584],[-123.092381,45.676359],[-123.092655,45.676029],[-123.092964,45.675783],[-123.094526,45.676023],[-123.09502,45.676048],[-123.095453,45.676011],[-123.095677,45.675929],[-123.095892,45.675711],[-123.096037,45.675482],[-123.096176,45.675066],[-123.096322,45.674899],[-123.09644,45.674909],[-123.096761,45.675092],[-123.097385,45.675522],[-123.097581,45.675568],[-123.097793,45.675477],[-123.098251,45.675098],[-123.098911,45.674747],[-123.099042,45.67471],[-123.09942,45.674856],[-123.100769,45.675227],[-123.100855,45.675323],[-123.100932,45.675704],[-123.101101,45.675817],[-123.101404,45.675801],[-123.101967,45.675534],[-123.10216,45.675476],[-123.10239,45.675496],[-123.102697,45.675611],[-123.103758,45.676208],[-123.104377,45.676885],[-123.104588,45.67706],[-123.105164,45.677407],[-123.105989,45.677811],[-123.106107,45.67793],[-123.106036,45.677966],[-123.105904,45.677968],[-123.104989,45.677834],[-123.104524,45.677836],[-123.103979,45.677944],[-123.10326,45.678247],[-123.102683,45.678258],[-123.102317,45.678333],[-123.102161,45.67841],[-123.10204,45.678539],[-123.101887,45.67888],[-123.101801,45.679169],[-123.101739,45.679256],[-123.101286,45.679351],[-123.101,45.679464],[-123.100654,45.679836],[-123.100446,45.679947],[-123.100301,45.679924],[-123.100011,45.679785],[-123.099429,45.679578],[-123.098662,45.679086],[-123.098414,45.678968],[-123.09811,45.678933],[-123.097675,45.678984],[-123.097039,45.67924],[-123.096286,45.679368],[-123.095906,45.679505],[-123.095691,45.679665],[-123.095466,45.680057],[-123.095359,45.68016],[-123.094547,45.680429],[-123.093083,45.68112],[-123.092969,45.681218],[-123.09292,45.681337],[-123.092924,45.681512],[-123.092983,45.6817],[-123.093165,45.68191],[-123.093704,45.682328],[-123.093767,45.682419],[-123.093728,45.682499],[-123.093489,45.682698],[-123.093401,45.682821],[-123.093331,45.683325],[-123.093271,45.683489],[-123.09308,45.683592],[-123.09217,45.683858],[-123.091278,45.684256],[-123.090825,45.68456],[-123.089966,45.685217],[-123.089773,45.685445],[-123.089738,45.685647],[-123.089814,45.685767],[-123.089991,45.685861],[-123.090211,45.685908],[-123.090503,45.685913],[-123.09149,45.685827],[-123.092692,45.685463],[-123.092981,45.685482],[-123.093264,45.685396],[-123.093791,45.685348],[-123.094116,45.685358],[-123.094164,45.685411],[-123.093524,45.685754],[-123.092693,45.685905],[-123.0923,45.68592],[-123.091805,45.686063],[-123.091516,45.686334],[-123.090833,45.6867],[-123.090717,45.686803],[-123.090643,45.687012],[-123.090637,45.687567],[-123.090528,45.687718],[-123.090326,45.687878],[-123.089284,45.688276],[-123.087921,45.688589],[-123.087407,45.688757],[-123.087091,45.688933],[-123.087033,45.689012],[-123.087034,45.689118],[-123.087153,45.689298],[-123.087323,45.689454],[-123.088336,45.690101],[-123.088734,45.690245],[-123.08896,45.690263],[-123.089179,45.690234],[-123.089519,45.690115],[-123.089926,45.689774],[-123.09018,45.689232],[-123.090488,45.688801],[-123.090929,45.688369],[-123.091501,45.688058],[-123.092022,45.687947],[-123.093333,45.687959],[-123.093803,45.688017],[-123.094341,45.688166],[-123.095455,45.688368],[-123.095874,45.688385],[-123.096769,45.688329],[-123.096953,45.688218],[-123.097219,45.687873],[-123.097646,45.687559],[-123.097766,45.68733],[-123.098015,45.686676],[-123.098123,45.686546],[-123.098229,45.686511],[-123.098353,45.686547],[-123.098808,45.686878],[-123.099115,45.687044],[-123.099485,45.687144],[-123.100001,45.687225],[-123.100259,45.687224],[-123.100465,45.687176],[-123.101003,45.686805],[-123.101187,45.686752],[-123.101365,45.686801],[-123.102037,45.687197],[-123.102342,45.687269],[-123.103271,45.687206],[-123.103794,45.687317],[-123.104206,45.687318],[-123.104536,45.687234],[-123.104953,45.686982],[-123.10505,45.686969],[-123.10531,45.687164],[-123.10548,45.687704],[-123.105415,45.687803],[-123.105069,45.688016],[-123.104927,45.688156],[-123.104864,45.68833],[-123.104931,45.688515],[-123.105082,45.688686],[-123.105402,45.688874],[-123.10637,45.689192],[-123.106479,45.689312],[-123.1065,45.689434],[-123.106448,45.689484],[-123.106342,45.689502],[-123.105776,45.689507],[-123.105219,45.689564],[-123.103519,45.68992],[-123.103336,45.690022],[-123.102858,45.69039],[-123.10214,45.690651],[-123.101327,45.691029],[-123.100944,45.691289],[-123.10069,45.691628],[-123.100624,45.691841],[-123.100656,45.692047],[-123.100881,45.692553],[-123.101198,45.693103],[-123.101147,45.693492],[-123.101257,45.694019],[-123.101258,45.69442],[-123.101213,45.694602],[-123.101034,45.694941],[-123.100939,45.695207],[-123.100656,45.695513],[-123.100556,45.69568],[-123.100512,45.696021],[-123.100347,45.696349],[-123.10029,45.696727],[-123.100229,45.696835],[-123.099885,45.697088],[-123.099392,45.697322],[-123.098367,45.697664],[-123.098176,45.697799],[-123.098105,45.697923],[-123.098138,45.698107],[-123.098385,45.698547],[-123.098574,45.699031],[-123.098695,45.699244],[-123.099109,45.699618],[-123.099447,45.699825],[-123.099601,45.699978],[-123.099555,45.700118],[-123.099568,45.700237],[-123.099635,45.700349],[-123.099841,45.700543],[-123.099951,45.700985],[-123.099935,45.701084],[-123.099831,45.701189],[-123.099031,45.701563],[-123.098932,45.70166],[-123.098915,45.701802],[-123.098992,45.702299],[-123.098992,45.70305],[-123.098841,45.702107],[-123.09877,45.701942],[-123.098683,45.701884],[-123.098609,45.701943],[-123.09857,45.702111],[-123.098686,45.703006],[-123.098662,45.703075],[-123.09859,45.703114],[-123.098514,45.703112],[-123.098435,45.703059],[-123.098249,45.702702],[-123.098122,45.702554],[-123.097905,45.702413],[-123.097671,45.702316],[-123.097397,45.702287],[-123.096889,45.702372],[-123.095596,45.7023],[-123.095193,45.702401],[-123.094659,45.702764],[-123.093919,45.702977],[-123.093594,45.70322],[-123.093436,45.703266],[-123.093283,45.70325],[-123.092987,45.703121],[-123.091924,45.70279],[-123.091412,45.702747],[-123.091003,45.70278],[-123.090555,45.702934],[-123.088531,45.703823],[-123.088341,45.703973],[-123.088147,45.704393],[-123.088049,45.705183],[-123.08783,45.705608],[-123.087783,45.705823],[-123.087825,45.706026],[-123.088097,45.706514],[-123.088102,45.70693],[-123.088246,45.708189],[-123.088372,45.70893],[-123.088349,45.709289],[-123.088203,45.709831],[-123.088019,45.710266],[-123.08766,45.710589],[-123.087179,45.710853],[-123.087093,45.710946],[-123.086998,45.711286],[-123.08709,45.711685],[-123.087004,45.711824],[-123.086766,45.712032],[-123.086694,45.712304],[-123.086704,45.712382],[-123.086767,45.712465],[-123.087441,45.712897],[-123.087594,45.713059],[-123.087618,45.713146],[-123.087291,45.713644],[-123.087074,45.71377],[-123.086728,45.713903],[-123.086568,45.714053],[-123.086084,45.714304],[-123.085848,45.714479],[-123.084963,45.71491],[-123.084457,45.715273],[-123.08433,45.71541],[-123.084307,45.715486],[-123.084333,45.715602],[-123.084656,45.71593],[-123.084707,45.71603],[-123.084542,45.716477],[-123.084502,45.716749],[-123.08452,45.716875],[-123.084647,45.717014],[-123.085049,45.717208],[-123.085098,45.717303],[-123.084801,45.71771],[-123.08465,45.717995],[-123.084518,45.718365],[-123.084514,45.718731],[-123.084321,45.719045],[-123.083957,45.719304],[-123.083836,45.719456],[-123.083813,45.719613],[-123.083871,45.719907],[-123.083817,45.720273],[-123.083383,45.720866],[-123.083321,45.721006],[-123.08329,45.721218],[-123.083387,45.72155],[-123.08354,45.721792],[-123.083775,45.721996],[-123.084416,45.722409],[-123.084668,45.722647],[-123.084899,45.72316],[-123.085209,45.723616],[-123.085768,45.724211],[-123.085823,45.724587],[-123.085934,45.724815],[-123.0864,45.725347],[-123.086844,45.725714],[-123.087028,45.725809],[-123.087598,45.725831],[-123.088026,45.726028],[-123.088175,45.726063],[-123.089084,45.72601],[-123.089477,45.726055],[-123.089606,45.726101],[-123.089712,45.726256],[-123.089716,45.726319],[-123.089675,45.726366],[-123.089533,45.726376],[-123.089186,45.726296],[-123.088906,45.72632],[-123.088716,45.72641],[-123.088686,45.726484],[-123.088708,45.726562],[-123.088928,45.726791],[-123.08963,45.727303],[-123.090614,45.727825],[-123.091117,45.728356],[-123.0916,45.728638],[-123.09162,45.72885],[-123.091864,45.729122],[-123.092046,45.729203],[-123.092868,45.729426],[-123.093496,45.729759],[-123.094029,45.729934],[-123.094403,45.73026],[-123.09517,45.730522],[-123.095691,45.730747],[-123.095772,45.730823],[-123.095769,45.730906],[-123.09556,45.731112],[-123.095526,45.731202],[-123.095562,45.731274],[-123.095706,45.731355],[-123.096385,45.731573],[-123.096903,45.731696],[-123.098121,45.731873],[-123.098569,45.731852],[-123.098836,45.732251],[-123.099071,45.732384],[-123.100329,45.732398],[-123.100769,45.73248],[-123.100916,45.73254],[-123.100935,45.732638],[-123.100744,45.732882],[-123.100712,45.733125],[-123.100669,45.733205],[-123.100152,45.733455],[-123.100021,45.733567],[-123.099995,45.733705],[-123.100056,45.733877],[-123.100447,45.734355],[-123.100967,45.73508],[-123.101335,45.735482],[-123.101679,45.735706],[-123.102709,45.736267],[-123.103042,45.7365],[-123.103116,45.736633],[-123.103007,45.736636],[-123.102594,45.736502],[-123.102116,45.736226],[-123.100856,45.735789],[-123.10027,45.735326],[-123.099714,45.734806],[-123.099295,45.734534],[-123.098658,45.734258],[-123.098206,45.733998],[-123.097679,45.733754],[-123.097376,45.733665],[-123.097067,45.733642],[-123.096594,45.7337],[-123.096337,45.733816],[-123.096103,45.734054],[-123.0959,45.734446],[-123.09575,45.734897],[-123.09569,45.73609],[-123.095774,45.736472],[-123.095933,45.736809],[-123.095884,45.73689],[-123.095719,45.736992],[-123.09513,45.737089],[-123.094505,45.737297],[-123.093827,45.73734],[-123.093385,45.737483],[-123.093309,45.737406],[-123.093308,45.73727],[-123.093493,45.736828],[-123.093522,45.736641],[-123.093447,45.736479],[-123.093281,45.736347],[-123.093108,45.736305],[-123.092716,45.736337],[-123.091609,45.736291],[-123.09094,45.736178],[-123.09023,45.735965],[-123.09003,45.736032],[-123.089881,45.736214],[-123.089861,45.736366],[-123.089944,45.736801],[-123.089939,45.73689],[-123.08989,45.736939],[-123.08975,45.736846],[-123.089489,45.736429],[-123.089276,45.736199],[-123.088826,45.73591],[-123.088372,45.735699],[-123.087999,45.735553],[-123.087643,45.735482],[-123.087397,45.735493],[-123.086827,45.735614],[-123.086704,45.735599],[-123.086638,45.735478],[-123.086627,45.735138],[-123.086837,45.734649],[-123.086743,45.734506],[-123.0865,45.734376],[-123.085193,45.733919],[-123.085068,45.733817],[-123.084809,45.733465],[-123.084605,45.733312],[-123.08399,45.732983],[-123.083116,45.732593],[-123.082777,45.732456],[-123.08255,45.732406],[-123.082414,45.73243],[-123.0823,45.732501],[-123.08194,45.732918],[-123.081502,45.733589],[-123.081124,45.734044],[-123.080959,45.734404],[-123.080951,45.734639],[-123.081065,45.734933],[-123.081246,45.735121],[-123.081738,45.73543],[-123.081765,45.735523],[-123.081716,45.735603],[-123.081449,45.735757],[-123.081296,45.735793],[-123.080552,45.735594],[-123.080185,45.735599],[-123.079149,45.735879],[-123.07894,45.735878],[-123.078665,45.735768],[-123.078559,45.735657],[-123.078547,45.73551],[-123.078625,45.735238],[-123.078749,45.735148],[-123.079231,45.735046],[-123.079549,45.734744],[-123.079875,45.734186],[-123.080156,45.733571],[-123.08043,45.733119],[-123.080506,45.73291],[-123.0805,45.732704],[-123.080413,45.73246],[-123.080156,45.7321],[-123.079986,45.73172],[-123.079902,45.731641],[-123.079815,45.731617],[-123.07967,45.731688],[-123.079106,45.732374],[-123.077714,45.733355],[-123.077399,45.733484],[-123.076576,45.733726],[-123.075625,45.734314],[-123.074753,45.734563],[-123.074274,45.734836],[-123.074116,45.735],[-123.073604,45.735739],[-123.073311,45.736093],[-123.072589,45.736833],[-123.072504,45.737047],[-123.07245,45.737511],[-123.072217,45.73808],[-123.07224,45.738229],[-123.072327,45.738257],[-123.07257,45.738233],[-123.073035,45.738085],[-123.074103,45.737393],[-123.074731,45.737037],[-123.07502,45.736941],[-123.075747,45.736889],[-123.076457,45.736888],[-123.076968,45.737034],[-123.077046,45.737086],[-123.077069,45.737146],[-123.076989,45.737193],[-123.076452,45.737242],[-123.076079,45.737372],[-123.075484,45.737383],[-123.075093,45.737507],[-123.074806,45.737758],[-123.073994,45.738799],[-123.073577,45.739198],[-123.073499,45.739323],[-123.073502,45.739534],[-123.073617,45.739705],[-123.073807,45.739824],[-123.074668,45.740209],[-123.074913,45.740475],[-123.074865,45.740555],[-123.074465,45.740697],[-123.074192,45.740957],[-123.074113,45.741077],[-123.073959,45.741493],[-123.073945,45.741677],[-123.074041,45.741809],[-123.074334,45.74197],[-123.074377,45.742038],[-123.073761,45.742287],[-123.073596,45.742421],[-123.073577,45.742604],[-123.073728,45.742895],[-123.073735,45.742978],[-123.073451,45.7432],[-123.073367,45.743309],[-123.073293,45.74361],[-123.073327,45.744049],[-123.073042,45.74438],[-123.073085,45.744506],[-123.073024,45.744709],[-123.073145,45.744975],[-123.073088,45.745272],[-123.073093,45.745513],[-123.073152,45.745667],[-123.073396,45.746041],[-123.073426,45.746375],[-123.073477,45.746538],[-123.073607,45.746677],[-123.074566,45.747335],[-123.074823,45.747621],[-123.074978,45.747738],[-123.075907,45.748289],[-123.076168,45.748379],[-123.076493,45.748646],[-123.076743,45.748792],[-123.076762,45.748844],[-123.076706,45.749109],[-123.076339,45.749433],[-123.076267,45.749569],[-123.07626,45.749714],[-123.076417,45.750265],[-123.07659,45.750617],[-123.077072,45.751167],[-123.077386,45.75128],[-123.078815,45.751592],[-123.07959,45.751949],[-123.080203,45.752292],[-123.080855,45.752515],[-123.081722,45.752723],[-123.082029,45.752769],[-123.082465,45.752752],[-123.082826,45.75267],[-123.083164,45.752513],[-123.083245,45.752515],[-123.083143,45.752658],[-123.082693,45.75301],[-123.082425,45.753131],[-123.082178,45.753183],[-123.081306,45.7532],[-123.079619,45.753087],[-123.078578,45.752839],[-123.078104,45.752781],[-123.077842,45.752806],[-123.077778,45.752924],[-123.077837,45.753067],[-123.077978,45.753234],[-123.078522,45.753687],[-123.07872,45.754017],[-123.079082,45.754452],[-123.079301,45.75489],[-123.079274,45.755084],[-123.078901,45.755634],[-123.07885,45.755834],[-123.078892,45.755957],[-123.078997,45.756003],[-123.079535,45.756096],[-123.08004,45.756302],[-123.080419,45.756518],[-123.080607,45.756577],[-123.080941,45.756593],[-123.08142,45.756473],[-123.081759,45.756453],[-123.082379,45.756675],[-123.082409,45.756735],[-123.082363,45.756798],[-123.081865,45.757177],[-123.081688,45.757506],[-123.081701,45.757642],[-123.081785,45.757843],[-123.0822,45.758572],[-123.082877,45.759182],[-123.083561,45.759568],[-123.084054,45.759971],[-123.084991,45.760452],[-123.085334,45.760697],[-123.085687,45.760875],[-123.085967,45.76097],[-123.086392,45.761025],[-123.08642,45.761089],[-123.086284,45.761379],[-123.086338,45.761581],[-123.087319,45.76241],[-123.087362,45.762502],[-123.08737,45.762779],[-123.08748,45.762941],[-123.087733,45.763106],[-123.088456,45.763464],[-123.088495,45.763551],[-123.088489,45.763818],[-123.088552,45.764085],[-123.088519,45.764131],[-123.088464,45.764117],[-123.087059,45.763527],[-123.086878,45.763368],[-123.0866,45.76304],[-123.086184,45.762663],[-123.085832,45.762437],[-123.085261,45.762183],[-123.085015,45.761948],[-123.08363,45.760958],[-123.083034,45.760694],[-123.082383,45.760633],[-123.082134,45.760363],[-123.081545,45.760043],[-123.081386,45.759686],[-123.081058,45.759411],[-123.080627,45.75926],[-123.079993,45.759236],[-123.079865,45.759196],[-123.079724,45.758946],[-123.079585,45.758806],[-123.078915,45.758442],[-123.078719,45.757958],[-123.078424,45.757534],[-123.078224,45.757413],[-123.077996,45.757376],[-123.077897,45.757401],[-123.07783,45.757466],[-123.077532,45.758098],[-123.077493,45.758262],[-123.077482,45.758784],[-123.07744,45.758903],[-123.077291,45.758966],[-123.076491,45.759039],[-123.076015,45.7592],[-123.075629,45.759514],[-123.075267,45.759737],[-123.074979,45.760188],[-123.074919,45.760492],[-123.075033,45.760988],[-123.075029,45.761321],[-123.075167,45.761924],[-123.075102,45.762402],[-123.075256,45.763027],[-123.075258,45.763173],[-123.07522,45.76326],[-123.075101,45.763259],[-123.074765,45.762986],[-123.074531,45.762897],[-123.074286,45.762712],[-123.07381,45.762546],[-123.07371,45.762445],[-123.073445,45.76199],[-123.07329,45.761853],[-123.073137,45.761788],[-123.072881,45.761807],[-123.07147,45.762377],[-123.070781,45.762791],[-123.070671,45.762944],[-123.070682,45.763098],[-123.070789,45.763294],[-123.071238,45.763637],[-123.071304,45.763756],[-123.071169,45.764497],[-123.071141,45.764996],[-123.071038,45.765214],[-123.070934,45.765292],[-123.070858,45.765192],[-123.070732,45.764741],[-123.070722,45.76431],[-123.070641,45.764061],[-123.070386,45.763813],[-123.070025,45.76362],[-123.06955,45.763228],[-123.069482,45.763135],[-123.069517,45.763016],[-123.069734,45.762743],[-123.070235,45.762355],[-123.070398,45.762185],[-123.070455,45.762046],[-123.070468,45.761761],[-123.070534,45.76164],[-123.071215,45.761169],[-123.071357,45.76097],[-123.071343,45.760846],[-123.071262,45.760739],[-123.07111,45.760632],[-123.070863,45.760554],[-123.070771,45.7604],[-123.070681,45.760326],[-123.070999,45.760035],[-123.071065,45.759917],[-123.071082,45.75964],[-123.071007,45.759383],[-123.070898,45.759266],[-123.070751,45.759217],[-123.07062,45.759237],[-123.070426,45.759333],[-123.070364,45.759327],[-123.070283,45.759034],[-123.070184,45.758866],[-123.070241,45.75879],[-123.070643,45.758536],[-123.07086,45.758251],[-123.071032,45.757501],[-123.071437,45.756806],[-123.07156,45.756437],[-123.071589,45.756052],[-123.071771,45.755646],[-123.07188,45.755611],[-123.072323,45.755603],[-123.072469,45.755539],[-123.072717,45.755598],[-123.073459,45.755505],[-123.07361,45.755435],[-123.073694,45.755333],[-123.073688,45.755015],[-123.07418,45.754968],[-123.074345,45.754879],[-123.074382,45.754775],[-123.074357,45.754393],[-123.074392,45.754197],[-123.074456,45.754058],[-123.074737,45.753733],[-123.074907,45.753219],[-123.074923,45.752917],[-123.074854,45.75273],[-123.074645,45.75258],[-123.074437,45.752556],[-123.074328,45.752621],[-123.074137,45.752884],[-123.07399,45.753003],[-123.073792,45.753059],[-123.07361,45.752998],[-123.073397,45.7527],[-123.07323,45.752212],[-123.072966,45.75172],[-123.072297,45.750984],[-123.072157,45.750474],[-123.072004,45.750208],[-123.071824,45.750084],[-123.071321,45.749873],[-123.071078,45.749623],[-123.070936,45.749525],[-123.070131,45.749147],[-123.069356,45.748531],[-123.069185,45.748448],[-123.069034,45.74846],[-123.068902,45.748542],[-123.068526,45.74909],[-123.068434,45.749174],[-123.067541,45.749351],[-123.06686,45.749589],[-123.065287,45.750745],[-123.065256,45.750704],[-123.065275,45.750572],[-123.06549,45.750006],[-123.065617,45.749516],[-123.06563,45.749269],[-123.065582,45.749009],[-123.065409,45.74862],[-123.065107,45.748213],[-123.064864,45.748025],[-123.064609,45.747949],[-123.064083,45.747975],[-123.063613,45.748127],[-123.062901,45.748558],[-123.062152,45.748942],[-123.06176,45.749223],[-123.061532,45.749462],[-123.061427,45.749527],[-123.06107,45.749517],[-123.060329,45.749363],[-123.060021,45.749375],[-123.059337,45.749591],[-123.059045,45.749958],[-123.058971,45.750022],[-123.058893,45.750028],[-123.05888,45.74997],[-123.058948,45.749833],[-123.059379,45.749305],[-123.059767,45.748926],[-123.060268,45.748572],[-123.060961,45.748271],[-123.061201,45.748058],[-123.061335,45.747839],[-123.06143,45.747561],[-123.061443,45.747304],[-123.061397,45.746954],[-123.061421,45.746871],[-123.062159,45.746263],[-123.062221,45.746129],[-123.062241,45.745737],[-123.062542,45.745482],[-123.062994,45.745008],[-123.063194,45.744762],[-123.063265,45.744608],[-123.063281,45.744413],[-123.06325,45.744219],[-123.063016,45.743733],[-123.062802,45.743492],[-123.06249,45.743411],[-123.062431,45.743356],[-123.062467,45.742982],[-123.062412,45.742827],[-123.062227,45.742725],[-123.061695,45.742712],[-123.061625,45.742675],[-123.061645,45.742609],[-123.061846,45.742377],[-123.061975,45.742038],[-123.062414,45.741763],[-123.062478,45.741594],[-123.062408,45.741244],[-123.062388,45.740762],[-123.062125,45.739868],[-123.061997,45.739724],[-123.061395,45.739314],[-123.061262,45.739152],[-123.061319,45.738949],[-123.061404,45.738813],[-123.062135,45.738388],[-123.06287,45.737605],[-123.062998,45.737412],[-123.063017,45.737284],[-123.062981,45.737152],[-123.062578,45.736633],[-123.062494,45.736285],[-123.062411,45.736166],[-123.062235,45.736127],[-123.061728,45.736156],[-123.061059,45.735993],[-123.060484,45.736023],[-123.059881,45.735825],[-123.059368,45.735719],[-123.058807,45.735514],[-123.058384,45.735406],[-123.057567,45.735247],[-123.057342,45.735236],[-123.057204,45.73528],[-123.057145,45.735353],[-123.057141,45.735464],[-123.057343,45.735915],[-123.057517,45.736184],[-123.05795,45.736607],[-123.058002,45.736738],[-123.057873,45.73718],[-123.057557,45.737778],[-123.057508,45.738302],[-123.057451,45.738481],[-123.057216,45.738815],[-123.056561,45.739314],[-123.056366,45.739399],[-123.055823,45.739522],[-123.055521,45.739696],[-123.055339,45.739969],[-123.055163,45.740648],[-123.055034,45.740949],[-123.054914,45.741131],[-123.054826,45.741207],[-123.054565,45.741302],[-123.054129,45.741682],[-123.053956,45.74172],[-123.053955,45.74163],[-123.054013,45.741507],[-123.054635,45.740523],[-123.054772,45.739589],[-123.054851,45.739347],[-123.055625,45.738301],[-123.055689,45.737973],[-123.05567,45.737408],[-123.055943,45.737039],[-123.055982,45.736889],[-123.055933,45.736774],[-123.055792,45.736606],[-123.055256,45.736188],[-123.055213,45.736056],[-123.055203,45.735689],[-123.055133,45.735474],[-123.05474,45.735037],[-123.054524,45.734691],[-123.054361,45.734499],[-123.054157,45.734375],[-123.053521,45.734172],[-123.053002,45.734069],[-123.052887,45.734007],[-123.052794,45.733679],[-123.052871,45.733404],[-123.052988,45.733338],[-123.05326,45.733337],[-123.054117,45.733537],[-123.054285,45.733524],[-123.054387,45.733462],[-123.054448,45.733328],[-123.054455,45.733156],[-123.054313,45.732766],[-123.054295,45.732603],[-123.054353,45.732309],[-123.05444,45.732094],[-123.055014,45.731405],[-123.055484,45.730586],[-123.055764,45.730209],[-123.055835,45.73004],[-123.055898,45.729692],[-123.055976,45.729545],[-123.056303,45.729187],[-123.056771,45.72877],[-123.056984,45.728439],[-123.057294,45.728192],[-123.057422,45.728131],[-123.057886,45.728073],[-123.058179,45.728126],[-123.058506,45.728282],[-123.059264,45.728785],[-123.059558,45.728902],[-123.060555,45.728912],[-123.061081,45.729076],[-123.061598,45.729175],[-123.06239,45.729645],[-123.062496,45.729806],[-123.062582,45.730145],[-123.062731,45.730236],[-123.06292,45.730258],[-123.063106,45.730232],[-123.063683,45.730001],[-123.064229,45.730048],[-123.064451,45.729982],[-123.064565,45.729847],[-123.064752,45.729464],[-123.064849,45.728693],[-123.064901,45.728509],[-123.065083,45.728189],[-123.065515,45.727569],[-123.065656,45.727243],[-123.065653,45.727111],[-123.065589,45.726995],[-123.064996,45.726564],[-123.064953,45.726438],[-123.065313,45.726125],[-123.065917,45.725792],[-123.066086,45.725637],[-123.066192,45.725425],[-123.066376,45.724798],[-123.066415,45.724454],[-123.066322,45.7243],[-123.065908,45.724131],[-123.065499,45.723798],[-123.065184,45.723605],[-123.064812,45.72316],[-123.064738,45.723014],[-123.064721,45.722829],[-123.064794,45.722722],[-123.065547,45.722607],[-123.065676,45.722524],[-123.065715,45.722419],[-123.065697,45.722254],[-123.06549,45.721533],[-123.065173,45.720806],[-123.06508,45.720205],[-123.064969,45.720013],[-123.064145,45.719374],[-123.063925,45.719263],[-123.063693,45.719208],[-123.063417,45.719259],[-123.06262,45.719625],[-123.062462,45.719736],[-123.062292,45.719782],[-123.062197,45.719769],[-123.062024,45.719531],[-123.061749,45.718867],[-123.061642,45.718698],[-123.061283,45.718491],[-123.060863,45.718416],[-123.060643,45.718442],[-123.060458,45.718534],[-123.060312,45.718667],[-123.060155,45.718905],[-123.059959,45.719269],[-123.059682,45.719933],[-123.05967,45.720084],[-123.059748,45.720324],[-123.05973,45.720413],[-123.059169,45.720721],[-123.058923,45.720894],[-123.058519,45.721375],[-123.058428,45.72155],[-123.058415,45.721773],[-123.0585,45.722046],[-123.058791,45.722424],[-123.059129,45.722771],[-123.059119,45.722877],[-123.059002,45.72309],[-123.058963,45.723261],[-123.058986,45.723442],[-123.059141,45.723813],[-123.05914,45.723932],[-123.05908,45.724036],[-123.059017,45.724042],[-123.058866,45.723976],[-123.058095,45.723453],[-123.057657,45.723279],[-123.057172,45.722925],[-123.056666,45.722656],[-123.056165,45.722519],[-123.055672,45.722503],[-123.055264,45.722571],[-123.054851,45.722716],[-123.054403,45.722917],[-123.053806,45.723251],[-123.0525,45.723679],[-123.052223,45.723706],[-123.051686,45.723546],[-123.0514,45.723582],[-123.05106,45.723785],[-123.05053,45.724308],[-123.050236,45.724541],[-123.049882,45.724631],[-123.049662,45.724608],[-123.049701,45.724449],[-123.050295,45.723468],[-123.050432,45.723305],[-123.050855,45.72293],[-123.050948,45.722801],[-123.050967,45.722446],[-123.050872,45.721695],[-123.050903,45.721584],[-123.051099,45.721481],[-123.052203,45.721249],[-123.052345,45.721186],[-123.05241,45.721116],[-123.052417,45.720914],[-123.052126,45.719884],[-123.052022,45.719121],[-123.052019,45.718848],[-123.052172,45.718129],[-123.052291,45.717965],[-123.05277,45.717527],[-123.052828,45.717385],[-123.052805,45.717247],[-123.052449,45.716891],[-123.052165,45.716504],[-123.052014,45.716396],[-123.05138,45.716203],[-123.049609,45.715824],[-123.048247,45.715398],[-123.047402,45.715196],[-123.046583,45.714647],[-123.045145,45.713862],[-123.045083,45.713814],[-123.045076,45.713764],[-123.045191,45.713729],[-123.045781,45.713734],[-123.047057,45.7141],[-123.048044,45.714224],[-123.049618,45.714207],[-123.051378,45.714111],[-123.052066,45.713993],[-123.052412,45.713818],[-123.052815,45.713291],[-123.053014,45.712925],[-123.053048,45.712737],[-123.052971,45.712514],[-123.0528,45.712255],[-123.052223,45.71176],[-123.051005,45.710498],[-123.050492,45.710136],[-123.049311,45.709598],[-123.048953,45.709318],[-123.048785,45.709085],[-123.048534,45.708577],[-123.048544,45.708231],[-123.048469,45.708032],[-123.047314,45.706693],[-123.047441,45.706227],[-123.047625,45.705183],[-123.047684,45.705103],[-123.048028,45.704843],[-123.048433,45.704052],[-123.04848,45.703786],[-123.048471,45.703302],[-123.048384,45.703016],[-123.048221,45.70279],[-123.047615,45.702359],[-123.047115,45.70208],[-123.04693,45.701888],[-123.046914,45.701791],[-123.046944,45.701711],[-123.047265,45.701346],[-123.047642,45.700764],[-123.047719,45.700524],[-123.047707,45.700307],[-123.047618,45.700045],[-123.047451,45.699777],[-123.046832,45.699219],[-123.046397,45.698926],[-123.04624,45.698754],[-123.046155,45.698588],[-123.046168,45.698505],[-123.046245,45.698414],[-123.046838,45.698079],[-123.047257,45.69771],[-123.047495,45.697301],[-123.047541,45.696977],[-123.047477,45.696772],[-123.047286,45.696563],[-123.047084,45.696405],[-123.046329,45.695944],[-123.045888,45.695321],[-123.045501,45.695037],[-123.045593,45.694746],[-123.045633,45.694394],[-123.045739,45.694297],[-123.046089,45.694124],[-123.046229,45.694008],[-123.046448,45.693682],[-123.046538,45.693411],[-123.046549,45.69324],[-123.046511,45.693133],[-123.045992,45.692692],[-123.045964,45.692578],[-123.046539,45.691812],[-123.046862,45.691502],[-123.04692,45.691307],[-123.046876,45.691122],[-123.046734,45.690885],[-123.046493,45.690568],[-123.045921,45.689991],[-123.045772,45.689752],[-123.045745,45.689527],[-123.04584,45.689042],[-123.045844,45.688797],[-123.045781,45.688623],[-123.045474,45.688206],[-123.045345,45.68793],[-123.045342,45.686908],[-123.045288,45.686783],[-123.045191,45.686697],[-123.045018,45.686628],[-123.044756,45.686629],[-123.043964,45.686904],[-123.043726,45.686901],[-123.04305,45.686436],[-123.042399,45.686089],[-123.042057,45.685945],[-123.041154,45.685683],[-123.040383,45.685194],[-123.039707,45.684926],[-123.039102,45.684761],[-123.038469,45.68442],[-123.038062,45.684104],[-123.037943,45.683889],[-123.037929,45.683768],[-123.038009,45.683482],[-123.038039,45.683016],[-123.037997,45.682702],[-123.037912,45.682479],[-123.037817,45.682353],[-123.03769,45.68226],[-123.037165,45.682025],[-123.036664,45.681895],[-123.03623,45.681869],[-123.035679,45.681931],[-123.035051,45.682069],[-123.034603,45.682085],[-123.032036,45.681584],[-123.031501,45.681527],[-123.031291,45.681553],[-123.030952,45.681727],[-123.030823,45.68173],[-123.03076,45.681547],[-123.030804,45.681149],[-123.030631,45.680813],[-123.030679,45.680708],[-123.031094,45.680252],[-123.031124,45.680124],[-123.031076,45.680016],[-123.030573,45.679692],[-123.029849,45.679369],[-123.029498,45.679254],[-123.029399,45.679075],[-123.029347,45.678642],[-123.02929,45.678475],[-123.029159,45.678317],[-123.028893,45.67813],[-123.027974,45.677755],[-123.026944,45.677196],[-123.026536,45.677139],[-123.025901,45.67721],[-123.025231,45.676828],[-123.025186,45.676759],[-123.025217,45.676677],[-123.02562,45.676339],[-123.025761,45.676165],[-123.025809,45.676035],[-123.025801,45.675886],[-123.025657,45.675691],[-123.025111,45.675361],[-123.024746,45.675038],[-123.024597,45.674491],[-123.024284,45.674031],[-123.024166,45.673783],[-123.024052,45.673076],[-123.023963,45.672867],[-123.023732,45.672649],[-123.022459,45.672061],[-123.022018,45.671778],[-123.021746,45.671474],[-123.021508,45.671039],[-123.021209,45.670827],[-123.02045,45.669868],[-123.020195,45.669698],[-123.01999,45.66966],[-123.019723,45.669666],[-123.01895,45.669896],[-123.018652,45.669933],[-123.018356,45.669904],[-123.017201,45.669661],[-123.016517,45.669579],[-123.016195,45.669577],[-123.016106,45.669618],[-123.016085,45.669669],[-123.016134,45.669762],[-123.016338,45.669947],[-123.01642,45.670148],[-123.016532,45.670232],[-123.017274,45.670557],[-123.018994,45.671068],[-123.019242,45.671208],[-123.019339,45.67138],[-123.019344,45.671604],[-123.019226,45.672089],[-123.019308,45.672658],[-123.019245,45.672935],[-123.018949,45.673218],[-123.018051,45.673624],[-123.017918,45.673721],[-123.017877,45.673825],[-123.017965,45.673936],[-123.01825,45.674041],[-123.018849,45.674179],[-123.019398,45.674219],[-123.01948,45.674256],[-123.019412,45.674328],[-123.019058,45.674503],[-123.018419,45.674981],[-123.017974,45.67543],[-123.017797,45.675768],[-123.017823,45.675955],[-123.017978,45.676154],[-123.018684,45.676584],[-123.019008,45.676733],[-123.019075,45.676797],[-123.01908,45.676859],[-123.018857,45.677117],[-123.018724,45.677181],[-123.017405,45.677237],[-123.016955,45.677317],[-123.0168,45.677397],[-123.016699,45.677496],[-123.016628,45.677639],[-123.016602,45.677788],[-123.016619,45.677967],[-123.016682,45.678138],[-123.016956,45.678514],[-123.0175,45.678846],[-123.018562,45.679355],[-123.018811,45.679563],[-123.018966,45.679754],[-123.019049,45.680007],[-123.019057,45.680284],[-123.018861,45.680895],[-123.0188,45.681417],[-123.018821,45.681615],[-123.018917,45.68182],[-123.019061,45.681945],[-123.019341,45.682039],[-123.020375,45.682126],[-123.020846,45.682077],[-123.022386,45.68175],[-123.022538,45.681766],[-123.022535,45.681875],[-123.022251,45.682161],[-123.021223,45.682696],[-123.020708,45.683035],[-123.020562,45.683199],[-123.020516,45.683389],[-123.020573,45.683548],[-123.020686,45.6837],[-123.021153,45.68408],[-123.021616,45.684303],[-123.022352,45.684559],[-123.02285,45.684905],[-123.023419,45.685055],[-123.024334,45.685203],[-123.024649,45.685167],[-123.024994,45.684989],[-123.025099,45.684981],[-123.025457,45.685315],[-123.025689,45.685452],[-123.027372,45.685947],[-123.028208,45.686321],[-123.028501,45.68641],[-123.02882,45.686392],[-123.029707,45.686146],[-123.029849,45.686147],[-123.029823,45.686259],[-123.029508,45.686604],[-123.029411,45.68678],[-123.029376,45.686975],[-123.02944,45.687124],[-123.029852,45.687435],[-123.030751,45.687867],[-123.031116,45.687954],[-123.031607,45.68796],[-123.031737,45.688011],[-123.031842,45.688394],[-123.032395,45.689284],[-123.032678,45.689577],[-123.033056,45.689793],[-123.033141,45.690047],[-123.033432,45.690572],[-123.033456,45.690668],[-123.033423,45.69073],[-123.033278,45.690692],[-123.032406,45.69006],[-123.032036,45.689833],[-123.031518,45.689608],[-123.030996,45.689523],[-123.030941,45.689442],[-123.030895,45.689102],[-123.030789,45.688958],[-123.030635,45.68883],[-123.029912,45.688395],[-123.029217,45.68807],[-123.028624,45.687848],[-123.028233,45.687756],[-123.028025,45.687765],[-123.027345,45.688232],[-123.027145,45.688304],[-123.027099,45.688217],[-123.027096,45.687694],[-123.027034,45.687453],[-123.026835,45.687283],[-123.026423,45.687125],[-123.025442,45.686931],[-123.024519,45.686832],[-123.024216,45.686878],[-123.023783,45.687108],[-123.023654,45.687136],[-123.023527,45.687067],[-123.023313,45.686815],[-123.023156,45.686726],[-123.022296,45.686521],[-123.021862,45.686471],[-123.02136,45.686495],[-123.020757,45.686781],[-123.02063,45.686792],[-123.020235,45.686421],[-123.019723,45.686224],[-123.018806,45.685791],[-123.018528,45.685713],[-123.018182,45.685726],[-123.017634,45.685914],[-123.017107,45.686247],[-123.016835,45.686512],[-123.016719,45.686709],[-123.016688,45.686913],[-123.016722,45.68718],[-123.016852,45.687675],[-123.016851,45.687903],[-123.016671,45.688315],[-123.01658,45.688381],[-123.0165,45.688374],[-123.016436,45.688303],[-123.016315,45.687923],[-123.015942,45.687402],[-123.015514,45.686585],[-123.015366,45.686433],[-123.01518,45.686376],[-123.014836,45.68638],[-123.013372,45.686593],[-123.013265,45.686558],[-123.013149,45.686429],[-123.013144,45.686367],[-123.013202,45.686308],[-123.013693,45.686108],[-123.014014,45.685943],[-123.014155,45.68583],[-123.01424,45.685631],[-123.014202,45.685201],[-123.014258,45.685085],[-123.01438,45.685077],[-123.015123,45.685237],[-123.015563,45.685223],[-123.015924,45.685128],[-123.016183,45.685009],[-123.016312,45.684882],[-123.016329,45.68474],[-123.016189,45.684493],[-123.015815,45.684147],[-123.0154,45.683942],[-123.014578,45.68361],[-123.014146,45.683403],[-123.01395,45.683269],[-123.013837,45.683095],[-123.013723,45.682541],[-123.013647,45.68236],[-123.013074,45.681802],[-123.012945,45.681611],[-123.012746,45.680853],[-123.012664,45.680681],[-123.01246,45.680524],[-123.011893,45.680385],[-123.011718,45.680258],[-123.011576,45.68],[-123.011521,45.679814],[-123.011555,45.679199],[-123.011291,45.678865],[-123.01123,45.678698],[-123.011266,45.678448],[-123.011496,45.678047],[-123.011488,45.677948],[-123.011385,45.67783],[-123.011039,45.677651],[-123.010456,45.67753],[-123.010215,45.677438],[-123.010092,45.677319],[-123.009935,45.677006],[-123.00966,45.67682],[-123.00928,45.67674],[-123.008754,45.676749],[-123.008335,45.676888],[-123.008215,45.676991],[-123.008157,45.677114],[-123.008189,45.677594],[-123.008409,45.678389],[-123.008403,45.678473],[-123.008357,45.678515],[-123.007593,45.67844],[-123.006215,45.677861],[-123.005888,45.677749],[-123.005689,45.677724],[-123.005393,45.677838],[-123.005031,45.678136],[-123.004897,45.678294],[-123.004649,45.678738],[-123.00456,45.678784],[-123.004092,45.678503],[-123.003904,45.678298],[-123.003841,45.678104],[-123.003752,45.677275],[-123.003618,45.677069],[-123.003195,45.676659],[-123.003119,45.676293],[-123.003056,45.676167],[-123.002887,45.676066],[-123.002631,45.676063],[-123.002476,45.676109],[-123.002372,45.676197],[-123.002326,45.676347],[-123.002317,45.676621],[-123.002258,45.676707],[-123.001509,45.677152],[-123.001282,45.677341],[-123.001215,45.677481],[-123.00119,45.677772],[-123.000873,45.678012],[-123.000761,45.678182],[-123.000775,45.678352],[-123.00094,45.678564],[-123.000936,45.678634],[-123.000654,45.678674],[-123.000562,45.678733],[-123.000156,45.679339],[-122.999885,45.679695],[-122.999718,45.679851],[-122.999686,45.679784],[-122.999719,45.679391],[-122.999564,45.679189],[-122.999497,45.678951],[-122.999503,45.67849],[-122.999668,45.678159],[-122.999623,45.67783],[-122.999535,45.677636],[-122.999309,45.677362],[-122.999151,45.677052],[-122.998644,45.676541],[-122.998575,45.676295],[-122.998532,45.675878],[-122.998452,45.675673],[-122.998379,45.675614],[-122.998246,45.675582],[-122.997692,45.675729],[-122.997485,45.6757],[-122.997376,45.675608],[-122.997306,45.675473],[-122.997297,45.675361],[-122.997352,45.675098],[-122.997291,45.674973],[-122.997101,45.674869],[-122.996818,45.674791],[-122.996618,45.674605],[-122.996213,45.674599],[-122.996056,45.674525],[-122.995881,45.674269],[-122.995901,45.673898],[-122.995864,45.673801],[-122.995217,45.673541],[-122.994932,45.673232],[-122.994909,45.672991],[-122.995002,45.672648],[-122.995133,45.672422],[-122.995131,45.672346],[-122.995085,45.672283],[-122.994831,45.672213],[-122.994186,45.672195],[-122.993562,45.672329],[-122.99334,45.672441],[-122.992986,45.672758],[-122.992605,45.672992],[-122.992125,45.673111],[-122.990873,45.67381],[-122.990403,45.674364],[-122.990263,45.674669],[-122.98995,45.674875],[-122.989895,45.675085],[-122.989536,45.67536],[-122.989685,45.67549],[-122.989303,45.675482],[-122.9891,45.675676],[-122.98857,45.675917],[-122.988231,45.676125],[-122.987677,45.676615],[-122.986996,45.676922],[-122.986276,45.677183],[-122.98505,45.677787],[-122.984851,45.677949],[-122.984819,45.67805],[-122.984842,45.678141],[-122.98497,45.678262],[-122.985226,45.678412],[-122.98611,45.678718],[-122.987225,45.67924],[-122.987774,45.679433],[-122.988139,45.679499],[-122.988615,45.679539],[-122.989217,45.679433],[-122.989485,45.67931],[-122.989718,45.679044],[-122.990057,45.678881],[-122.990441,45.678908],[-122.990781,45.678997],[-122.991174,45.678927],[-122.991356,45.678842],[-122.991615,45.678581],[-122.992062,45.678463],[-122.992531,45.67825],[-122.992693,45.6783],[-122.993067,45.678597],[-122.993342,45.678926],[-122.993459,45.679215],[-122.993578,45.679312],[-122.993804,45.679342],[-122.994199,45.679188],[-122.994319,45.679174],[-122.994682,45.679394],[-122.994799,45.679559],[-122.994741,45.679864],[-122.99482,45.680188],[-122.994782,45.680296],[-122.994615,45.680501],[-122.994615,45.680606],[-122.99469,45.680723],[-122.994795,45.680805],[-122.995203,45.680833],[-122.995468,45.681022],[-122.995621,45.681306],[-122.995502,45.681697],[-122.99561,45.682184],[-122.995742,45.68229],[-122.996052,45.682327],[-122.996121,45.682371],[-122.996119,45.682425],[-122.996015,45.68254],[-122.996007,45.682617],[-122.996114,45.682822],[-122.99615,45.683059],[-122.99637,45.683228],[-122.996346,45.683531],[-122.996464,45.684149],[-122.996501,45.684856],[-122.996608,45.685065],[-122.996815,45.685212],[-122.9975,45.685528],[-122.99772,45.685592],[-122.998019,45.685601],[-122.998279,45.685873],[-122.998737,45.68609],[-122.999033,45.6863],[-122.999644,45.686578],[-123.000242,45.686721],[-123.000384,45.686694],[-123.000626,45.686574],[-123.000739,45.686574],[-123.000926,45.686841],[-123.001055,45.687151],[-123.001278,45.687353],[-123.001543,45.687459],[-123.002163,45.687503],[-123.002264,45.687549],[-123.002254,45.687629],[-123.002102,45.687882],[-123.002105,45.68799],[-123.002273,45.688198],[-123.002656,45.688487],[-123.002942,45.688607],[-123.00346,45.688558],[-123.003551,45.688581],[-123.003546,45.688698],[-123.003352,45.688994],[-123.003377,45.689181],[-123.003641,45.689485],[-123.003951,45.689564],[-123.004173,45.689742],[-123.004182,45.689811],[-123.004037,45.690174],[-123.004046,45.690648],[-123.004117,45.690788],[-123.004456,45.691046],[-123.004482,45.691128],[-123.003622,45.691506],[-123.003269,45.691743],[-123.003036,45.691986],[-123.002719,45.692625],[-123.002704,45.692979],[-123.00244,45.693259],[-123.002283,45.693581],[-123.002283,45.693826],[-123.002435,45.694101],[-123.003017,45.694782],[-123.003606,45.695195],[-123.004172,45.695503],[-123.004981,45.695857],[-123.005831,45.696079],[-123.00703,45.696484],[-123.007205,45.696561],[-123.007255,45.696618],[-123.006908,45.69659],[-123.005925,45.696393],[-123.005225,45.696377],[-123.004908,45.696327],[-123.003372,45.695744],[-123.002799,45.695616],[-123.00216,45.695274],[-123.001871,45.695167],[-123.001586,45.695193],[-123.001256,45.695383],[-123.000937,45.695648],[-123.00068,45.695952],[-123.000472,45.696116],[-123.000247,45.696703],[-122.999764,45.697435],[-122.999704,45.69766],[-122.999898,45.697973],[-122.999916,45.698528],[-123.00002,45.698694],[-123.000407,45.699027],[-123.000603,45.699316],[-123.001112,45.699725],[-123.001455,45.699921],[-123.00189,45.700058],[-123.002756,45.700601],[-123.003529,45.701572],[-123.003849,45.70188],[-123.004259,45.702102],[-123.004301,45.702174],[-123.004276,45.702254],[-123.004165,45.70235],[-123.003964,45.702424],[-123.003932,45.702511],[-123.00432,45.703486],[-123.00409,45.703106],[-123.003863,45.702627],[-123.003737,45.702462],[-123.003216,45.702312],[-123.002311,45.701774],[-123.002007,45.70135],[-123.001643,45.701083],[-123.00113,45.700598],[-123.000493,45.700273],[-122.999968,45.700175],[-122.999513,45.700235],[-122.999354,45.700335],[-122.999231,45.700485],[-122.999118,45.701078],[-122.998787,45.701642],[-122.998713,45.702017],[-122.998562,45.702368],[-122.998562,45.702494],[-122.998663,45.702782],[-122.998664,45.702885],[-122.998448,45.703153],[-122.998356,45.70321],[-122.998319,45.703173],[-122.998278,45.702928],[-122.998093,45.702601],[-122.998015,45.702296],[-122.99786,45.702029],[-122.998048,45.701748],[-122.998135,45.701387],[-122.998147,45.700752],[-122.998225,45.700494],[-122.998226,45.700354],[-122.998171,45.700203],[-122.997981,45.699941],[-122.99779,45.699763],[-122.997603,45.699694],[-122.997335,45.699664],[-122.996656,45.699745],[-122.996104,45.699742],[-122.995746,45.699795],[-122.995486,45.699694],[-122.994681,45.699569],[-122.99441,45.699625],[-122.99409,45.699855],[-122.993836,45.699785],[-122.993104,45.699759],[-122.992311,45.699676],[-122.992026,45.69971],[-122.991563,45.699859],[-122.991552,45.69959],[-122.9914,45.699474],[-122.991093,45.699363],[-122.990409,45.699224],[-122.989874,45.698938],[-122.989352,45.698812],[-122.989331,45.698754],[-122.989528,45.698598],[-122.989531,45.698512],[-122.98912,45.69809],[-122.988747,45.697934],[-122.988633,45.69785],[-122.988543,45.697724],[-122.988378,45.697337],[-122.98807,45.697213],[-122.987873,45.696979],[-122.987558,45.696872],[-122.987312,45.696535],[-122.987004,45.696258],[-122.986371,45.695923],[-122.986101,45.69574],[-122.986383,45.695789],[-122.987158,45.696107],[-122.987733,45.696608],[-122.988101,45.69684],[-122.988289,45.697031],[-122.988838,45.697467],[-122.989897,45.698063],[-122.990332,45.698229],[-122.991052,45.698287],[-122.991646,45.698205],[-122.992031,45.698114],[-122.992899,45.698005],[-122.993904,45.698276],[-122.994652,45.698525],[-122.995771,45.698616],[-122.9961,45.69859],[-122.996353,45.698529],[-122.99682,45.69829],[-122.997612,45.69807],[-122.997814,45.697908],[-122.997986,45.697423],[-122.998249,45.697066],[-122.998604,45.696709],[-122.998799,45.696304],[-122.998788,45.696091],[-122.998589,45.695369],[-122.998769,45.694919],[-122.998707,45.694815],[-122.998492,45.694649],[-122.9985,45.69458],[-122.998632,45.694522],[-122.999252,45.694384],[-122.999654,45.69412],[-122.999994,45.693968],[-123.000142,45.693824],[-123.000316,45.693497],[-123.000327,45.693273],[-123.000214,45.69312],[-122.99972,45.692793],[-122.999681,45.69272],[-122.999783,45.692657],[-123.000676,45.692528],[-123.000801,45.69248],[-123.00094,45.692367],[-123.001105,45.692052],[-123.001265,45.691427],[-123.001932,45.690584],[-123.001953,45.690424],[-123.001885,45.690297],[-123.000791,45.689392],[-123.000148,45.689076],[-122.999843,45.688811],[-122.999375,45.688756],[-122.999076,45.688532],[-122.998591,45.688409],[-122.998362,45.688176],[-122.997425,45.687767],[-122.997101,45.687671],[-122.996755,45.68766],[-122.996614,45.687472],[-122.996493,45.687406],[-122.996255,45.687356],[-122.995949,45.687343],[-122.995501,45.687424],[-122.994936,45.687019],[-122.994759,45.686971],[-122.994402,45.686944],[-122.994303,45.686898],[-122.994253,45.686827],[-122.994221,45.68663],[-122.994086,45.686443],[-122.993523,45.686034],[-122.993222,45.685369],[-122.992984,45.685107],[-122.993019,45.684804],[-122.992984,45.684633],[-122.992888,45.684492],[-122.992655,45.684313],[-122.992743,45.684053],[-122.992691,45.683897],[-122.992125,45.683233],[-122.991787,45.682745],[-122.991491,45.682454],[-122.991241,45.682324],[-122.991059,45.682323],[-122.990718,45.682434],[-122.990351,45.682483],[-122.989946,45.682641],[-122.989611,45.682678],[-122.989243,45.68289],[-122.988969,45.682996],[-122.988627,45.682908],[-122.988384,45.682899],[-122.988038,45.682969],[-122.987794,45.68311],[-122.987328,45.683098],[-122.987113,45.683185],[-122.986833,45.683379],[-122.986737,45.683401],[-122.986673,45.683358],[-122.986525,45.683074],[-122.986297,45.682981],[-122.985581,45.683025],[-122.984732,45.682998],[-122.983661,45.682823],[-122.98167,45.68276],[-122.980946,45.682587],[-122.980596,45.682546],[-122.979332,45.682538],[-122.979108,45.682588],[-122.978855,45.682696],[-122.978715,45.682709],[-122.978329,45.682421],[-122.977663,45.682169],[-122.97735,45.682129],[-122.976956,45.68221],[-122.976833,45.682201],[-122.976561,45.681986],[-122.976206,45.681827],[-122.975858,45.681541],[-122.974801,45.681294],[-122.97427,45.681096],[-122.973942,45.680929],[-122.973567,45.680809],[-122.972619,45.680002],[-122.972505,45.679652],[-122.972294,45.679343],[-122.972242,45.679139],[-122.972178,45.678498],[-122.972158,45.678127],[-122.972189,45.67787],[-122.972161,45.677788],[-122.971434,45.677303],[-122.971057,45.676898],[-122.970527,45.676417],[-122.970214,45.676238],[-122.969931,45.67617],[-122.969511,45.676129],[-122.969033,45.676248],[-122.968492,45.676596],[-122.9684,45.676584],[-122.968351,45.676503],[-122.968303,45.676267],[-122.968328,45.67606],[-122.968461,45.675582],[-122.968773,45.675007],[-122.968803,45.674772],[-122.968774,45.674529],[-122.96857,45.673884],[-122.968276,45.673677],[-122.968355,45.673395],[-122.968345,45.673109],[-122.968312,45.67302],[-122.968194,45.672891],[-122.968175,45.672811],[-122.968334,45.672399],[-122.96813,45.672017],[-122.967972,45.671799],[-122.96795,45.671587],[-122.968131,45.670995],[-122.968269,45.670935],[-122.968375,45.670672],[-122.968462,45.670606],[-122.968824,45.670463],[-122.969122,45.670259],[-122.969271,45.670093],[-122.96932,45.669929],[-122.969279,45.669796],[-122.96902,45.669391],[-122.968898,45.669104],[-122.968963,45.668953],[-122.969224,45.668656],[-122.969224,45.66852],[-122.969034,45.668396],[-122.968491,45.668289],[-122.968107,45.66806],[-122.967851,45.667734],[-122.967699,45.66736],[-122.967706,45.667326],[-122.967925,45.667234],[-122.968112,45.667002],[-122.968142,45.666917],[-122.968012,45.666543],[-122.967976,45.666269],[-122.967987,45.665925],[-122.968113,45.665523],[-122.968141,45.665154],[-122.968067,45.665018],[-122.967918,45.66493],[-122.967561,45.664828],[-122.967117,45.664849],[-122.966927,45.664581],[-122.96644,45.664332],[-122.96574,45.664179],[-122.964621,45.663786],[-122.964249,45.663764],[-122.964096,45.663833],[-122.963803,45.664075],[-122.96327,45.66442],[-122.962615,45.664719],[-122.962425,45.665013],[-122.962106,45.665294],[-122.961928,45.665656],[-122.961596,45.665801],[-122.961396,45.665935],[-122.961292,45.666057],[-122.961159,45.666331],[-122.961118,45.666646],[-122.961162,45.666803],[-122.961426,45.66718],[-122.961635,45.667561],[-122.962012,45.667907],[-122.962247,45.668191],[-122.961727,45.668378],[-122.9614,45.668395],[-122.961102,45.668501],[-122.96088,45.668647],[-122.96074,45.668881],[-122.96073,45.669095],[-122.960839,45.669341],[-122.96094,45.669446],[-122.961194,45.669585],[-122.961231,45.669653],[-122.961187,45.669764],[-122.960936,45.669974],[-122.960912,45.67013],[-122.961071,45.670328],[-122.96144,45.670577],[-122.961487,45.670658],[-122.961402,45.670758],[-122.961019,45.67097],[-122.960938,45.671074],[-122.960898,45.671326],[-122.960927,45.671854],[-122.961129,45.672158],[-122.961262,45.672266],[-122.961774,45.672461],[-122.962014,45.672648],[-122.962319,45.672812],[-122.96247,45.672861],[-122.962677,45.672868],[-122.963313,45.673311],[-122.963678,45.673447],[-122.963706,45.673491],[-122.963678,45.673653],[-122.963883,45.673882],[-122.96392,45.674044],[-122.963254,45.673768],[-122.96239,45.673532],[-122.961612,45.673458],[-122.96113,45.673603],[-122.960905,45.673607],[-122.960694,45.673564],[-122.960595,45.673518],[-122.960443,45.673301],[-122.960189,45.673104],[-122.959707,45.672938],[-122.959567,45.672937],[-122.95944,45.672987],[-122.959204,45.673254],[-122.958937,45.67342],[-122.958924,45.673388],[-122.95909,45.673169],[-122.959038,45.673091],[-122.958799,45.673067],[-122.958462,45.673174],[-122.958176,45.673196],[-122.95826,45.672868],[-122.958526,45.672635],[-122.958558,45.672403],[-122.958918,45.672095],[-122.958967,45.671919],[-122.958773,45.67168],[-122.958642,45.671449],[-122.958488,45.671332],[-122.95827,45.671235],[-122.957626,45.671118],[-122.957116,45.670946],[-122.956654,45.670688],[-122.956341,45.670457],[-122.956452,45.670433],[-122.957222,45.670584],[-122.957479,45.670579],[-122.958088,45.6704],[-122.958205,45.670305],[-122.958242,45.670186],[-122.95821,45.670028],[-122.958103,45.66983],[-122.95785,45.669548],[-122.957549,45.66912],[-122.957042,45.668778],[-122.956953,45.668658],[-122.956881,45.668423],[-122.956801,45.66829],[-122.956396,45.667986],[-122.956121,45.667943],[-122.955745,45.667997],[-122.955593,45.668074],[-122.955393,45.668317],[-122.955025,45.668138],[-122.954154,45.668236],[-122.953852,45.668205],[-122.953635,45.668252],[-122.953336,45.668095],[-122.952584,45.668002],[-122.952357,45.668076],[-122.951994,45.668316],[-122.951375,45.668532],[-122.951327,45.668505],[-122.951278,45.668359],[-122.951068,45.668307],[-122.951049,45.668259],[-122.95138,45.668064],[-122.951466,45.667978],[-122.95152,45.667659],[-122.951669,45.667347],[-122.952002,45.667043],[-122.952132,45.666858],[-122.952147,45.66673],[-122.952061,45.666654],[-122.951879,45.666626],[-122.95156,45.666665],[-122.951049,45.666642],[-122.950082,45.666424],[-122.949672,45.666365],[-122.949144,45.66635],[-122.948343,45.666182],[-122.948053,45.666217],[-122.947542,45.666362],[-122.947349,45.666288],[-122.946923,45.66597],[-122.946581,45.665906],[-122.945608,45.665928],[-122.945383,45.665965],[-122.9452,45.666055],[-122.944838,45.666364],[-122.944441,45.666524],[-122.944329,45.666686],[-122.944225,45.66716],[-122.944034,45.666986],[-122.943934,45.666965],[-122.943833,45.667067],[-122.94368,45.667369],[-122.943206,45.6676],[-122.943088,45.66769],[-122.943034,45.667797],[-122.942919,45.668411],[-122.942896,45.668839],[-122.94293,45.668966],[-122.943069,45.66906],[-122.943427,45.669134],[-122.943679,45.669348],[-122.943714,45.669419],[-122.94365,45.669495],[-122.943311,45.66966],[-122.943206,45.669806],[-122.943148,45.67012],[-122.943212,45.670209],[-122.943435,45.670376],[-122.94341,45.670469],[-122.943257,45.67067],[-122.943263,45.670785],[-122.943329,45.670839],[-122.943496,45.670888],[-122.943937,45.670853],[-122.944057,45.670874],[-122.944106,45.670925],[-122.944155,45.67108],[-122.944339,45.671262],[-122.944317,45.671332],[-122.944204,45.6714],[-122.943586,45.671543],[-122.943403,45.671712],[-122.943324,45.671861],[-122.943339,45.671965],[-122.943658,45.672274],[-122.943591,45.672347],[-122.943244,45.672518],[-122.943159,45.672633],[-122.943145,45.672767],[-122.943248,45.672865],[-122.943863,45.672961],[-122.943979,45.673043],[-122.943612,45.673229],[-122.943532,45.673654],[-122.943156,45.67378],[-122.942848,45.674092],[-122.942722,45.674303],[-122.942701,45.674413],[-122.942734,45.674501],[-122.942881,45.67466],[-122.942883,45.674726],[-122.94255,45.674829],[-122.942413,45.674931],[-122.942269,45.675207],[-122.942222,45.675467],[-122.941973,45.675687],[-122.941909,45.67593],[-122.942003,45.676212],[-122.942172,45.676394],[-122.942376,45.676469],[-122.943099,45.676589],[-122.94312,45.676646],[-122.943052,45.676907],[-122.943107,45.67706],[-122.943697,45.677721],[-122.944148,45.678126],[-122.944341,45.678219],[-122.944767,45.678335],[-122.94557,45.678375],[-122.945228,45.678509],[-122.944815,45.678557],[-122.944259,45.678532],[-122.943228,45.678365],[-122.943062,45.678407],[-122.94289,45.678529],[-122.942586,45.679139],[-122.942659,45.679483],[-122.94242,45.679659],[-122.942255,45.680064],[-122.942368,45.680864],[-122.942448,45.681055],[-122.942683,45.681386],[-122.942697,45.681573],[-122.942622,45.681554],[-122.942427,45.681329],[-122.942099,45.681071],[-122.941836,45.680697],[-122.941593,45.680487],[-122.941348,45.680432],[-122.940931,45.680519],[-122.940802,45.680464],[-122.940802,45.680424],[-122.940996,45.680195],[-122.941043,45.680042],[-122.940891,45.679457],[-122.940832,45.67935],[-122.940664,45.679212],[-122.940495,45.678989],[-122.940225,45.678722],[-122.940189,45.678571],[-122.940253,45.678261],[-122.940193,45.678026],[-122.940081,45.677809],[-122.940004,45.677556],[-122.939671,45.677228],[-122.939536,45.677161],[-122.939388,45.67714],[-122.938717,45.677272],[-122.938376,45.677443],[-122.93805,45.677772],[-122.937714,45.677903],[-122.937674,45.67787],[-122.937619,45.677626],[-122.937437,45.677465],[-122.935994,45.677013],[-122.935236,45.676631],[-122.934427,45.676326],[-122.933776,45.675894],[-122.933732,45.675839],[-122.933747,45.675792],[-122.93481,45.676083],[-122.935282,45.676148],[-122.935768,45.676277],[-122.936368,45.676294],[-122.937329,45.676129],[-122.937487,45.676065],[-122.937562,45.675995],[-122.937635,45.675665],[-122.93794,45.675709],[-122.938239,45.675692],[-122.9384,45.675572],[-122.93855,45.675261],[-122.938853,45.67527],[-122.939058,45.675182],[-122.939258,45.675016],[-122.939405,45.674822],[-122.939709,45.674653],[-122.939994,45.67444],[-122.94007,45.674324],[-122.940081,45.674159],[-122.940219,45.674158],[-122.940221,45.673991],[-122.940484,45.67388],[-122.940578,45.673774],[-122.940605,45.673664],[-122.940586,45.67354],[-122.940356,45.672973],[-122.940269,45.672863],[-122.940022,45.672675],[-122.939999,45.672439],[-122.939927,45.672278],[-122.939625,45.672098],[-122.939542,45.671975],[-122.939521,45.671823],[-122.939563,45.671536],[-122.939709,45.671194],[-122.939403,45.670519],[-122.939228,45.670399],[-122.938737,45.670368],[-122.938671,45.670306],[-122.938808,45.670049],[-122.938824,45.669939],[-122.938622,45.669527],[-122.938712,45.669461],[-122.939112,45.669394],[-122.93921,45.669308],[-122.939298,45.66895],[-122.939274,45.668673],[-122.939229,45.668543],[-122.939105,45.668456],[-122.938119,45.668187],[-122.93757,45.66792],[-122.937115,45.667791],[-122.936657,45.6676],[-122.936607,45.66755],[-122.936752,45.667498],[-122.93733,45.667447],[-122.938088,45.666885],[-122.938231,45.666815],[-122.93857,45.666733],[-122.938605,45.666638],[-122.938541,45.666386],[-122.938518,45.66608],[-122.938552,45.665879],[-122.938668,45.665625],[-122.938615,45.665373],[-122.938791,45.665274],[-122.93916,45.665231],[-122.939436,45.665053],[-122.939657,45.664814],[-122.939884,45.664642],[-122.939971,45.664483],[-122.940156,45.664372],[-122.940274,45.663961],[-122.940522,45.663672],[-122.940993,45.663267],[-122.941048,45.663142],[-122.941021,45.663028],[-122.940645,45.662801],[-122.940523,45.662535],[-122.940251,45.66232],[-122.940239,45.662251],[-122.940813,45.6621],[-122.941123,45.661931],[-122.941768,45.661848],[-122.942159,45.661743],[-122.942326,45.661658],[-122.942506,45.661418],[-122.942933,45.661235],[-122.943352,45.661189],[-122.943429,45.66125],[-122.94347,45.661501],[-122.943438,45.661751],[-122.943253,45.662186],[-122.943267,45.662347],[-122.943352,45.662445],[-122.943783,45.662601],[-122.94413,45.662882],[-122.944316,45.66293],[-122.944555,45.662856],[-122.945016,45.662564],[-122.945748,45.662306],[-122.945787,45.662395],[-122.945772,45.662899],[-122.945838,45.663102],[-122.945915,45.663215],[-122.94608,45.66333],[-122.946261,45.663387],[-122.946522,45.663395],[-122.946809,45.663353],[-122.947056,45.663266],[-122.947155,45.663164],[-122.947083,45.66282],[-122.947098,45.662384],[-122.947148,45.662177],[-122.947238,45.662034],[-122.947475,45.661904],[-122.947887,45.661869],[-122.948206,45.661643],[-122.948703,45.661366],[-122.949011,45.661271],[-122.949499,45.661035],[-122.949637,45.660902],[-122.949759,45.660621],[-122.95006,45.660383],[-122.950311,45.659933],[-122.95041,45.659871],[-122.950517,45.659953],[-122.950718,45.660288],[-122.950865,45.660866],[-122.951039,45.661268],[-122.951145,45.661409],[-122.951287,45.661502],[-122.951572,45.661539],[-122.952171,45.661299],[-122.953055,45.661219],[-122.953562,45.661264],[-122.95401,45.661507],[-122.954141,45.661518],[-122.954203,45.661468],[-122.954234,45.661091],[-122.954145,45.660956],[-122.953807,45.660838],[-122.952869,45.660664],[-122.952733,45.660603],[-122.952642,45.66051],[-122.952628,45.660416],[-122.952694,45.660206],[-122.95267,45.660058],[-122.952572,45.659868],[-122.952219,45.659399],[-122.952181,45.659235],[-122.952218,45.659102],[-122.952325,45.658968],[-122.952828,45.658637],[-122.952836,45.658556],[-122.952704,45.658379],[-122.952688,45.658292],[-122.952833,45.658034],[-122.952832,45.657968],[-122.952695,45.657873],[-122.952432,45.657803],[-122.951662,45.657745],[-122.951549,45.657702],[-122.951486,45.657622],[-122.951525,45.657515],[-122.951996,45.65691],[-122.952029,45.65677],[-122.951971,45.656653],[-122.95171,45.656552],[-122.951478,45.656618],[-122.950215,45.656722],[-122.949595,45.656705],[-122.949151,45.656773],[-122.948993,45.656609],[-122.948969,45.65649],[-122.949223,45.656108],[-122.949544,45.655358],[-122.949578,45.655175],[-122.949511,45.655053],[-122.949354,45.654973],[-122.949074,45.654919],[-122.948322,45.654868],[-122.947016,45.65486],[-122.946801,45.654809],[-122.946647,45.654719],[-122.946643,45.654669],[-122.946697,45.654597],[-122.947186,45.654359],[-122.947358,45.654143],[-122.947414,45.653447],[-122.947697,45.65277],[-122.94767,45.652648],[-122.947549,45.65254],[-122.947392,45.652482],[-122.946906,45.652396],[-122.946223,45.652094],[-122.945934,45.652079],[-122.94575,45.652176],[-122.94533,45.652614],[-122.944584,45.653255],[-122.944413,45.653322],[-122.943769,45.653446],[-122.943638,45.653527],[-122.943625,45.653668],[-122.943754,45.653866],[-122.944029,45.654123],[-122.944717,45.654571],[-122.944864,45.654733],[-122.944951,45.654902],[-122.944926,45.655011],[-122.944665,45.655215],[-122.944293,45.655907],[-122.944605,45.656838],[-122.944708,45.657229],[-122.94468,45.657342],[-122.943694,45.65763],[-122.943517,45.657643],[-122.943375,45.65761],[-122.943247,45.657531],[-122.943136,45.657402],[-122.943034,45.65701],[-122.942827,45.656701],[-122.942445,45.656352],[-122.942229,45.65628],[-122.941693,45.65625],[-122.941249,45.656269],[-122.941039,45.656319],[-122.940908,45.656418],[-122.940643,45.656814],[-122.940378,45.657009],[-122.939975,45.65691],[-122.939567,45.65662],[-122.939367,45.656609],[-122.939309,45.656655],[-122.939305,45.656708],[-122.939501,45.656892],[-122.939533,45.657015],[-122.939347,45.657309],[-122.93926,45.657567],[-122.939068,45.657838],[-122.939054,45.65825],[-122.938958,45.658454],[-122.938608,45.65882],[-122.938119,45.659014],[-122.93801,45.659252],[-122.937905,45.659373],[-122.937527,45.659511],[-122.937297,45.659487],[-122.937145,45.659736],[-122.937005,45.659604],[-122.93691,45.65927],[-122.936663,45.658987],[-122.936261,45.658582],[-122.935902,45.658378],[-122.936124,45.657956],[-122.936195,45.657603],[-122.936033,45.656955],[-122.936037,45.656256],[-122.935936,45.656067],[-122.935753,45.655915],[-122.935595,45.65584],[-122.93538,45.655821],[-122.934824,45.655922],[-122.934642,45.656008],[-122.934354,45.656292],[-122.934073,45.656473],[-122.933774,45.656626],[-122.933586,45.656663],[-122.933451,45.656595],[-122.933147,45.656195],[-122.932903,45.655941],[-122.932682,45.655778],[-122.932428,45.655661],[-122.932173,45.655595],[-122.93179,45.655592],[-122.931555,45.655649],[-122.931168,45.655818],[-122.931003,45.655969],[-122.930903,45.656173],[-122.930902,45.656341],[-122.931004,45.656651],[-122.931216,45.65707],[-122.931417,45.657355],[-122.931671,45.657619],[-122.932005,45.657811],[-122.932104,45.657917],[-122.932081,45.658036],[-122.931872,45.658294],[-122.931853,45.65874],[-122.931774,45.658796],[-122.9315,45.658882],[-122.931359,45.658983],[-122.931239,45.659151],[-122.931068,45.659538],[-122.930978,45.659599],[-122.930528,45.659048],[-122.930287,45.658622],[-122.930082,45.658411],[-122.929878,45.658282],[-122.929639,45.65819],[-122.92911,45.658141],[-122.929145,45.665805]]]]}}]}