{"type": "FeatureCollection", "features": [{"type": "Feature", "geometry": {"type": "Polygon", "coordinates": [[[-123.066779908, 45.371615751], [-123.067978442, 45.372732306], [-123.067853065, 45.372802975], [-123.067475609, 45.372803168], [-123.067078182, 45.372805312], [-123.066925492, 45.372519018], [-123.066891108, 45.372454657], [-123.066779602, 45.372350537], [-123.066512078, 45.372329229], [-123.066322256, 45.372315417], [-123.066150838, 45.372301856], [-123.066133031, 45.372263469], [-123.066125133, 45.372195101], [-123.066096418, 45.372096992], [-123.066101121, 45.371767164], [-123.066152613, 45.371521011], [-123.066216066, 45.371477524], [-123.066270282, 45.371450215], [-123.06632647, 45.371418047], [-123.066418211, 45.371433823], [-123.066600875, 45.371455396], [-123.066779908, 45.371615751]]]}, "properties": {"parcel_id": 7034, "vineyard_name": "Ribbon Springs Vineyard", "vineyard_org": "Adelsheim ", "owner_name": "JYN INC", "ava_name": "Chehalem Mountains", "nested_ava": "Chehalem Mountains", "nested_nested_ava": "Ribbon Ridge", "acres": 2.663, "parcel_label": null, "source_dataset": "adelsheim", "winery_id": 3}}, {"type": "Feature", "geometry": {"type": "Polygon", "coordinates": [[[-123.067333554, 45.371475469], [-123.067175655, 45.371468878], [-123.066684416, 45.371414628], [-123.066499517, 45.371382823], [-123.066501198, 45.371080916], [-123.066696093, 45.370582277], [-123.066787915, 45.370447144], [-123.066791269, 45.370322887], [-123.066827446, 45.370299057], [-123.06683044, 45.370119835], [-123.066767869, 45.370053526], [-123.06677008, 45.369928674], [-123.066912701, 45.369729019], [-123.067077727, 45.369762988], [-123.067051186, 45.370151274], [-123.066998388, 45.370184164], [-123.067002816, 45.370564974], [-123.067035992, 45.370685451], [-123.067029354, 45.370922467], [-123.067304082, 45.371074317], [-123.067333554, 45.371475469]]]}, "properties": {"parcel_id": 7035, "vineyard_name": "Ribbon Springs Vineyard", "vineyard_org": "Adelsheim ", "owner_name": "JYN INC", "ava_name": "Chehalem Mountains", "nested_ava": "Chehalem Mountains", "nested_nested_ava": "Ribbon Ridge", "acres": 1.56, "parcel_label": null, "source_dataset": "adelsheim", "winery_id": 3}}, {"type": "Feature", "geometry": {"type": "Polygon", "coordinates": [[[-123.069943801, 45.370003582], [-123.071363279, 45.371340717], [-123.071018636, 45.371340717], [-123.069734289, 45.371311021], [-123.068235463, 45.369894699], [-123.068206579, 45.369856193], [-123.069943801, 45.370003582]]]}, "properties": {"parcel_id": 7037, "vineyard_name": "Ribbon Springs Vineyard", "vineyard_org": "Adelsheim ", "owner_name": "JYN INC", "ava_name": "Chehalem Mountains", "nested_ava": "Chehalem Mountains", "nested_nested_ava": "Ribbon Ridge", "acres": 4.803, "parcel_label": null, "source_dataset": "adelsheim", "winery_id": 3}}, {"type": "Feature", "geometry": {"type": "Polygon", "coordinates": [[[-123.071440737, 45.371330135], [-123.069679596, 45.369697124], [-123.069885586, 45.369256341], [-123.07002805, 45.36943946], [-123.070198137, 45.369562611], [-123.070312358, 45.369696028], [-123.070701478, 45.369853506], [-123.070882184, 45.370263713], [-123.071203904, 45.370304311], [-123.071334259, 45.370410794], [-123.072351664, 45.370779914], [-123.072946366, 45.370901577], [-123.072961956, 45.371003894], [-123.072981038, 45.371190067], [-123.072982506, 45.371486287], [-123.072981026, 45.371718392], [-123.072945708, 45.371946462], [-123.072868019, 45.372093166], [-123.072703876, 45.371956907], [-123.072161927, 45.371481773], [-123.071872392, 45.371400109], [-123.071478922, 45.371340717], [-123.071440737, 45.371330135]]]}, "properties": {"parcel_id": 7047, "vineyard_name": "Ribbon Springs Vineyard", "vineyard_org": "Adelsheim ", "owner_name": "JYN INC", "ava_name": "Chehalem Mountains", "nested_ava": "Chehalem Mountains", "nested_nested_ava": "Ribbon Ridge", "acres": 5.429, "parcel_label": null, "source_dataset": "adelsheim", "winery_id": 3}}, {"type": "Feature", "geometry": {"type": "Polygon", "coordinates": [[[-123.031938613, 45.417166367], [-123.031938613, 45.418073844], [-123.028875531, 45.418070079], [-123.028864802, 45.418631126], [-123.028398097, 45.41843156], [-123.027325214, 45.417373469], [-123.027319849, 45.417136243], [-123.031938613, 45.417166367]]]}, "properties": {"parcel_id": 7052, "vineyard_name": "Laurel Leaf Vineyard", "vineyard_org": "Adelsheim Vineyard", "owner_name": "Adelsheim Vineyard", "ava_name": "Chehalem Mountains", "nested_ava": "Chehalem Mountains", "nested_nested_ava": "Laurelwood District", "acres": 9.208, "parcel_label": null, "source_dataset": "adelsheim", "winery_id": 3}}, {"type": "Feature", "geometry": {"type": "Polygon", "coordinates": [[[-123.031943978, 45.418145388], [-123.0319708, 45.419075442], [-123.028896988, 45.419098034], [-123.028902353, 45.418149153], [-123.031943978, 45.418145388]]]}, "properties": {"parcel_id": 7053, "vineyard_name": "Laurel Leaf Vineyard", "vineyard_org": "Adelsheim Vineyard", "owner_name": "Adelsheim Vineyard", "ava_name": "Chehalem Mountains", "nested_ava": "Chehalem Mountains", "nested_nested_ava": "Laurelwood District", "acres": 6.175, "parcel_label": null, "source_dataset": "adelsheim", "winery_id": 3}}, {"type": "Feature", "geometry": {"type": "Polygon", "coordinates": [[[-123.080276561, 45.305006748], [-123.080276561, 45.30484806], [-123.080428315, 45.304846168], [-123.080841037, 45.305116191], [-123.080830745, 45.306116424], [-123.08076095, 45.306147324], [-123.080583879, 45.30598018], [-123.080484135, 45.305660833], [-123.080358792, 45.305229352], [-123.080276561, 45.305006748]]]}, "properties": {"parcel_id": 7057, "vineyard_name": "Revana Vineyard", "vineyard_org": "Alexana", "owner_name": "REVANA FAMILY PARTNERS LP", "ava_name": "Dundee Hills", "nested_ava": "Dundee Hills", "nested_nested_ava": null, "acres": 0.974, "parcel_label": null, "source_dataset": "adelsheim", "winery_id": 4}}, {"type": "Feature", "geometry": {"type": "Polygon", "coordinates": [[[-123.028509001, 45.307201344], [-123.028505445, 45.306657124], [-123.028568135, 45.306627489], [-123.031609914, 45.306638249], [-123.031611139, 45.307198973], [-123.028509001, 45.307201344]]]}, "properties": {"parcel_id": 7095, "vineyard_name": "Anderson Family Vineyard", "vineyard_org": "Anderson Family Vineyard", "owner_name": "ANDERSON CLIFFORD W", "ava_name": "Dundee Hills", "nested_ava": "Dundee Hills", "nested_nested_ava": null, "acres": 3.79, "parcel_label": null, "source_dataset": "adelsheim", "winery_id": 11}}, {"type": "Feature", "geometry": {"type": "Polygon", "coordinates": [[[-123.028502804, 45.308935846], [-123.028500128, 45.307229961], [-123.03161221, 45.30722187], [-123.031604764, 45.307761142], [-123.029994294, 45.307767399], [-123.030049616, 45.308116145], [-123.030437474, 45.308127303], [-123.030457805, 45.308332259], [-123.030621702, 45.308338471], [-123.030641881, 45.308894565], [-123.028502804, 45.308935846]]]}, "properties": {"parcel_id": 7096, "vineyard_name": "Anderson Family Vineyard", "vineyard_org": "Anderson Family Vineyard", "owner_name": "ANDERSON CLIFFORD W", "ava_name": "Dundee Hills", "nested_ava": "Dundee Hills", "nested_nested_ava": null, "acres": 8.329, "parcel_label": null, "source_dataset": "adelsheim", "winery_id": 11}}, {"type": "Feature", "geometry": {"type": "Polygon", "coordinates": [[[-123.028508672, 45.308965614], [-123.030638871, 45.308914755], [-123.030643649, 45.309405608], [-123.02850594, 45.309401665], [-123.028508672, 45.308965614]]]}, "properties": {"parcel_id": 7097, "vineyard_name": "Anderson Family Vineyard", "vineyard_org": "Anderson Family Vineyard", "owner_name": "ANDERSON CLIFFORD W", "ava_name": "Dundee Hills", "nested_ava": "Dundee Hills", "nested_nested_ava": null, "acres": 2.13, "parcel_label": null, "source_dataset": "adelsheim", "winery_id": 11}}, {"type": "Feature", "geometry": {"type": "Polygon", "coordinates": [[[-123.044650746, 45.275705697], [-123.045107503, 45.275699481], [-123.045134535, 45.276740379], [-123.044803222, 45.276744238], [-123.044254024, 45.276105023], [-123.044377694, 45.27591756], [-123.044424945, 45.27582859], [-123.044530665, 45.275739626], [-123.044650746, 45.275705697]]]}, "properties": {"parcel_id": 7109, "vineyard_name": "Arcus Estate", "vineyard_org": "Archery Summit", "owner_name": "PINE RIDGE ASSOCIATES LTD", "ava_name": "Dundee Hills", "nested_ava": "Dundee Hills", "nested_nested_ava": null, "acres": 1.443, "parcel_label": null, "source_dataset": "adelsheim", "winery_id": 19}}, {"type": "Feature", "geometry": {"type": "Polygon", "coordinates": [[[-123.041930315, 45.276741066], [-123.04183432, 45.276702972], [-123.041537854, 45.276697178], [-123.041366904, 45.276720824], [-123.041091229, 45.276726345], [-123.04101567, 45.276728185], [-123.041834403, 45.275731189], [-123.042635361, 45.275745277], [-123.042765781, 45.275787719], [-123.043011506, 45.276111162], [-123.04251119, 45.27669836], [-123.042420002, 45.276749992], [-123.041930315, 45.276741066]]]}, "properties": {"parcel_id": 7111, "vineyard_name": "Arcus Estate", "vineyard_org": "Archery Summit", "owner_name": "PINE RIDGE ASSOCIATES LTD", "ava_name": "Dundee Hills", "nested_ava": "Dundee Hills", "nested_nested_ava": null, "acres": 2.91, "parcel_label": null, "source_dataset": "adelsheim", "winery_id": 19}}, {"type": "Feature", "geometry": {"type": "Polygon", "coordinates": [[[-123.034211636, 45.288337417], [-123.034171847, 45.288303571], [-123.034164776, 45.287861571], [-123.034190185, 45.28782481], [-123.034935318, 45.2878172], [-123.034987662, 45.28786638], [-123.034987662, 45.288283825], [-123.03492344, 45.288331392], [-123.034211636, 45.288337417]]]}, "properties": {"parcel_id": 7117, "vineyard_name": "Red Hills Estate", "vineyard_org": "Archery Summit", "owner_name": "PINE RIDGE ASSOCIATES L P", "ava_name": "Dundee Hills", "nested_ava": "Dundee Hills", "nested_nested_ava": null, "acres": 0.898, "parcel_label": null, "source_dataset": "adelsheim", "winery_id": 19}}, {"type": "Feature", "geometry": {"type": "Polygon", "coordinates": [[[-123.033264821, 45.290075685], [-123.033266729, 45.288745384], [-123.033771087, 45.288750531], [-123.033771749, 45.288936872], [-123.033860751, 45.28899268], [-123.034120564, 45.288992681], [-123.034297478, 45.28891572], [-123.034441255, 45.288793704], [-123.034898479, 45.288789042], [-123.034915943, 45.288445991], [-123.034970957, 45.288474333], [-123.034970957, 45.290074602], [-123.033264821, 45.290075685]]]}, "properties": {"parcel_id": 7119, "vineyard_name": "Red Hills Estate", "vineyard_org": "Archery Summit", "owner_name": "PINE RIDGE ASSOCIATES L P", "ava_name": "Dundee Hills", "nested_ava": "Dundee Hills", "nested_nested_ava": null, "acres": 4.582, "parcel_label": null, "source_dataset": "adelsheim", "winery_id": 19}}, {"type": "Feature", "geometry": {"type": "Polygon", "coordinates": [[[-123.033318712, 45.288270488], [-123.033325904, 45.288235638], [-123.033384219, 45.288210248], [-123.033470367, 45.288186738], [-123.033509517, 45.288223553], [-123.033547866, 45.288248567], [-123.033601669, 45.288250255], [-123.033630833, 45.288225242], [-123.033634029, 45.288198727], [-123.033615256, 45.288167717], [-123.033558666, 45.288138304], [-123.033477698, 45.288105326], [-123.033363046, 45.288089208], [-123.033319107, 45.288075617], [-123.033319642, 45.287916852], [-123.033339478, 45.287906064], [-123.03345279, 45.287853889], [-123.033557447, 45.287833184], [-123.033710584, 45.287824657], [-123.033919366, 45.28783543], [-123.034079427, 45.287882645], [-123.034138549, 45.287949348], [-123.034147212, 45.288257934], [-123.034147211, 45.28835227], [-123.034134824, 45.28841775], [-123.034097009, 45.288467961], [-123.033996208, 45.288524077], [-123.033883159, 45.288566889], [-123.033742145, 45.28861392], [-123.033610194, 45.288673312], [-123.033517368, 45.288678464], [-123.033409656, 45.288648722], [-123.033323906, 45.288594249], [-123.033318712, 45.288270488]]]}, "properties": {"parcel_id": 7128, "vineyard_name": "Red Hills Estate", "vineyard_org": "Archery Summit", "owner_name": "PINE RIDGE ASSOCIATES L P", "ava_name": "Dundee Hills", "nested_ava": "Dundee Hills", "nested_nested_ava": null, "acres": 1.245, "parcel_label": null, "source_dataset": "adelsheim", "winery_id": 19}}, {"type": "Feature", "geometry": {"type": "Polygon", "coordinates": [[[-123.045710051, 45.275686558], [-123.045935633, 45.275687463], [-123.046378675, 45.275675146], [-123.046444708, 45.275725714], [-123.046472469, 45.275795448], [-123.04647281, 45.2766193], [-123.046467411, 45.276988775], [-123.045470796, 45.276726469], [-123.045160712, 45.276738953], [-123.045148653, 45.275700619], [-123.045710051, 45.275686558]]]}, "properties": {"parcel_id": 7130, "vineyard_name": "Arcus Estate", "vineyard_org": "Archery Summit", "owner_name": "PINE RIDGE ASSOCIATES", "ava_name": "Dundee Hills", "nested_ava": "Dundee Hills", "nested_nested_ava": null, "acres": 3.23, "parcel_label": null, "source_dataset": "adelsheim", "winery_id": 19}}, {"type": "Feature", "geometry": {"type": "Polygon", "coordinates": [[[-123.092065476, 45.349564029], [-123.092036067, 45.349580356], [-123.091845214, 45.349539221], [-123.091451835, 45.349547444], [-123.091200341, 45.349578851], [-123.090896516, 45.349676918], [-123.090528436, 45.349779163], [-123.090293274, 45.349825173], [-123.090012102, 45.349814948], [-123.08974525, 45.349773747], [-123.089525746, 45.349820692], [-123.089358755, 45.349453268], [-123.089342402, 45.349114574], [-123.089562227, 45.348940759], [-123.089647278, 45.348849775], [-123.090015149, 45.348745982], [-123.09018898, 45.348802367], [-123.090254493, 45.348947231], [-123.090225732, 45.348968567], [-123.090240111, 45.349006748], [-123.090224133, 45.349064019], [-123.090137847, 45.349148242], [-123.090174599, 45.349210005], [-123.090284853, 45.349019101], [-123.09027207, 45.348903434], [-123.090425396, 45.348846064], [-123.090394506, 45.348791286], [-123.090588828, 45.34869266], [-123.091428015, 45.348685063], [-123.091568491, 45.348910258], [-123.091682839, 45.349112501], [-123.091840277, 45.34912242], [-123.092005873, 45.349139234], [-123.092242896, 45.349223606], [-123.092241772, 45.349415403], [-123.092130125, 45.34951653], [-123.092065476, 45.349564029]]]}, "properties": {"parcel_id": 7142, "vineyard_name": "Beaux Fr\u00e8res Vineyard", "vineyard_org": "Beaux Freres", "owner_name": "BEAUX FRERES LLC", "ava_name": "Chehalem Mountains", "nested_ava": "Chehalem Mountains", "nested_nested_ava": "Ribbon Ridge", "acres": 5.003, "parcel_label": null, "source_dataset": "adelsheim", "winery_id": 28}}, {"type": "Feature", "geometry": {"type": "Polygon", "coordinates": [[[-123.088804015, 45.352119191], [-123.088596418, 45.352174944], [-123.088361828, 45.352236948], [-123.088156195, 45.352338103], [-123.087991555, 45.352452336], [-123.087819192, 45.352499628], [-123.087512036, 45.351951059], [-123.087804175, 45.351981737], [-123.088194159, 45.351985098], [-123.088738867, 45.352010832], [-123.088804015, 45.352119191]]]}, "properties": {"parcel_id": 7143, "vineyard_name": "Beaux Fr\u00e8res Vineyard", "vineyard_org": "Beaux Freres", "owner_name": "BEAUX FRERES LLC", "ava_name": "Chehalem Mountains", "nested_ava": "Chehalem Mountains", "nested_nested_ava": "Ribbon Ridge", "acres": 0.791, "parcel_label": null, "source_dataset": "adelsheim", "winery_id": 28}}, {"type": "Feature", "geometry": {"type": "Polygon", "coordinates": [[[-123.086950068, 45.350007008], [-123.087010323, 45.35010644], [-123.086969998, 45.350186372], [-123.086830353, 45.350332906], [-123.08672567, 45.350381878], [-123.086620977, 45.350386966], [-123.086456412, 45.350085707], [-123.086687526, 45.35005677], [-123.086950068, 45.350007008]]]}, "properties": {"parcel_id": 7148, "vineyard_name": "Beaux Fr\u00e8res Vineyard", "vineyard_org": "Beaux Freres", "owner_name": "BEAUX FRERES LLC", "ava_name": "Chehalem Mountains", "nested_ava": "Chehalem Mountains", "nested_nested_ava": "Ribbon Ridge", "acres": 0.281, "parcel_label": null, "source_dataset": "adelsheim", "winery_id": 28}}, {"type": "Feature", "geometry": {"type": "Polygon", "coordinates": [[[-123.089597073, 45.350147105], [-123.089750467, 45.350412657], [-123.087845644, 45.350942368], [-123.087066202, 45.351160377], [-123.086877997, 45.350820162], [-123.086969998, 45.350697492], [-123.087138668, 45.350503267], [-123.087239772, 45.350290047], [-123.087580698, 45.349976562], [-123.087804519, 45.349796011], [-123.088155596, 45.34953916], [-123.088609409, 45.349320217], [-123.088697792, 45.34928562], [-123.088809287, 45.349272689], [-123.088880469, 45.349391036], [-123.088946217, 45.349516963], [-123.089020332, 45.349538889], [-123.089214596, 45.34961046], [-123.089279739, 45.349754462], [-123.089356658, 45.349958795], [-123.089223439, 45.349997772], [-123.089334777, 45.350211964], [-123.089597073, 45.350147105]]]}, "properties": {"parcel_id": 7149, "vineyard_name": "Beaux Fr\u00e8res Vineyard", "vineyard_org": "Beaux Freres", "owner_name": "BEAUX FRERES LLC", "ava_name": "Chehalem Mountains", "nested_ava": "Chehalem Mountains", "nested_nested_ava": "Ribbon Ridge", "acres": 5.834, "parcel_label": null, "source_dataset": "adelsheim", "winery_id": 28}}, {"type": "Feature", "geometry": {"type": "Polygon", "coordinates": [[[-123.088526574, 45.350781591], [-123.088538565, 45.350790057], [-123.08922122, 45.350597008], [-123.08977029, 45.350457396], [-123.090452154, 45.351622273], [-123.090130086, 45.35190805], [-123.089768739, 45.351997745], [-123.089554094, 45.351984334], [-123.089185886, 45.351928699], [-123.089151553, 45.351922187], [-123.088962204, 45.351903097], [-123.088916531, 45.351903647], [-123.088822778, 45.351894927], [-123.088568654, 45.351870339], [-123.088524383, 45.351863234], [-123.088416526, 45.351841056], [-123.088321852, 45.351848821], [-123.088210271, 45.351872206], [-123.087940951, 45.351913015], [-123.087457364, 45.351876969], [-123.087377974, 45.351734008], [-123.087258872, 45.351519219], [-123.087086386, 45.351210894], [-123.087651877, 45.351039507], [-123.088079105, 45.350920879], [-123.088247658, 45.350866057], [-123.088526574, 45.350781591]]]}, "properties": {"parcel_id": 7150, "vineyard_name": "Beaux Fr\u00e8res Vineyard", "vineyard_org": "Beaux Freres", "owner_name": "BEAUX FRERES LLC", "ava_name": "Chehalem Mountains", "nested_ava": "Chehalem Mountains", "nested_nested_ava": "Ribbon Ridge", "acres": 7.188, "parcel_label": null, "source_dataset": "adelsheim", "winery_id": 28}}, {"type": "Feature", "geometry": {"type": "Polygon", "coordinates": [[[-123.018153393, 45.466822833], [-123.018212864, 45.466812102], [-123.019409591, 45.466808895], [-123.019513302, 45.46688279], [-123.019469134, 45.467744213], [-123.018110014, 45.4677426], [-123.018153393, 45.466822833]]]}, "properties": {"parcel_id": 7183, "vineyard_name": "Johnson School Vineyard", "vineyard_org": "Cooper Mountain Vineyards", "owner_name": "GROSS ROBERT J", "ava_name": "Chehalem Mountains", "nested_ava": "Chehalem Mountains", "nested_nested_ava": "Laurelwood District", "acres": 2.718, "parcel_label": null, "source_dataset": "adelsheim", "winery_id": 56}}, {"type": "Feature", "geometry": {"type": "Polygon", "coordinates": [[[-123.018196051, 45.46594436], [-123.018239811, 45.465922297], [-123.019471151, 45.465919389], [-123.019548197, 45.465975383], [-123.019508375, 45.466692311], [-123.019398085, 45.466749372], [-123.018191149, 45.466753589], [-123.018149377, 45.4667287], [-123.018196051, 45.46594436]]]}, "properties": {"parcel_id": 7184, "vineyard_name": "Johnson School Vineyard", "vineyard_org": "Cooper Mountain Vineyards", "owner_name": "GROSS ROBERT J", "ava_name": "Chehalem Mountains", "nested_ava": "Chehalem Mountains", "nested_nested_ava": "Laurelwood District", "acres": 2.404, "parcel_label": null, "source_dataset": "adelsheim", "winery_id": 56}}, {"type": "Feature", "geometry": {"type": "Polygon", "coordinates": [[[-123.017784886, 45.465879545], [-123.017772564, 45.466322311], [-123.017191495, 45.466317966], [-123.017191849, 45.466246032], [-123.017447569, 45.465999196], [-123.017621574, 45.465780116], [-123.017663042, 45.465777341], [-123.0176687, 45.465824168], [-123.017746993, 45.465815767], [-123.01775676, 45.465652633], [-123.017946337, 45.46549691], [-123.018073137, 45.465257821], [-123.018256017, 45.465191388], [-123.018350171, 45.465141757], [-123.018492605, 45.465141036], [-123.018680245, 45.465162779], [-123.0188532, 45.465067798], [-123.019055523, 45.464937343], [-123.019224031, 45.464825209], [-123.019548106, 45.464675451], [-123.01962926, 45.464671152], [-123.019567034, 45.465748939], [-123.019414306, 45.46586643], [-123.019363501, 45.465872934], [-123.017784886, 45.465879545]]]}, "properties": {"parcel_id": 7185, "vineyard_name": "Johnson School Vineyard", "vineyard_org": "Cooper Mountain Vineyards", "owner_name": "GROSS ROBERT J", "ava_name": "Chehalem Mountains", "nested_ava": "Chehalem Mountains", "nested_nested_ava": "Laurelwood District", "acres": 3.52, "parcel_label": null, "source_dataset": "adelsheim", "winery_id": 56}}, {"type": "Feature", "geometry": {"type": "Polygon", "coordinates": [[[-123.022079057, 45.467161674], [-123.019641151, 45.467159555], [-123.019529729, 45.467051489], [-123.01955036, 45.466473454], [-123.019671572, 45.466376422], [-123.022007287, 45.466390327], [-123.022023716, 45.466796904], [-123.022092211, 45.466901672], [-123.022079057, 45.467161674]]]}, "properties": {"parcel_id": 7188, "vineyard_name": "Johnson School Vineyard", "vineyard_org": "Cooper Mountain Vineyards", "owner_name": "GROSS ROBERT J", "ava_name": "Chehalem Mountains", "nested_ava": "Chehalem Mountains", "nested_nested_ava": "Laurelwood District", "acres": 4.157, "parcel_label": null, "source_dataset": "adelsheim", "winery_id": 56}}, {"type": "Feature", "geometry": {"type": "Polygon", "coordinates": [[[-123.02206424, 45.468451124], [-123.021780638, 45.468488018], [-123.021619105, 45.468577271], [-123.021542418, 45.468724882], [-123.021529365, 45.468910254], [-123.021596263, 45.469031546], [-123.021727017, 45.469214802], [-123.021780638, 45.469340498], [-123.021735175, 45.469505271], [-123.020854149, 45.469502944], [-123.020842158, 45.46948933], [-123.01894063, 45.46949596], [-123.018972795, 45.468946245], [-123.01910146, 45.468786286], [-123.019208668, 45.468626326], [-123.019492821, 45.468374124], [-123.019534305, 45.467278542], [-123.019548968, 45.46721378], [-123.022044727, 45.467197085], [-123.02206424, 45.468451124]]]}, "properties": {"parcel_id": 7189, "vineyard_name": "Johnson School Vineyard", "vineyard_org": "Cooper Mountain Vineyards", "owner_name": "GROSS ROBERT J", "ava_name": "Chehalem Mountains", "nested_ava": "Chehalem Mountains", "nested_nested_ava": "Laurelwood District", "acres": 12.632, "parcel_label": null, "source_dataset": "adelsheim", "winery_id": 56}}, {"type": "Feature", "geometry": {"type": "Polygon", "coordinates": [[[-123.019188975, 45.46860049], [-123.018102681, 45.468606133], [-123.018113409, 45.468323977], [-123.018083905, 45.468322096], [-123.018108045, 45.467785997], [-123.019467925, 45.46779164], [-123.019443785, 45.468329621], [-123.01919434, 45.468504557], [-123.019188975, 45.46860049]]]}, "properties": {"parcel_id": 7191, "vineyard_name": "Johnson School Vineyard", "vineyard_org": "Cooper Mountain Vineyards", "owner_name": "Robert Gross J.", "ava_name": null, "nested_ava": null, "nested_nested_ava": null, "acres": 2.264, "parcel_label": null, "source_dataset": "adelsheim", "winery_id": 56}}, {"type": "Feature", "geometry": {"type": "Polygon", "coordinates": [[[-123.018879488, 45.469455238], [-123.018313542, 45.469457119], [-123.018324271, 45.469205064], [-123.018042639, 45.469203183], [-123.018048003, 45.468885291], [-123.018088236, 45.468889053], [-123.018093601, 45.468638876], [-123.019126251, 45.468640757], [-123.019120887, 45.468691545], [-123.018914357, 45.468926673], [-123.018879488, 45.469455238]]]}, "properties": {"parcel_id": 7192, "vineyard_name": "Johnson School Vineyard", "vineyard_org": "Cooper Mountain Vineyards", "owner_name": "Gross Robert J.", "ava_name": null, "nested_ava": null, "nested_nested_ava": null, "acres": 1.407, "parcel_label": null, "source_dataset": "adelsheim", "winery_id": 56}}, {"type": "Feature", "geometry": {"type": "Polygon", "coordinates": [[[-123.072150335, 45.255853107], [-123.072389821, 45.255829268], [-123.072479375, 45.255956839], [-123.072701279, 45.256308862], [-123.072897638, 45.257158748], [-123.072515363, 45.257357441], [-123.072391578, 45.257373253], [-123.072000004, 45.257284394], [-123.071720469, 45.257222267], [-123.071346219, 45.257033394], [-123.071242695, 45.256570317], [-123.071950105, 45.255875961], [-123.072150335, 45.255853107]]]}, "properties": {"parcel_id": 7233, "vineyard_name": "Evenstad Estate", "vineyard_org": "Domaine Serene Winery", "owner_name": "GOLD EAGLE PROPERTIES LLC", "ava_name": "Dundee Hills", "nested_ava": "Dundee Hills", "nested_nested_ava": null, "acres": 3.813, "parcel_label": null, "source_dataset": "adelsheim", "winery_id": 69}}, {"type": "Feature", "geometry": {"type": "Polygon", "coordinates": [[[-123.071484665, 45.255123332], [-123.071578124, 45.254820344], [-123.071828901, 45.25487064], [-123.072073312, 45.254931856], [-123.072261671, 45.255772515], [-123.071646529, 45.255844205], [-123.071626467, 45.255752068], [-123.071606191, 45.255671282], [-123.071484665, 45.255123332]]]}, "properties": {"parcel_id": 7234, "vineyard_name": "Evenstad Estate", "vineyard_org": "Domaine Serene Winery", "owner_name": "GOLD EAGLE PROPERTIES LLC", "ava_name": "Dundee Hills", "nested_ava": "Dundee Hills", "nested_nested_ava": null, "acres": 1.24, "parcel_label": null, "source_dataset": "adelsheim", "winery_id": 69}}, {"type": "Feature", "geometry": {"type": "Polygon", "coordinates": [[[-123.073994215, 45.25386855], [-123.074881185, 45.2537593], [-123.074939321, 45.25399433], [-123.074748941, 45.254431012], [-123.074459232, 45.255069326], [-123.074294696, 45.255424737], [-123.072963552, 45.255142333], [-123.072094754, 45.254877668], [-123.071920018, 45.254099801], [-123.073994215, 45.25386855]]]}, "properties": {"parcel_id": 7246, "vineyard_name": "Evenstad Estate", "vineyard_org": "Domaine Serene Winery", "owner_name": "GOLD EAGLE PROPERTIES LLC", "ava_name": "Dundee Hills", "nested_ava": "Dundee Hills", "nested_nested_ava": null, "acres": 7.199, "parcel_label": null, "source_dataset": "adelsheim", "winery_id": 69}}, {"type": "Feature", "geometry": {"type": "Polygon", "coordinates": [[[-123.072802533, 45.256614779], [-123.073545186, 45.256525969], [-123.073631811, 45.256888516], [-123.073188486, 45.257116353], [-123.072928077, 45.257142919], [-123.072895498, 45.257026506], [-123.072802533, 45.256614779]]]}, "properties": {"parcel_id": 7248, "vineyard_name": "Evenstad Estate", "vineyard_org": "Domaine Serene Winery", "owner_name": "GOLD EAGLE PROPERTIES LLC", "ava_name": "Dundee Hills", "nested_ava": "Dundee Hills", "nested_nested_ava": null, "acres": 0.788, "parcel_label": null, "source_dataset": "adelsheim", "winery_id": 69}}, {"type": "Feature", "geometry": {"type": "Polygon", "coordinates": [[[-123.084992054, 45.30682326], [-123.084952094, 45.306513375], [-123.085718317, 45.306461648], [-123.085999046, 45.306097345], [-123.087238567, 45.306012042], [-123.087359576, 45.306097952], [-123.087416655, 45.306419937], [-123.087362941, 45.306816991], [-123.08717941, 45.307036771], [-123.087075804, 45.307151641], [-123.086654678, 45.307382259], [-123.08637114, 45.307418673], [-123.086217459, 45.307347478], [-123.08602475, 45.307212329], [-123.085679651, 45.306937308], [-123.085329194, 45.30684562], [-123.084992054, 45.30682326]]]}, "properties": {"parcel_id": 7250, "vineyard_name": "Two Barns Vineyard", "vineyard_org": "Domaine Serene Winery", "owner_name": "FOXGLOVE PROPERTIES LLP", "ava_name": "Dundee Hills", "nested_ava": "Dundee Hills", "nested_nested_ava": null, "acres": 4.645, "parcel_label": null, "source_dataset": "adelsheim", "winery_id": 69}}, {"type": "Feature", "geometry": {"type": "Polygon", "coordinates": [[[-123.083379963, 45.306688241], [-123.082741258, 45.306146401], [-123.082789008, 45.306001825], [-123.083179861, 45.305623149], [-123.083399132, 45.305506136], [-123.08367611, 45.305437822], [-123.083935306, 45.305496366], [-123.084202258, 45.305594935], [-123.084429092, 45.305702337], [-123.084559625, 45.306314864], [-123.084517386, 45.306431732], [-123.084314917, 45.306395004], [-123.084209099, 45.306694288], [-123.0841379, 45.306764248], [-123.083979681, 45.306794232], [-123.083379963, 45.306688241]]]}, "properties": {"parcel_id": 7251, "vineyard_name": "Two Barns Vineyard", "vineyard_org": "Domaine Serene Winery", "owner_name": "FOXGLOVE PROPERTIES LLP", "ava_name": "Dundee Hills", "nested_ava": "Dundee Hills", "nested_nested_ava": null, "acres": 3.646, "parcel_label": null, "source_dataset": "adelsheim", "winery_id": 69}}, {"type": "Feature", "geometry": {"type": "Polygon", "coordinates": [[[-123.086941927, 45.304795466], [-123.087006445, 45.304720371], [-123.08693654, 45.304315305], [-123.089260704, 45.304265536], [-123.089355226, 45.304325386], [-123.089389128, 45.304570611], [-123.089408099, 45.304717607], [-123.089262308, 45.304819253], [-123.088899675, 45.304841498], [-123.088549739, 45.304724454], [-123.088393869, 45.304672221], [-123.088206402, 45.304600426], [-123.087763388, 45.304630217], [-123.087030979, 45.305962617], [-123.086063036, 45.306042215], [-123.085950241, 45.305350432], [-123.086941927, 45.304795466]]]}, "properties": {"parcel_id": 7252, "vineyard_name": "Two Barns Vineyard", "vineyard_org": "Domaine Serene Winery", "owner_name": "FOXGLOVE PROPERTIES LLP", "ava_name": "Dundee Hills", "nested_ava": "Dundee Hills", "nested_nested_ava": null, "acres": 5.298, "parcel_label": null, "source_dataset": "adelsheim", "winery_id": 69}}, {"type": "Feature", "geometry": {"type": "Polygon", "coordinates": [[[-123.085067347, 45.301399511], [-123.085201849, 45.301164727], [-123.085675749, 45.301240604], [-123.085807549, 45.301307041], [-123.085856783, 45.301383164], [-123.085535242, 45.302336819], [-123.085187212, 45.302785944], [-123.0849874, 45.302773649], [-123.084694704, 45.302475846], [-123.084893453, 45.301901761], [-123.085067347, 45.301399511]]]}, "properties": {"parcel_id": 7254, "vineyard_name": "Two Barns Vineyard", "vineyard_org": "Domaine Serene Winery", "owner_name": "FOXGLOVE PROPERTIES LLP", "ava_name": "Dundee Hills", "nested_ava": "Dundee Hills", "nested_nested_ava": null, "acres": 2.401, "parcel_label": null, "source_dataset": "adelsheim", "winery_id": 69}}, {"type": "Feature", "geometry": {"type": "Polygon", "coordinates": [[[-123.083990691, 45.304043758], [-123.084304694, 45.303711692], [-123.084743783, 45.303784559], [-123.08471036, 45.304024094], [-123.084403752, 45.304875878], [-123.084031083, 45.304812285], [-123.083757849, 45.304763327], [-123.083990691, 45.304043758]]]}, "properties": {"parcel_id": 7255, "vineyard_name": "Two Barns Vineyard", "vineyard_org": "Domaine Serene Winery", "owner_name": "FOXGLOVE PROPERTIES LLP", "ava_name": "Dundee Hills", "nested_ava": "Dundee Hills", "nested_nested_ava": null, "acres": 1.55, "parcel_label": null, "source_dataset": "adelsheim", "winery_id": 69}}, {"type": "Feature", "geometry": {"type": "Polygon", "coordinates": [[[-123.083691445, 45.304953227], [-123.084025498, 45.304880265], [-123.08518501, 45.305073342], [-123.085398735, 45.305030225], [-123.085690675, 45.30507042], [-123.085422586, 45.305846641], [-123.084915458, 45.305760553], [-123.084578824, 45.305512085], [-123.084186321, 45.305397204], [-123.083637501, 45.305114758], [-123.083691445, 45.304953227]]]}, "properties": {"parcel_id": 7257, "vineyard_name": "Two Barns Vineyard", "vineyard_org": "Domaine Serene Winery", "owner_name": "FOXGLOVE PROPERTIES LLP", "ava_name": "Dundee Hills", "nested_ava": "Dundee Hills", "nested_nested_ava": null, "acres": 2.349, "parcel_label": null, "source_dataset": "adelsheim", "winery_id": 69}}, {"type": "Feature", "geometry": {"type": "Polygon", "coordinates": [[[-123.071322934, 45.257748219], [-123.071181019, 45.257379018], [-123.071101551, 45.257034547], [-123.071318722, 45.257071277], [-123.071637481, 45.257225941], [-123.071818197, 45.257298506], [-123.072068994, 45.257359423], [-123.072358424, 45.257421156], [-123.072568805, 45.257401668], [-123.072712394, 45.25732789], [-123.072881991, 45.257238544], [-123.073053148, 45.257993122], [-123.07296347, 45.258145475], [-123.072855379, 45.258230241], [-123.072704951, 45.258281742], [-123.072525989, 45.258281741], [-123.072202168, 45.258207904], [-123.072002129, 45.258100084], [-123.071680663, 45.257930632], [-123.071480329, 45.257833471], [-123.071322934, 45.257748219]]]}, "properties": {"parcel_id": 7262, "vineyard_name": "Winery Hill Vineyard", "vineyard_org": "Domaine Serene Winery", "owner_name": "FOXGLOVE PROPERTIES", "ava_name": "Dundee Hills", "nested_ava": "Dundee Hills", "nested_nested_ava": null, "acres": 3.032, "parcel_label": null, "source_dataset": "adelsheim", "winery_id": 69}}, {"type": "Feature", "geometry": {"type": "Polygon", "coordinates": [[[-123.034329952, 45.291076806], [-123.034328308, 45.290203672], [-123.03437378, 45.290188624], [-123.034848811, 45.290188022], [-123.03490039, 45.290225344], [-123.034882135, 45.291784224], [-123.034880143, 45.291847315], [-123.034819959, 45.291876695], [-123.034417831, 45.291952986], [-123.034292099, 45.291905236], [-123.034278409, 45.291639353], [-123.034337571, 45.291538575], [-123.034329986, 45.29138482], [-123.034279352, 45.291290057], [-123.034261228, 45.291190481], [-123.034329952, 45.291076806]]]}, "properties": {"parcel_id": 7351, "vineyard_name": "Holstein Vineyards", "vineyard_org": "Holstein Vineyards", "owner_name": "HOLSTEIN ALLEN G TRUSTEE FOR", "ava_name": "Dundee Hills", "nested_ava": "Dundee Hills", "nested_nested_ava": null, "acres": 2.138, "parcel_label": null, "source_dataset": "adelsheim", "winery_id": 92}}, {"type": "Feature", "geometry": {"type": "Polygon", "coordinates": [[[-123.033725461, 45.291104181], [-123.033733157, 45.290206712], [-123.033942389, 45.290208278], [-123.033939257, 45.290189216], [-123.034285009, 45.290191804], [-123.034281626, 45.291103337], [-123.033725461, 45.291104181]]]}, "properties": {"parcel_id": 7352, "vineyard_name": "Holstein Vineyards", "vineyard_org": "Holstein Vineyards", "owner_name": "HOLSTEIN ALLEN G TRUSTEE FOR", "ava_name": "Dundee Hills", "nested_ava": "Dundee Hills", "nested_nested_ava": null, "acres": 1.082, "parcel_label": null, "source_dataset": "adelsheim", "winery_id": 92}}, {"type": "Feature", "geometry": {"type": "Polygon", "coordinates": [[[-123.043342301, 45.293386971], [-123.043342882, 45.293055637], [-123.045257383, 45.293053422], [-123.045240689, 45.293906922], [-123.045235513, 45.294314979], [-123.04281091, 45.294302577], [-123.042801973, 45.293402875], [-123.043342301, 45.293386971]]]}, "properties": {"parcel_id": 7392, "vineyard_name": "Lange Estate Vineyard", "vineyard_org": "Lange Estate Vineyard", "owner_name": "LANGE ESTATE VINEYARDS LLC", "ava_name": "Dundee Hills", "nested_ava": "Dundee Hills", "nested_nested_ava": null, "acres": 6.197, "parcel_label": null, "source_dataset": "adelsheim", "winery_id": 113}}, {"type": "Feature", "geometry": {"type": "Polygon", "coordinates": [[[-123.039324541, 45.295034701], [-123.039319163, 45.294943749], [-123.041880739, 45.294933399], [-123.041912161, 45.294996886], [-123.041914164, 45.295143168], [-123.041846775, 45.295294944], [-123.041754644, 45.295377081], [-123.041593865, 45.295436789], [-123.041319116, 45.295434025], [-123.041319045, 45.295499055], [-123.040941394, 45.295503709], [-123.040953701, 45.295593312], [-123.040615006, 45.295593316], [-123.040447941, 45.295472579], [-123.040249679, 45.295466159], [-123.039825858, 45.295371778], [-123.039414322, 45.295269365], [-123.039335982, 45.295200576], [-123.039324541, 45.295034701]]]}, "properties": {"parcel_id": 7393, "vineyard_name": "Lange Estate Vineyard", "vineyard_org": "Lange Estate Vineyard", "owner_name": "LANGE ESTATE VINEYARDS LLC", "ava_name": "Dundee Hills", "nested_ava": "Dundee Hills", "nested_nested_ava": null, "acres": 2.766, "parcel_label": null, "source_dataset": "adelsheim", "winery_id": 113}}, {"type": "Feature", "geometry": {"type": "Polygon", "coordinates": [[[-123.038870469, 45.294650342], [-123.038881412, 45.292139576], [-123.040020404, 45.292173073], [-123.040146019, 45.292321528], [-123.040663273, 45.292448402], [-123.041045663, 45.292494552], [-123.041863229, 45.292952207], [-123.042654963, 45.293329887], [-123.042757261, 45.293440367], [-123.042742273, 45.294623845], [-123.042209017, 45.294486922], [-123.042025018, 45.294509742], [-123.041739903, 45.294595773], [-123.041742068, 45.294734313], [-123.041733988, 45.294890021], [-123.039133769, 45.294884015], [-123.039111513, 45.294654045], [-123.038870469, 45.294650342]]]}, "properties": {"parcel_id": 7394, "vineyard_name": "Lange Estate Vineyard", "vineyard_org": "Lange Estate Vineyard", "owner_name": "LANGE ESTATE VINEYARDS LLC", "ava_name": "Dundee Hills", "nested_ava": "Dundee Hills", "nested_nested_ava": null, "acres": 18.451, "parcel_label": null, "source_dataset": "adelsheim", "winery_id": 113}}, {"type": "Feature", "geometry": {"type": "Polygon", "coordinates": [[[-123.071056922, 45.251001717], [-123.07105684, 45.250001347], [-123.07107958, 45.249979086], [-123.071120374, 45.249960974], [-123.073025737, 45.24993858], [-123.073033116, 45.250913115], [-123.072767654, 45.250986777], [-123.071056922, 45.251001717]]]}, "properties": {"parcel_id": 7594, "vineyard_name": "Stoller Family Estate", "vineyard_org": "Stoller Family Estate", "owner_name": "RED HILLS FARM LLC", "ava_name": "Dundee Hills", "nested_ava": "Dundee Hills", "nested_nested_ava": null, "acres": 4.413, "parcel_label": null, "source_dataset": "adelsheim", "winery_id": 171}}, {"type": "Feature", "geometry": {"type": "Polygon", "coordinates": [[[-123.069466158, 45.250178893], [-123.069466157, 45.250003091], [-123.071035213, 45.249990998], [-123.071038515, 45.251033095], [-123.068738737, 45.251050504], [-123.0687327, 45.250323744], [-123.069055953, 45.250307255], [-123.06937128, 45.250220749], [-123.069466158, 45.250178893]]]}, "properties": {"parcel_id": 7596, "vineyard_name": "Stoller Family Estate", "vineyard_org": "Stoller Family Estate", "owner_name": "RED HILLS FARM LLC", "ava_name": "Dundee Hills", "nested_ava": "Dundee Hills", "nested_nested_ava": null, "acres": 4.74, "parcel_label": null, "source_dataset": "adelsheim", "winery_id": 171}}, {"type": "Feature", "geometry": {"type": "Polygon", "coordinates": [[[-123.073123079, 45.247809109], [-123.073119335, 45.247472966], [-123.073121875, 45.247249673], [-123.073120699, 45.247089098], [-123.073112356, 45.246787936], [-123.073077439, 45.246441761], [-123.073005931, 45.246356302], [-123.072902863, 45.246263444], [-123.072921039, 45.246141062], [-123.073271423, 45.246105615], [-123.073443017, 45.246109237], [-123.073586294, 45.246145447], [-123.073628817, 45.246332043], [-123.073535112, 45.247309671], [-123.07428324, 45.247343046], [-123.075031363, 45.247361609], [-123.075427316, 45.247329658], [-123.075361182, 45.248043726], [-123.075352396, 45.248190458], [-123.073267448, 45.248093954], [-123.073178819, 45.248023707], [-123.073144543, 45.247941119], [-123.073123079, 45.247809109]]]}, "properties": {"parcel_id": 7598, "vineyard_name": "Stoller Family Estate", "vineyard_org": "Stoller Family Estate", "owner_name": "RED HILLS FARM LLC", "ava_name": "Dundee Hills", "nested_ava": "Dundee Hills", "nested_nested_ava": null, "acres": 5.234, "parcel_label": null, "source_dataset": "adelsheim", "winery_id": 171}}, {"type": "Feature", "geometry": {"type": "Polygon", "coordinates": [[[-123.068726838, 45.249930426], [-123.068706039, 45.248814792], [-123.071017844, 45.248793404], [-123.071029446, 45.249905543], [-123.068726838, 45.249930426]]]}, "properties": {"parcel_id": 7601, "vineyard_name": "Stoller Family Estate", "vineyard_org": "Stoller Family Estate", "owner_name": "RED HILLS FARM LLC", "ava_name": "Dundee Hills", "nested_ava": "Dundee Hills", "nested_nested_ava": null, "acres": 5.541, "parcel_label": null, "source_dataset": "adelsheim", "winery_id": 171}}, {"type": "Feature", "geometry": {"type": "Polygon", "coordinates": [[[-123.076219182, 45.248352507], [-123.076310492, 45.2482992], [-123.076766293, 45.248309268], [-123.077048553, 45.248315519], [-123.077146192, 45.24836369], [-123.077156144, 45.248440278], [-123.076852571, 45.249181322], [-123.076578767, 45.249869955], [-123.073183112, 45.249876123], [-123.074667661, 45.248893865], [-123.075130885, 45.24886596], [-123.07554759, 45.248703402], [-123.075966898, 45.248512968], [-123.076219182, 45.248352507]]]}, "properties": {"parcel_id": 7602, "vineyard_name": "Stoller Family Estate", "vineyard_org": "Stoller Family Estate", "owner_name": "RED HILLS FARM LLC", "ava_name": "Dundee Hills", "nested_ava": "Dundee Hills", "nested_nested_ava": null, "acres": 7.708, "parcel_label": null, "source_dataset": "adelsheim", "winery_id": 171}}, {"type": "Feature", "geometry": {"type": "Polygon", "coordinates": [[[-123.073102287, 45.24984055], [-123.073105803, 45.248851373], [-123.073116642, 45.24820822], [-123.073176347, 45.248206106], [-123.073466261, 45.248231278], [-123.073587233, 45.248455654], [-123.073930966, 45.248684577], [-123.074042587, 45.248829683], [-123.074182112, 45.248891074], [-123.074448796, 45.248892264], [-123.074450743, 45.248966799], [-123.073102287, 45.24984055]]]}, "properties": {"parcel_id": 7603, "vineyard_name": "Stoller Family Estate", "vineyard_org": "Stoller Family Estate", "owner_name": "RED HILLS FARM LLC", "ava_name": "Dundee Hills", "nested_ava": "Dundee Hills", "nested_nested_ava": null, "acres": 2.425, "parcel_label": null, "source_dataset": "adelsheim", "winery_id": 171}}, {"type": "Feature", "geometry": {"type": "Polygon", "coordinates": [[[-123.073106381, 45.25092209], [-123.073108089, 45.249996329], [-123.073192079, 45.249936679], [-123.076556387, 45.249924374], [-123.07619963, 45.250829502], [-123.076042389, 45.250924889], [-123.073106381, 45.25092209]]]}, "properties": {"parcel_id": 7605, "vineyard_name": "Stoller Family Estate", "vineyard_org": "Stoller Family Estate", "owner_name": "RED HILLS FARM LLC", "ava_name": "Dundee Hills", "nested_ava": "Dundee Hills", "nested_nested_ava": null, "acres": 6.941, "parcel_label": null, "source_dataset": "adelsheim", "winery_id": 171}}, {"type": "Feature", "geometry": {"type": "Polygon", "coordinates": [[[-123.079083286, 45.251203009], [-123.079238888, 45.250876258], [-123.07942964, 45.25069431], [-123.079712558, 45.250585349], [-123.07999181, 45.2505083], [-123.080171227, 45.250525875], [-123.081047804, 45.250812339], [-123.08134291, 45.250871527], [-123.081614979, 45.250871244], [-123.081782805, 45.250827424], [-123.082171499, 45.250627233], [-123.082425788, 45.250435142], [-123.082715254, 45.250161774], [-123.083182432, 45.250135873], [-123.083194021, 45.250246957], [-123.082273885, 45.25242839], [-123.079039355, 45.251540049], [-123.07902292, 45.251397213], [-123.079083286, 45.251203009]]]}, "properties": {"parcel_id": 7611, "vineyard_name": "Stoller Family Estate", "vineyard_org": "Stoller Family Estate", "owner_name": "RED HILLS FARM LLC", "ava_name": "Dundee Hills", "nested_ava": "Dundee Hills", "nested_nested_ava": null, "acres": 10.921, "parcel_label": null, "source_dataset": "adelsheim", "winery_id": 171}}, {"type": "Feature", "geometry": {"type": "Polygon", "coordinates": [[[-123.080475052, 45.249637535], [-123.080476479, 45.249334838], [-123.081982401, 45.249565131], [-123.081956623, 45.249633242], [-123.081850352, 45.24972162], [-123.081732173, 45.249821315], [-123.081660206, 45.249956642], [-123.081592941, 45.250449927], [-123.081621768, 45.250599956], [-123.081637559, 45.250727641], [-123.081644718, 45.250809079], [-123.081547867, 45.250828906], [-123.081323453, 45.250830441], [-123.081130932, 45.250794259], [-123.080138349, 45.250476534], [-123.080143624, 45.250432601], [-123.080309603, 45.250307569], [-123.080423368, 45.250196531], [-123.080479545, 45.250095635], [-123.080452102, 45.24977789], [-123.080475052, 45.249637535]]]}, "properties": {"parcel_id": 7612, "vineyard_name": "Stoller Family Estate", "vineyard_org": "Stoller Family Estate", "owner_name": "RED HILLS FARM LLC", "ava_name": "Dundee Hills", "nested_ava": "Dundee Hills", "nested_nested_ava": null, "acres": 3.641, "parcel_label": null, "source_dataset": "adelsheim", "winery_id": 171}}, {"type": "Feature", "geometry": {"type": "Polygon", "coordinates": [[[-123.076315803, 45.250786526], [-123.076660976, 45.249920708], [-123.078397972, 45.250468373], [-123.078369615, 45.250524218], [-123.078261792, 45.250904132], [-123.078348339, 45.251171957], [-123.078251805, 45.251337279], [-123.076905692, 45.251055576], [-123.076565773, 45.250982138], [-123.076315803, 45.250786526]]]}, "properties": {"parcel_id": 7615, "vineyard_name": "Stoller Family Estate", "vineyard_org": "Stoller Family Estate", "owner_name": "RED HILLS FARM LLC", "ava_name": "Dundee Hills", "nested_ava": "Dundee Hills", "nested_nested_ava": null, "acres": 3.967, "parcel_label": null, "source_dataset": "adelsheim", "winery_id": 171}}, {"type": "Feature", "geometry": {"type": "Polygon", "coordinates": [[[-123.076995946, 45.249047268], [-123.077088774, 45.248888669], [-123.077493397, 45.249031298], [-123.077939877, 45.249207099], [-123.07816121, 45.249299744], [-123.078418424, 45.249363513], [-123.078692175, 45.249464836], [-123.078744513, 45.249564284], [-123.07841656, 45.250397062], [-123.076688559, 45.249892312], [-123.076773445, 45.249731714], [-123.076876351, 45.249704681], [-123.077073117, 45.249384076], [-123.077075107, 45.249319683], [-123.076995946, 45.249047268]]]}, "properties": {"parcel_id": 7616, "vineyard_name": "Stoller Family Estate", "vineyard_org": "Stoller Family Estate", "owner_name": "RED HILLS FARM LLC", "ava_name": "Dundee Hills", "nested_ava": "Dundee Hills", "nested_nested_ava": null, "acres": 3.768, "parcel_label": null, "source_dataset": "adelsheim", "winery_id": 171}}, {"type": "Feature", "geometry": {"type": "Polygon", "coordinates": [[[-123.075918177, 45.244278433], [-123.076134002, 45.243655526], [-123.077309295, 45.244029285], [-123.077312585, 45.244082309], [-123.076087649, 45.244879677], [-123.075932927, 45.244820803], [-123.075927017, 45.244750599], [-123.075918177, 45.244278433]]]}, "properties": {"parcel_id": 7619, "vineyard_name": "Stoller Family Estate", "vineyard_org": "Stoller Family Estate", "owner_name": "RED HILLS FARM LLC", "ava_name": "Dundee Hills", "nested_ava": "Dundee Hills", "nested_nested_ava": null, "acres": 1.988, "parcel_label": null, "source_dataset": "adelsheim", "winery_id": 171}}, {"type": "Feature", "geometry": {"type": "Polygon", "coordinates": [[[-123.074574353, 45.240710797], [-123.076970432, 45.241033671], [-123.076981358, 45.241094676], [-123.076790304, 45.241661114], [-123.076649068, 45.242022923], [-123.075663523, 45.241833884], [-123.074823031, 45.241688591], [-123.074813554, 45.241156824], [-123.074598462, 45.241152083], [-123.074540742, 45.241108787], [-123.074545095, 45.240901993], [-123.074574943, 45.240886303], [-123.074574353, 45.240710797]]]}, "properties": {"parcel_id": 7624, "vineyard_name": "Stoller Family Estate", "vineyard_org": "Stoller Family Estate", "owner_name": "RED HILLS FARM LLC", "ava_name": "Dundee Hills", "nested_ava": "Dundee Hills", "nested_nested_ava": null, "acres": 4.526, "parcel_label": null, "source_dataset": "adelsheim", "winery_id": 171}}, {"type": "Feature", "geometry": {"type": "Polygon", "coordinates": [[[-123.076128295, 45.244898192], [-123.077408922, 45.244069449], [-123.078698009, 45.244284799], [-123.078597393, 45.24456503], [-123.078463455, 45.244864388], [-123.078205436, 45.245459616], [-123.077983217, 45.245926896], [-123.077909602, 45.245968422], [-123.077569321, 45.245704866], [-123.07711775, 45.245360353], [-123.076663168, 45.245127185], [-123.076128295, 45.244898192]]]}, "properties": {"parcel_id": 7627, "vineyard_name": "Stoller Family Estate", "vineyard_org": "Stoller Family Estate", "owner_name": "RED HILLS FARM LLC", "ava_name": "Dundee Hills", "nested_ava": "Dundee Hills", "nested_nested_ava": null, "acres": 5.464, "parcel_label": null, "source_dataset": "adelsheim", "winery_id": 171}}, {"type": "Feature", "geometry": {"type": "Polygon", "coordinates": [[[-123.075909308, 45.245052587], [-123.076079147, 45.244936098], [-123.076290449, 45.245033143], [-123.076561321, 45.245142529], [-123.077061007, 45.245400753], [-123.077591763, 45.245799194], [-123.077905747, 45.246055311], [-123.077445918, 45.247276341], [-123.077345173, 45.247343176], [-123.077280792, 45.247378944], [-123.077096449, 45.247140397], [-123.076827877, 45.2468222], [-123.076632051, 45.246606063], [-123.076415194, 45.246394863], [-123.075853603, 45.245966284], [-123.075797466, 45.245860585], [-123.075839185, 45.245514501], [-123.075909308, 45.245052587]]]}, "properties": {"parcel_id": 7628, "vineyard_name": "Stoller Family Estate", "vineyard_org": "Stoller Family Estate", "owner_name": "RED HILLS FARM LLC", "ava_name": "Dundee Hills", "nested_ava": "Dundee Hills", "nested_nested_ava": null, "acres": 5.738, "parcel_label": null, "source_dataset": "adelsheim", "winery_id": 171}}, {"type": "Feature", "geometry": {"type": "Polygon", "coordinates": [[[-123.075557744, 45.247294436], [-123.075875223, 45.246240219], [-123.076001012, 45.246164895], [-123.076376922, 45.246462182], [-123.076723839, 45.246817401], [-123.077086682, 45.247264209], [-123.077329109, 45.247582161], [-123.077157596, 45.247941103], [-123.077032609, 45.248104639], [-123.076862825, 45.248215503], [-123.07670877, 45.248248865], [-123.075431594, 45.248210977], [-123.075485994, 45.24778431], [-123.075557744, 45.247294436]]]}, "properties": {"parcel_id": 7629, "vineyard_name": "Stoller Family Estate", "vineyard_org": "Stoller Family Estate", "owner_name": "RED HILLS FARM LLC", "ava_name": "Dundee Hills", "nested_ava": "Dundee Hills", "nested_nested_ava": null, "acres": 5.526, "parcel_label": null, "source_dataset": "adelsheim", "winery_id": 171}}, {"type": "Feature", "geometry": {"type": "Polygon", "coordinates": [[[-123.073661861, 45.246093473], [-123.074809628, 45.246064424], [-123.075779973, 45.246070204], [-123.075770852, 45.246227801], [-123.07565348, 45.246588221], [-123.075459968, 45.247242255], [-123.075420587, 45.247276664], [-123.075188868, 45.247297231], [-123.074908102, 45.247313773], [-123.073637284, 45.247261016], [-123.073570644, 45.247239094], [-123.073661861, 45.246093473]]]}, "properties": {"parcel_id": 7630, "vineyard_name": "Stoller Family Estate", "vineyard_org": "Stoller Family Estate", "owner_name": "RED HILLS FARM LLC", "ava_name": "Dundee Hills", "nested_ava": "Dundee Hills", "nested_nested_ava": null, "acres": 5.268, "parcel_label": null, "source_dataset": "adelsheim", "winery_id": 171}}, {"type": "Feature", "geometry": {"type": "Polygon", "coordinates": [[[-123.083117662, 45.249629164], [-123.082862798, 45.249644011], [-123.082751823, 45.249628888], [-123.082055253, 45.249512447], [-123.082011628, 45.249082467], [-123.082005166, 45.249030141], [-123.082468074, 45.248258897], [-123.082411514, 45.247772886], [-123.08244794, 45.247753944], [-123.082626532, 45.247726039], [-123.083554677, 45.247867474], [-123.084083651, 45.247956717], [-123.084122089, 45.248041524], [-123.083487409, 45.249515451], [-123.083439785, 45.249560582], [-123.083344718, 45.249598293], [-123.083117662, 45.249629164]]]}, "properties": {"parcel_id": 7636, "vineyard_name": "Stoller Family Estate", "vineyard_org": "Stoller Family Estate", "owner_name": "RED HILLS FARM LLC", "ava_name": "Dundee Hills", "nested_ava": "Dundee Hills", "nested_nested_ava": null, "acres": 6.108, "parcel_label": null, "source_dataset": "adelsheim", "winery_id": 171}}, {"type": "Feature", "geometry": {"type": "Polygon", "coordinates": [[[-123.080290879, 45.248002299], [-123.080277079, 45.247802485], [-123.080329326, 45.247735956], [-123.080520879, 45.247615041], [-123.080652511, 45.247586682], [-123.080927239, 45.247612562], [-123.081421034, 45.247726042], [-123.081654742, 45.247773515], [-123.081751431, 45.247767701], [-123.081947314, 45.247664766], [-123.082188423, 45.247664647], [-123.08234596, 45.247684324], [-123.082349344, 45.247763363], [-123.082389334, 45.248252343], [-123.082279464, 45.248419459], [-123.080331581, 45.248496144], [-123.080290879, 45.248002299]]]}, "properties": {"parcel_id": 7637, "vineyard_name": "Stoller Family Estate", "vineyard_org": "Stoller Family Estate", "owner_name": "RED HILLS FARM LLC", "ava_name": "Dundee Hills", "nested_ava": "Dundee Hills", "nested_nested_ava": null, "acres": 3.464, "parcel_label": null, "source_dataset": "adelsheim", "winery_id": 171}}, {"type": "Feature", "geometry": {"type": "Polygon", "coordinates": [[[-123.080347607, 45.248520813], [-123.082276626, 45.248447079], [-123.081922501, 45.249015086], [-123.081973658, 45.249500804], [-123.080555801, 45.249293754], [-123.080525281, 45.2490385], [-123.080480447, 45.248733515], [-123.080358284, 45.248589189], [-123.080347607, 45.248520813]]]}, "properties": {"parcel_id": 7638, "vineyard_name": "Stoller Family Estate", "vineyard_org": "Stoller Family Estate", "owner_name": "RED HILLS FARM LLC", "ava_name": "Dundee Hills", "nested_ava": "Dundee Hills", "nested_nested_ava": null, "acres": 3.027, "parcel_label": null, "source_dataset": "adelsheim", "winery_id": 171}}, {"type": "Feature", "geometry": {"type": "Polygon", "coordinates": [[[-123.08182291, 45.249793524], [-123.082086426, 45.249583282], [-123.082618347, 45.249666866], [-123.082622176, 45.249715809], [-123.082545763, 45.249798963], [-123.082472675, 45.249933731], [-123.082492209, 45.250068076], [-123.082555854, 45.250229947], [-123.082340416, 45.250451929], [-123.082070686, 45.250626136], [-123.081760354, 45.2507854], [-123.081695873, 45.250760761], [-123.081672808, 45.25058511], [-123.08164825, 45.250428932], [-123.08171522, 45.250100883], [-123.081756179, 45.249876336], [-123.08182291, 45.249793524]]]}, "properties": {"parcel_id": 7639, "vineyard_name": "Stoller Family Estate", "vineyard_org": "Stoller Family Estate", "owner_name": "RED HILLS FARM LLC", "ava_name": "Dundee Hills", "nested_ava": "Dundee Hills", "nested_nested_ava": null, "acres": 1.626, "parcel_label": null, "source_dataset": "adelsheim", "winery_id": 171}}, {"type": "Feature", "geometry": {"type": "Polygon", "coordinates": [[[-123.075561065, 45.30476564], [-123.075457837, 45.304693123], [-123.075244449, 45.304656989], [-123.075045802, 45.304598205], [-123.074785419, 45.304539026], [-123.0747247, 45.304443929], [-123.074625352, 45.304368234], [-123.074736525, 45.304063785], [-123.075122989, 45.304138646], [-123.075198797, 45.304015711], [-123.075953627, 45.30405992], [-123.076691904, 45.304113828], [-123.076857151, 45.304396428], [-123.07684424, 45.304620449], [-123.0768065, 45.304710585], [-123.076477336, 45.30470048], [-123.076240034, 45.304658603], [-123.075758451, 45.304728397], [-123.075561065, 45.30476564]]]}, "properties": {"parcel_id": 7662, "vineyard_name": "Van Duzer Vineyards", "vineyard_org": "Van Duzer Vineyards", "owner_name": "VAN DUZER VINEYARDS LLC", "ava_name": "Dundee Hills", "nested_ava": "Dundee Hills", "nested_nested_ava": null, "acres": 2.725, "parcel_label": null, "source_dataset": "adelsheim", "winery_id": 185}}, {"type": "Feature", "geometry": {"type": "Polygon", "coordinates": [[[-123.072121955, 45.304764628], [-123.074264846, 45.303995554], [-123.074564963, 45.303981595], [-123.074714858, 45.304037597], [-123.074590004, 45.304359691], [-123.074539403, 45.304350227], [-123.074286535, 45.304918808], [-123.074153983, 45.30515454], [-123.073866411, 45.305247556], [-123.073603285, 45.305280445], [-123.073423428, 45.305231341], [-123.073123277, 45.30506543], [-123.072919984, 45.305010785], [-123.072568647, 45.304922791], [-123.072281247, 45.304846151], [-123.072197639, 45.30482715], [-123.072121955, 45.304764628]]]}, "properties": {"parcel_id": 7663, "vineyard_name": "Van Duzer Vineyards", "vineyard_org": "Van Duzer Vineyards", "owner_name": "VAN DUZER VINEYARDS LLC", "ava_name": "Dundee Hills", "nested_ava": "Dundee Hills", "nested_nested_ava": null, "acres": 3.687, "parcel_label": null, "source_dataset": "adelsheim", "winery_id": 185}}, {"type": "Feature", "geometry": {"type": "Polygon", "coordinates": [[[-123.076408049, 45.302767307], [-123.076935454, 45.302755327], [-123.078171134, 45.302773932], [-123.078195232, 45.303402564], [-123.078125559, 45.303398417], [-123.077837642, 45.303332513], [-123.07688828, 45.303039337], [-123.076702998, 45.303026795], [-123.076401472, 45.302903388], [-123.076408049, 45.302767307]]]}, "properties": {"parcel_id": 7664, "vineyard_name": "Van Duzer Vineyards", "vineyard_org": "Van Duzer Vineyards", "owner_name": "VAN DUZER VINEYARDS LLC", "ava_name": "Dundee Hills", "nested_ava": "Dundee Hills", "nested_nested_ava": null, "acres": 1.553, "parcel_label": null, "source_dataset": "adelsheim", "winery_id": 185}}, {"type": "Feature", "geometry": {"type": "Polygon", "coordinates": [[[-123.077635224, 45.253331994], [-123.078290656, 45.252438178], [-123.078361347, 45.252425251], [-123.078332997, 45.253661987], [-123.077897083, 45.2536694], [-123.077794848, 45.253708834], [-123.077654693, 45.253712244], [-123.077622598, 45.253687624], [-123.077629803, 45.25353604], [-123.077635224, 45.253331994]]]}, "properties": {"parcel_id": 7700, "vineyard_name": "Winter's Hill Vineyard", "vineyard_org": "Winter's Hill Vineyard", "owner_name": "HUMPHREYS ROEPENACK INC", "ava_name": "Dundee Hills", "nested_ava": "Dundee Hills", "nested_nested_ava": null, "acres": 1.278, "parcel_label": null, "source_dataset": "adelsheim", "winery_id": 198}}, {"type": "Feature", "geometry": {"type": "Polygon", "coordinates": [[[-123.074939479, 45.254500012], [-123.075352911, 45.253431993], [-123.075949321, 45.253548822], [-123.076497881, 45.253656545], [-123.076015814, 45.254942571], [-123.075862185, 45.254962132], [-123.075461889, 45.254962759], [-123.07516784, 45.254917157], [-123.074898461, 45.254862078], [-123.075006546, 45.254570951], [-123.074939479, 45.254500012]]]}, "properties": {"parcel_id": 7701, "vineyard_name": "Winter's Hill Vineyard", "vineyard_org": "Winter's Hill Vineyard", "owner_name": "HUMPHREYS ROEPENACK INC", "ava_name": "Dundee Hills", "nested_ava": "Dundee Hills", "nested_nested_ava": null, "acres": 3.635, "parcel_label": null, "source_dataset": "adelsheim", "winery_id": 198}}, {"type": "Feature", "geometry": {"type": "Polygon", "coordinates": [[[-123.076663751, 45.253632789], [-123.077526058, 45.253521958], [-123.077544345, 45.253552638], [-123.077528333, 45.25360822], [-123.07744379, 45.253665378], [-123.077417677, 45.253840933], [-123.077353913, 45.254353607], [-123.07735036, 45.25445539], [-123.077267137, 45.254846331], [-123.076328972, 45.254976817], [-123.076230617, 45.25495496], [-123.07609922, 45.254974225], [-123.076070164, 45.254951953], [-123.076557608, 45.253648137], [-123.076663751, 45.253632789]]]}, "properties": {"parcel_id": 7702, "vineyard_name": "Winter's Hill Vineyard", "vineyard_org": "Winter's Hill Vineyard", "owner_name": "HUMPHREYS ROEPENACK INC", "ava_name": "Dundee Hills", "nested_ava": "Dundee Hills", "nested_nested_ava": null, "acres": 2.991, "parcel_label": null, "source_dataset": "adelsheim", "winery_id": 198}}, {"type": "Feature", "geometry": {"type": "Polygon", "coordinates": [[[-123.076290475, 45.251219552], [-123.076572327, 45.251144308], [-123.077379037, 45.251300021], [-123.076524831, 45.253608408], [-123.075409787, 45.253397741], [-123.07584903, 45.252310201], [-123.075974313, 45.251931696], [-123.076123614, 45.251643594], [-123.076290475, 45.251219552]]]}, "properties": {"parcel_id": 7703, "vineyard_name": "Winter's Hill Vineyard", "vineyard_org": "Winter's Hill Vineyard", "owner_name": "HUMPHREYS ROEPENACK INC", "ava_name": "Dundee Hills", "nested_ava": "Dundee Hills", "nested_nested_ava": null, "acres": 5.731, "parcel_label": null, "source_dataset": "adelsheim", "winery_id": 198}}, {"type": "Feature", "geometry": {"type": "Polygon", "coordinates": [[[-123.076584529, 45.253593734], [-123.077402479, 45.251382114], [-123.07755282, 45.251341489], [-123.078298881, 45.251492378], [-123.078309047, 45.251531611], [-123.078225523, 45.251713563], [-123.078148513, 45.251924539], [-123.078217935, 45.252076172], [-123.078238518, 45.252218758], [-123.078138941, 45.252471712], [-123.078048036, 45.252587229], [-123.077733539, 45.253075703], [-123.0776674, 45.253103088], [-123.07763433, 45.25322826], [-123.077547036, 45.253406878], [-123.077303424, 45.253466393], [-123.076716202, 45.253603363], [-123.076584529, 45.253593734]]]}, "properties": {"parcel_id": 7704, "vineyard_name": "Winter's Hill Vineyard", "vineyard_org": "Winter's Hill Vineyard", "owner_name": "HUMPHREYS ROEPENACK INC", "ava_name": "Dundee Hills", "nested_ava": "Dundee Hills", "nested_nested_ava": null, "acres": 4.57, "parcel_label": null, "source_dataset": "adelsheim", "winery_id": 198}}, {"type": "Feature", "geometry": {"type": "Polygon", "coordinates": [[[-123.04681021, 45.293921283], [-123.047613469, 45.29390107], [-123.047614473, 45.294195639], [-123.047544153, 45.294249242], [-123.04720517, 45.29429236], [-123.046816453, 45.294303179], [-123.04681021, 45.293921283]]]}, "properties": {"parcel_id": 7753, "vineyard_name": "Foley Vineyard", "vineyard_org": "A to Z Wineworks", "owner_name": "LOVELY LADS LLC", "ava_name": "Dundee Hills", "nested_ava": "Dundee Hills", "nested_nested_ava": null, "acres": 0.636, "parcel_label": null, "source_dataset": "adelsheim", "winery_id": null}}, {"type": "Feature", "geometry": {"type": "Polygon", "coordinates": [[[-123.045665462, 45.293948929], [-123.046097815, 45.29395124], [-123.046096815, 45.294518578], [-123.046166993, 45.294518578], [-123.046319506, 45.294623967], [-123.046327587, 45.294757798], [-123.04624419, 45.294820346], [-123.04624419, 45.294962856], [-123.046052095, 45.295177294], [-123.045654346, 45.295180024], [-123.045615397, 45.295165503], [-123.045267895, 45.295164218], [-123.045257875, 45.293958166], [-123.045665462, 45.293948929]]]}, "properties": {"parcel_id": 7754, "vineyard_name": "Foley Vineyard", "vineyard_org": "A to Z Wineworks", "owner_name": "LOVELY LADS LLC", "ava_name": "Dundee Hills", "nested_ava": "Dundee Hills", "nested_nested_ava": null, "acres": 2.387, "parcel_label": null, "source_dataset": "adelsheim", "winery_id": null}}, {"type": "Feature", "geometry": {"type": "Polygon", "coordinates": [[[-123.084869392, 45.352187682], [-123.085406199, 45.35203282], [-123.086021429, 45.351862211], [-123.086328726, 45.351771564], [-123.086445569, 45.351793768], [-123.086521187, 45.351924176], [-123.086477941, 45.351933446], [-123.086583544, 45.352143641], [-123.08665367, 45.352550656], [-123.08656979, 45.352597657], [-123.086617321, 45.352700767], [-123.086676557, 45.352908468], [-123.086679782, 45.352969208], [-123.086378825, 45.3530493], [-123.085524837, 45.353310403], [-123.084869392, 45.352187682]]]}, "properties": {"parcel_id": 7872, "vineyard_name": "Whistling Ridge Vineyards", "vineyard_org": "Whistling Ridge Vineyards", "owner_name": "ALVORD-GUSTAFSON JOINT LIVING TRUST", "ava_name": "Chehalem Mountains", "nested_ava": "Chehalem Mountains", "nested_nested_ava": "Ribbon Ridge", "acres": 3.88, "parcel_label": null, "source_dataset": "chehalem-dundee", "winery_id": null}}, {"type": "Feature", "geometry": {"type": "Polygon", "coordinates": [[[-123.08487687, 45.352107863], [-123.084444349, 45.351358262], [-123.085188098, 45.351147678], [-123.085639954, 45.351898369], [-123.08487687, 45.352107863]]]}, "properties": {"parcel_id": 7873, "vineyard_name": "Whistling Ridge Vineyards", "vineyard_org": "Whistling Ridge Vineyards", "owner_name": "ALVORD-GUSTAFSON JOINT LIVING TRUST", "ava_name": "Chehalem Mountains", "nested_ava": "Chehalem Mountains", "nested_nested_ava": "Ribbon Ridge", "acres": 1.416, "parcel_label": null, "source_dataset": "chehalem-dundee", "winery_id": null}}, {"type": "Feature", "geometry": {"type": "Polygon", "coordinates": [[[-123.084481493, 45.351304466], [-123.084012671, 45.350491643], [-123.084047515, 45.350442723], [-123.084422289, 45.350336723], [-123.084701978, 45.350308373], [-123.085177629, 45.351105875], [-123.084481493, 45.351304466]]]}, "properties": {"parcel_id": 7874, "vineyard_name": "Whistling Ridge Vineyards", "vineyard_org": "Whistling Ridge Vineyards", "owner_name": "ALVORD-GUSTAFSON JOINT LIVING TRUST", "ava_name": "Chehalem Mountains", "nested_ava": "Chehalem Mountains", "nested_nested_ava": "Ribbon Ridge", "acres": 1.444, "parcel_label": null, "source_dataset": "chehalem-dundee", "winery_id": null}}, {"type": "Feature", "geometry": {"type": "Polygon", "coordinates": [[[-123.090509902, 45.347335325], [-123.090435614, 45.347279688], [-123.090181762, 45.346895284], [-123.090029894, 45.346771662], [-123.089919237, 45.346606424], [-123.089755114, 45.346498236], [-123.089519501, 45.346375972], [-123.089452168, 45.346276838], [-123.089357385, 45.346134761], [-123.089299973, 45.346064319], [-123.090123524, 45.345777679], [-123.091030184, 45.347079991], [-123.090890142, 45.347184774], [-123.090799842, 45.347241511], [-123.090509902, 45.347335325]]]}, "properties": {"parcel_id": 7876, "vineyard_name": "Patricia Green Estate", "vineyard_org": "Patricia Green Cellars", "owner_name": "PATRICIA GREEN CELLARS LLC", "ava_name": "Chehalem Mountains", "nested_ava": "Chehalem Mountains", "nested_nested_ava": "Ribbon Ridge", "acres": 2.442, "parcel_label": null, "source_dataset": "chehalem-dundee", "winery_id": null}}, {"type": "Feature", "geometry": {"type": "Polygon", "coordinates": [[[-123.090910988, 45.345599953], [-123.091427297, 45.34627282], [-123.09107963, 45.347021371], [-123.090235396, 45.34578879], [-123.090910988, 45.345599953]]]}, "properties": {"parcel_id": 7877, "vineyard_name": "Patricia Green Estate", "vineyard_org": "Patricia Green Cellars", "owner_name": "PATRICIA GREEN CELLARS LLC", "ava_name": "Chehalem Mountains", "nested_ava": "Chehalem Mountains", "nested_nested_ava": "Ribbon Ridge", "acres": 1.735, "parcel_label": null, "source_dataset": "chehalem-dundee", "winery_id": null}}, {"type": "Feature", "geometry": {"type": "Polygon", "coordinates": [[[-123.08339089, 45.349263347], [-123.083558291, 45.348978312], [-123.083674439, 45.348998809], [-123.083796854, 45.34893499], [-123.083892946, 45.348820947], [-123.085847085, 45.349313091], [-123.087044748, 45.34962718], [-123.087022777, 45.349690225], [-123.086981345, 45.349757089], [-123.086921366, 45.349898683], [-123.086192211, 45.349999854], [-123.083967661, 45.350278549], [-123.083914386, 45.350272172], [-123.083749482, 45.349997717], [-123.08339089, 45.349263347]]]}, "properties": {"parcel_id": 7880, "vineyard_name": "Patricia Green Estate", "vineyard_org": "Patricia Green Cellars", "owner_name": "PATRICIA GREEN CELLARS LLC", "ava_name": "Chehalem Mountains", "nested_ava": "Chehalem Mountains", "nested_nested_ava": "Ribbon Ridge", "acres": 6.681, "parcel_label": null, "source_dataset": "chehalem-dundee", "winery_id": null}}, {"type": "Feature", "geometry": {"type": "Polygon", "coordinates": [[[-123.06750292, 45.356507116], [-123.068921147, 45.356522513], [-123.069110705, 45.35652163], [-123.068716331, 45.357044675], [-123.068916962, 45.357269344], [-123.068913741, 45.357446895], [-123.068035027, 45.357425812], [-123.067459439, 45.357373253], [-123.06750902, 45.356611853], [-123.06750292, 45.356507116]]]}, "properties": {"parcel_id": 7886, "vineyard_name": "Omero Vineyard", "vineyard_org": "Omero Vineyard", "owner_name": "19486 RIBBON RIDGE LLC", "ava_name": "Chehalem Mountains", "nested_ava": "Chehalem Mountains", "nested_nested_ava": "Ribbon Ridge", "acres": 2.741, "parcel_label": null, "source_dataset": "chehalem-dundee", "winery_id": null}}, {"type": "Feature", "geometry": {"type": "Polygon", "coordinates": [[[-123.032529676, 45.47007009], [-123.032583463, 45.470016319], [-123.03263725, 45.469985119], [-123.033120333, 45.469802336], [-123.033772992, 45.469438463], [-123.034145009, 45.469406423], [-123.034800931, 45.469404135], [-123.035267583, 45.469408712], [-123.03546338, 45.46939727], [-123.035802764, 45.469308017], [-123.036047511, 45.469259959], [-123.036037721, 45.470356151], [-123.036915547, 45.470465998], [-123.036922074, 45.469848106], [-123.03759105, 45.469820644], [-123.038256763, 45.469813779], [-123.038547196, 45.469941935], [-123.03872994, 45.470159342], [-123.03905627, 45.470724595], [-123.039144379, 45.471008364], [-123.039150906, 45.471649127], [-123.032803793, 45.470896229], [-123.032803793, 45.470738325], [-123.032510097, 45.470726883], [-123.032529676, 45.47007009]]]}, "properties": {"parcel_id": 8168, "vineyard_name": "Johnson School Vineyard", "vineyard_org": "Jesse Estate Vineyards", "owner_name": "JESSE MARY C REV TRUST", "ava_name": "Chehalem Mountains", "nested_ava": "Chehalem Mountains", "nested_nested_ava": "Laurelwood District", "acres": 20.706, "parcel_label": null, "source_dataset": "chehalem-dundee", "winery_id": null}}, {"type": "Feature", "geometry": {"type": "Polygon", "coordinates": [[[-123.081916096, 45.410535912], [-123.082818777, 45.410529301], [-123.082695395, 45.410568844], [-123.082648792, 45.410604935], [-123.082638948, 45.410661087], [-123.082694634, 45.410715436], [-123.082968981, 45.410887065], [-123.0821268, 45.410878099], [-123.08199726, 45.410718918], [-123.081916096, 45.410535912]]]}, "properties": {"parcel_id": 8243, "vineyard_name": "Ninebark", "vineyard_org": null, "owner_name": "Unknown - 2", "ava_name": "Chehalem Mountains", "nested_ava": "Chehalem Mountains", "nested_nested_ava": null, "acres": 0.559, "parcel_label": null, "source_dataset": "chehalem-dundee", "winery_id": null}}, {"type": "Feature", "geometry": {"type": "Polygon", "coordinates": [[[-123.082735629, 45.410661109], [-123.082775862, 45.410598971], [-123.08433959, 45.410630982], [-123.0844737, 45.410730779], [-123.085094631, 45.411415232], [-123.085720927, 45.412109091], [-123.08608839, 45.413031713], [-123.086176903, 45.413368749], [-123.08613667, 45.413427118], [-123.085836262, 45.413468542], [-123.085900635, 45.413359335], [-123.085101337, 45.413122092], [-123.084543438, 45.411994233], [-123.083650262, 45.411195869], [-123.082735629, 45.410661109]]]}, "properties": {"parcel_id": 8244, "vineyard_name": "Ninebark", "vineyard_org": null, "owner_name": "Unknown - 2", "ava_name": "Chehalem Mountains", "nested_ava": "Chehalem Mountains", "nested_nested_ava": null, "acres": 6.811, "parcel_label": null, "source_dataset": "chehalem-dundee", "winery_id": null}}, {"type": "Feature", "geometry": {"type": "Polygon", "coordinates": [[[-123.082555921, 45.411555511], [-123.082923383, 45.410981212], [-123.083111138, 45.410973681], [-123.083642215, 45.411276836], [-123.0844737, 45.412026243], [-123.085004777, 45.413054308], [-123.084960521, 45.413127741], [-123.083835334, 45.413046777], [-123.083548338, 45.412954515], [-123.083105773, 45.412112857], [-123.082853646, 45.412052604], [-123.082555921, 45.411555511]]]}, "properties": {"parcel_id": 8245, "vineyard_name": "Ninebark", "vineyard_org": null, "owner_name": "Unknown - 2", "ava_name": "Chehalem Mountains", "nested_ava": "Chehalem Mountains", "nested_nested_ava": null, "acres": 5.774, "parcel_label": null, "source_dataset": "chehalem-dundee", "winery_id": null}}, {"type": "Feature", "geometry": {"type": "Polygon", "coordinates": [[[-123.085814805, 45.413477956], [-123.085436613, 45.413534442], [-123.085361511, 45.413975032], [-123.085136206, 45.414101183], [-123.084905536, 45.414189677], [-123.085066468, 45.413163515], [-123.085836262, 45.413398875], [-123.085814805, 45.413477956]]]}, "properties": {"parcel_id": 8246, "vineyard_name": "Unknown - 2", "vineyard_org": null, "owner_name": null, "ava_name": "Chehalem Mountains", "nested_ava": "Chehalem Mountains", "nested_nested_ava": null, "acres": 0.925, "parcel_label": null, "source_dataset": "chehalem-dundee", "winery_id": null}}, {"type": "Feature", "geometry": {"type": "Polygon", "coordinates": [[[-123.085020871, 45.413246362], [-123.08486262, 45.414199091], [-123.084277899, 45.414234865], [-123.084251077, 45.41438361], [-123.084192068, 45.414402438], [-123.083516151, 45.414402438], [-123.083103091, 45.414402438], [-123.083170146, 45.413997626], [-123.083196969, 45.413990095], [-123.083258659, 45.413670008], [-123.083277435, 45.413653063], [-123.083317668, 45.413391344], [-123.083349854, 45.413370632], [-123.083395452, 45.413065605], [-123.083478601, 45.413059957], [-123.083792419, 45.413137155], [-123.085020871, 45.413246362]]]}, "properties": {"parcel_id": 8247, "vineyard_name": "Unknown - 2", "vineyard_org": null, "owner_name": null, "ava_name": "Chehalem Mountains", "nested_ava": "Chehalem Mountains", "nested_nested_ava": null, "acres": 4.267, "parcel_label": null, "source_dataset": "chehalem-dundee", "winery_id": null}}, {"type": "Feature", "geometry": {"type": "Polygon", "coordinates": [[[-123.035883136, 45.405978125], [-123.035890848, 45.405977979], [-123.035882802, 45.405977979], [-123.035883136, 45.405978125], [-123.035791607, 45.405979862], [-123.035627992, 45.40593655], [-123.0352498, 45.405991161], [-123.035222978, 45.405768952], [-123.035357089, 45.405731289], [-123.035633356, 45.40559947], [-123.036239535, 45.405571223], [-123.036258311, 45.405642782], [-123.03630659, 45.405680445], [-123.036459476, 45.405671029], [-123.036569447, 45.406104148], [-123.036177403, 45.406117824], [-123.035883136, 45.405978125]]]}, "properties": {"parcel_id": 8249, "vineyard_name": "Cloudrest", "vineyard_org": null, "owner_name": "Unknown - 3", "ava_name": "Chehalem Mountains", "nested_ava": "Chehalem Mountains", "nested_nested_ava": "Laurelwood District", "acres": 1.064, "parcel_label": null, "source_dataset": "chehalem-dundee", "winery_id": null}}, {"type": "Feature", "geometry": {"type": "Polygon", "coordinates": [[[-123.034415633, 45.404962967], [-123.034431726, 45.405181413], [-123.034809918, 45.40517388], [-123.034831376, 45.405550509], [-123.034560473, 45.405556158], [-123.034547061, 45.405467651], [-123.033490271, 45.405505313], [-123.033450038, 45.405004397], [-123.034415633, 45.404962967]]]}, "properties": {"parcel_id": 8250, "vineyard_name": null, "vineyard_org": null, "owner_name": "Unknown - 3", "ava_name": "Chehalem Mountains", "nested_ava": "Chehalem Mountains", "nested_nested_ava": "Laurelwood District", "acres": 1.335, "parcel_label": null, "source_dataset": "chehalem-dundee", "winery_id": null}}, {"type": "Feature", "geometry": {"type": "Polygon", "coordinates": [[[-123.032208175, 45.405454469], [-123.032151849, 45.405422455], [-123.032154531, 45.405315116], [-123.032513947, 45.405025111], [-123.03380409, 45.405750121], [-123.033742399, 45.406008109], [-123.033621699, 45.406042005], [-123.0321894, 45.405974213], [-123.032108933, 45.405930901], [-123.032143802, 45.405469534], [-123.032181353, 45.405480833], [-123.032208175, 45.405454469]]]}, "properties": {"parcel_id": 8251, "vineyard_name": "Cloudrest", "vineyard_org": null, "owner_name": "Unknown - 3", "ava_name": "Chehalem Mountains", "nested_ava": "Chehalem Mountains", "nested_nested_ava": "Laurelwood District", "acres": 2.378, "parcel_label": null, "source_dataset": "chehalem-dundee", "winery_id": null}}, {"type": "Feature", "geometry": {"type": "Polygon", "coordinates": [[[-123.043493325, 45.397399237], [-123.043659622, 45.396841745], [-123.043989534, 45.396894481], [-123.043812508, 45.397442555], [-123.043493325, 45.397399237]]]}, "properties": {"parcel_id": 8253, "vineyard_name": null, "vineyard_org": null, "owner_name": null, "ava_name": null, "nested_ava": null, "nested_nested_ava": null, "acres": 0.404, "parcel_label": null, "source_dataset": "chehalem-dundee", "winery_id": null}}, {"type": "Feature", "geometry": {"type": "Polygon", "coordinates": [[[-123.052476213, 45.315307675], [-123.052467977, 45.315134173], [-123.052495608, 45.314937252], [-123.053729927, 45.314947831], [-123.05360441, 45.315858741], [-123.052470726, 45.315781954], [-123.052476213, 45.315307675]]]}, "properties": {"parcel_id": 8255, "vineyard_name": "Jorgensen Vineyard", "vineyard_org": "Jorgensen Vineyard", "owner_name": "JORGENSEN DOUGLAS L & DEBRA J TRUSTEES", "ava_name": "Dundee Hills", "nested_ava": "Dundee Hills", "nested_nested_ava": null, "acres": 2.26, "parcel_label": null, "source_dataset": "chehalem-dundee", "winery_id": null}}, {"type": "Feature", "geometry": {"type": "Polygon", "coordinates": [[[-123.030444097, 45.27323569], [-123.030608576, 45.273190569], [-123.032270376, 45.273199565], [-123.032387219, 45.273239765], [-123.0323769, 45.273339], [-123.032360258, 45.27401583], [-123.032388731, 45.27417313], [-123.032365871, 45.274473409], [-123.032373041, 45.275004957], [-123.032365873, 45.275378571], [-123.032244057, 45.275484045], [-123.032104048, 45.275623071], [-123.031954912, 45.275792747], [-123.031592871, 45.275800789], [-123.031285876, 45.275784562], [-123.031038536, 45.275654147], [-123.03102941, 45.27559137], [-123.03107844, 45.275540875], [-123.031120849, 45.275457871], [-123.031141203, 45.275303043], [-123.031073027, 45.275216087], [-123.031019738, 45.275075968], [-123.031073028, 45.274874257], [-123.031068161, 45.27460658], [-123.030968806, 45.274378408], [-123.030858617, 45.274261463], [-123.030650582, 45.273936548], [-123.030531878, 45.273670343], [-123.030461745, 45.273360536], [-123.030444097, 45.27323569]]]}, "properties": {"parcel_id": 8256, "vineyard_name": "CASPARIAN DUNDEE COVE", "vineyard_org": "CASPARIAN DUNDEE COVE", "owner_name": "CASPARIAN DUNDEE COVE LLC", "ava_name": "Dundee Hills", "nested_ava": "Dundee Hills", "nested_nested_ava": null, "acres": 8.202, "parcel_label": null, "source_dataset": "chehalem-dundee", "winery_id": null}}, {"type": "Feature", "geometry": {"type": "Polygon", "coordinates": [[[-123.041179738, 45.298609887], [-123.041032805, 45.298506661], [-123.040935593, 45.298040332], [-123.041550632, 45.297262257], [-123.041734903, 45.297252392], [-123.042062474, 45.297343491], [-123.042400368, 45.297375124], [-123.043155515, 45.297468271], [-123.043401023, 45.297606021], [-123.043665457, 45.297810309], [-123.043800288, 45.298472578], [-123.042992008, 45.298533973], [-123.042724917, 45.29849678], [-123.041179738, 45.298609887]]]}, "properties": {"parcel_id": 8280, "vineyard_name": "Folie Hill", "vineyard_org": "Folie Hill", "owner_name": "BOLKOVATZ JOSEPH F & LINDA J TRUSTEES OF", "ava_name": "Dundee Hills", "nested_ava": "Dundee Hills", "nested_nested_ava": null, "acres": 6.278, "parcel_label": null, "source_dataset": "chehalem-dundee", "winery_id": null}}, {"type": "Feature", "geometry": {"type": "Polygon", "coordinates": [[[-123.040752034, 45.30842638], [-123.040761457, 45.308317841], [-123.042861734, 45.308320116], [-123.042867889, 45.309069346], [-123.041160138, 45.308867676], [-123.040991693, 45.308663729], [-123.04087508, 45.308515608], [-123.040752034, 45.30842638]]]}, "properties": {"parcel_id": 8282, "vineyard_name": "DUX VineYard", "vineyard_org": "DUX VineYard", "owner_name": "DUX VINEYARD LLC", "ava_name": "Dundee Hills", "nested_ava": "Dundee Hills", "nested_nested_ava": null, "acres": 2.653, "parcel_label": null, "source_dataset": "chehalem-dundee", "winery_id": null}}, {"type": "Feature", "geometry": {"type": "Polygon", "coordinates": [[[-123.041472288, 45.309230155], [-123.041217333, 45.308919652], [-123.042871699, 45.309127608], [-123.042867143, 45.309644974], [-123.042339009, 45.309638653], [-123.042342366, 45.309428085], [-123.042299115, 45.309319301], [-123.042181815, 45.309273631], [-123.042057214, 45.309279448], [-123.041848502, 45.309306666], [-123.04168304, 45.309297061], [-123.041472288, 45.309230155]]]}, "properties": {"parcel_id": 8285, "vineyard_name": "DUX VineYard", "vineyard_org": "DUX VineYard", "owner_name": "DUX VINEYARD LLC", "ava_name": "Dundee Hills", "nested_ava": "Dundee Hills", "nested_nested_ava": null, "acres": 1.23, "parcel_label": null, "source_dataset": "chehalem-dundee", "winery_id": null}}, {"type": "Feature", "geometry": {"type": "Polygon", "coordinates": [[[-123.040685035, 45.308153355], [-123.040687332, 45.307515935], [-123.040924484, 45.307520865], [-123.040921304, 45.307286868], [-123.04115756, 45.307289093], [-123.041157107, 45.307231812], [-123.0413954, 45.307226557], [-123.041395181, 45.308157333], [-123.040685035, 45.308153355]]]}, "properties": {"parcel_id": 8287, "vineyard_name": "Ayoub Vineyard", "vineyard_org": "Ayoub Vineyard", "owner_name": "AYOUB MOHAMAD", "ava_name": "Dundee Hills", "nested_ava": "Dundee Hills", "nested_nested_ava": null, "acres": 1.237, "parcel_label": null, "source_dataset": "chehalem-dundee", "winery_id": null}}, {"type": "Feature", "geometry": {"type": "Polygon", "coordinates": [[[-123.040146037, 45.272538334], [-123.041013272, 45.2725312], [-123.041025179, 45.274030781], [-123.040158033, 45.274032814], [-123.040146037, 45.272538334]]]}, "properties": {"parcel_id": 8319, "vineyard_name": "Holloran Ana Vineyard", "vineyard_org": "Holloran Ana Vineyard", "owner_name": "WTH DUNDEE FARM LLC", "ava_name": "Dundee Hills", "nested_ava": "Dundee Hills", "nested_nested_ava": null, "acres": 2.798, "parcel_label": null, "source_dataset": "chehalem-dundee", "winery_id": null}}, {"type": "Feature", "geometry": {"type": "Polygon", "coordinates": [[[-123.041110725, 45.275685409], [-123.041096947, 45.274568565], [-123.041081958, 45.274037219], [-123.041064848, 45.272797539], [-123.041531624, 45.272799216], [-123.042641501, 45.272796561], [-123.042651696, 45.273183599], [-123.042648125, 45.273934395], [-123.042696454, 45.275689281], [-123.042518292, 45.275685615], [-123.041950889, 45.275683774], [-123.041110725, 45.275685409]]]}, "properties": {"parcel_id": 8320, "vineyard_name": "Holloran Ana Vineyard", "vineyard_org": "Holloran Ana Vineyard", "owner_name": "WTH DUNDEE FARM LLC", "ava_name": "Dundee Hills", "nested_ava": "Dundee Hills", "nested_nested_ava": null, "acres": 9.798, "parcel_label": null, "source_dataset": "chehalem-dundee", "winery_id": null}}, {"type": "Feature", "geometry": {"type": "Polygon", "coordinates": [[[-123.040147667, 45.275592752], [-123.040154953, 45.27411438], [-123.041039194, 45.27411438], [-123.041047924, 45.27521324], [-123.041061769, 45.275576667], [-123.04102518, 45.275601528], [-123.040147667, 45.275592752]]]}, "properties": {"parcel_id": 8321, "vineyard_name": "Holloran Ana Vineyard", "vineyard_org": "Holloran Ana Vineyard", "owner_name": "WTH DUNDEE FARM LLC", "ava_name": "Dundee Hills", "nested_ava": "Dundee Hills", "nested_nested_ava": null, "acres": 2.86, "parcel_label": null, "source_dataset": "chehalem-dundee", "winery_id": null}}, {"type": "Feature", "geometry": {"type": "Polygon", "coordinates": [[[-123.039566049, 45.274299827], [-123.039867585, 45.274130243], [-123.040118142, 45.274120245], [-123.040123939, 45.275178546], [-123.03978928, 45.275193651], [-123.039787888, 45.275347048], [-123.039554879, 45.275491572], [-123.039360284, 45.275587059], [-123.038865755, 45.275599228], [-123.038869106, 45.275182805], [-123.038951384, 45.274644195], [-123.039009089, 45.274638477], [-123.039566049, 45.274299827]]]}, "properties": {"parcel_id": 8322, "vineyard_name": "Ana Vineyard", "vineyard_org": "Ana Vineyard", "owner_name": "WEBER ARTHUR L TRUSTEE FOR", "ava_name": "Dundee Hills", "nested_ava": "Dundee Hills", "nested_nested_ava": null, "acres": 2.885, "parcel_label": null, "source_dataset": "chehalem-dundee", "winery_id": null}}, {"type": "Feature", "geometry": {"type": "Polygon", "coordinates": [[[-123.03382247, 45.271847268], [-123.033828409, 45.271082411], [-123.033877264, 45.271038863], [-123.034082444, 45.271041155], [-123.034093843, 45.270821119], [-123.034194806, 45.270824558], [-123.034194807, 45.270715686], [-123.034240403, 45.270715686], [-123.034233055, 45.270449394], [-123.034244069, 45.270433788], [-123.037716071, 45.270453013], [-123.037725729, 45.270502913], [-123.037730133, 45.270778717], [-123.038383133, 45.27078101], [-123.038467812, 45.270818829], [-123.038700678, 45.270848625], [-123.039094757, 45.270910509], [-123.039104529, 45.270868107], [-123.039177809, 45.270837164], [-123.039513265, 45.270850917], [-123.039512719, 45.270786529], [-123.039510008, 45.270466999], [-123.039549894, 45.270463592], [-123.039633066, 45.270456486], [-123.040073446, 45.270418866], [-123.040358421, 45.270431473], [-123.041153097, 45.270659532], [-123.04114821, 45.270905926], [-123.041055389, 45.271012505], [-123.040386104, 45.270997607], [-123.040401791, 45.271228141], [-123.040389432, 45.271305388], [-123.040356793, 45.271376937], [-123.040180921, 45.271441113], [-123.040016327, 45.27143284], [-123.039861749, 45.271425069], [-123.039680993, 45.271443405], [-123.039594687, 45.271512165], [-123.039590459, 45.271609953], [-123.039586767, 45.271611489], [-123.039527272, 45.271792836], [-123.039112029, 45.271803682], [-123.037814811, 45.271819294], [-123.03382247, 45.271847268]]]}, "properties": {"parcel_id": 8323, "vineyard_name": "Niederberger Vineyard", "vineyard_org": "Niederberger Vineyard", "owner_name": "MULLEN GERALD P & KATHLEEN A TRUSTEES OF", "ava_name": "Dundee Hills", "nested_ava": "Dundee Hills", "nested_nested_ava": null, "acres": 17.687, "parcel_label": null, "source_dataset": "chehalem-dundee", "winery_id": null}}, {"type": "Feature", "geometry": {"type": "Polygon", "coordinates": [[[-123.03898767, 45.274555456], [-123.038940226, 45.273495084], [-123.037286828, 45.273512231], [-123.037137283, 45.273514783], [-123.037131842, 45.273303284], [-123.037122758, 45.272936523], [-123.037230843, 45.272934306], [-123.037220099, 45.272392824], [-123.037510198, 45.272389289], [-123.037498516, 45.272014533], [-123.039752779, 45.271991609], [-123.03996334, 45.272439507], [-123.040103091, 45.272465482], [-123.040112015, 45.274033361], [-123.039937908, 45.27403892], [-123.03898767, 45.274555456]]]}, "properties": {"parcel_id": 8324, "vineyard_name": "Ana Vineyard", "vineyard_org": "Ana Vineyard", "owner_name": "WEBER ARTHUR L TRUSTEE FOR", "ava_name": "Dundee Hills", "nested_ava": "Dundee Hills", "nested_nested_ava": null, "acres": 10.844, "parcel_label": null, "source_dataset": "chehalem-dundee", "winery_id": null}}, {"type": "Feature", "geometry": {"type": "Polygon", "coordinates": [[[-123.037228627, 45.274665108], [-123.038848081, 45.274627451], [-123.038850919, 45.274878616], [-123.038775569, 45.275230246], [-123.038725336, 45.27555676], [-123.038707776, 45.275719064], [-123.03806801, 45.275737338], [-123.038068753, 45.275817626], [-123.037323398, 45.275835839], [-123.037272533, 45.275756905], [-123.037228627, 45.274665108]]]}, "properties": {"parcel_id": 8326, "vineyard_name": "Ana Vineyard", "vineyard_org": "Ana Vineyard", "owner_name": "WEBER ARTHUR L TRUSTEE FOR", "ava_name": "Dundee Hills", "nested_ava": "Dundee Hills", "nested_nested_ava": null, "acres": 3.749, "parcel_label": null, "source_dataset": "chehalem-dundee", "winery_id": null}}, {"type": "Feature", "geometry": {"type": "Polygon", "coordinates": [[[-123.035041063, 45.290141616], [-123.035056704, 45.289102508], [-123.036251843, 45.289101047], [-123.036237618, 45.290144079], [-123.035041063, 45.290141616]]]}, "properties": {"parcel_id": 8336, "vineyard_name": "Wichmann Vineyard", "vineyard_org": "Wichmann Vineyard", "owner_name": "WICHMANN VINEYARD LLC", "ava_name": "Dundee Hills", "nested_ava": "Dundee Hills", "nested_nested_ava": null, "acres": 2.682, "parcel_label": null, "source_dataset": "chehalem-dundee", "winery_id": null}}, {"type": "Feature", "geometry": {"type": "Polygon", "coordinates": [[[-123.035014933, 45.289060641], [-123.035025111, 45.288561248], [-123.035075324, 45.288456173], [-123.036285602, 45.28846544], [-123.036285531, 45.289064731], [-123.035014933, 45.289060641]]]}, "properties": {"parcel_id": 8337, "vineyard_name": "Wichmann Vineyard", "vineyard_org": "Wichmann Vineyard", "owner_name": "WICHMANN VINEYARD LLC", "ava_name": "Dundee Hills", "nested_ava": "Dundee Hills", "nested_nested_ava": null, "acres": 1.635, "parcel_label": null, "source_dataset": "chehalem-dundee", "winery_id": null}}, {"type": "Feature", "geometry": {"type": "Polygon", "coordinates": [[[-123.030644406, 45.292564751], [-123.031363011, 45.291376294], [-123.031607769, 45.291450517], [-123.0322888, 45.291926083], [-123.032253645, 45.292063181], [-123.032110665, 45.292457126], [-123.032035746, 45.292562602], [-123.031935018, 45.292649916], [-123.03083924, 45.292635481], [-123.030644406, 45.292564751]]]}, "properties": {"parcel_id": 8338, "vineyard_name": "WillaKenzie Jory Hills Vineyard", "vineyard_org": "Jackson Family Wines", "owner_name": "JACKSON FAMILY INVESTMENTS III LLC", "ava_name": "Dundee Hills", "nested_ava": "Dundee Hills", "nested_nested_ava": null, "acres": 2.875, "parcel_label": null, "source_dataset": "chehalem-dundee", "winery_id": null}}, {"type": "Feature", "geometry": {"type": "Polygon", "coordinates": [[[-123.030474727, 45.291320631], [-123.030594126, 45.2911169], [-123.03067375, 45.290904565], [-123.030943306, 45.290979989], [-123.03134747, 45.291274937], [-123.030533781, 45.292639054], [-123.030057672, 45.292635288], [-123.029577366, 45.292649275], [-123.029199624, 45.292536884], [-123.030474727, 45.291320631]]]}, "properties": {"parcel_id": 8340, "vineyard_name": "WillaKenzie Jory Hills Vineyard", "vineyard_org": "Jackson Family Wines", "owner_name": "JACKSON FAMILY INVESTMENTS III LLC", "ava_name": "Dundee Hills", "nested_ava": "Dundee Hills", "nested_nested_ava": null, "acres": 3.666, "parcel_label": null, "source_dataset": "chehalem-dundee", "winery_id": null}}, {"type": "Feature", "geometry": {"type": "Polygon", "coordinates": [[[-123.02443411, 45.291923109], [-123.024435304, 45.291475451], [-123.02445456, 45.291371054], [-123.024515673, 45.291321171], [-123.026393645, 45.291346161], [-123.026722469, 45.291758896], [-123.026816373, 45.291761626], [-123.026820891, 45.291946243], [-123.02443411, 45.291923109]]]}, "properties": {"parcel_id": 8344, "vineyard_name": "Latchkey Vineyard", "vineyard_org": "Latchkey Vineyard", "owner_name": "LATCHKEY VINEYARDS LLC", "ava_name": "Dundee Hills", "nested_ava": "Dundee Hills", "nested_nested_ava": null, "acres": 2.838, "parcel_label": null, "source_dataset": "chehalem-dundee", "winery_id": null}}, {"type": "Feature", "geometry": {"type": "Polygon", "coordinates": [[[-123.023280814, 45.291915219], [-123.023285859, 45.291616455], [-123.024220499, 45.291617824], [-123.024223954, 45.29191379], [-123.023280814, 45.291915219]]]}, "properties": {"parcel_id": 8351, "vineyard_name": "Latchkey Vineyard", "vineyard_org": "Latchkey Vineyard", "owner_name": "LATCHKEY VINEYARDS LLC", "ava_name": "Dundee Hills", "nested_ava": "Dundee Hills", "nested_nested_ava": null, "acres": 0.601, "parcel_label": null, "source_dataset": "chehalem-dundee", "winery_id": null}}, {"type": "Feature", "geometry": {"type": "Polygon", "coordinates": [[[-123.022435218, 45.291659134], [-123.022683026, 45.291317994], [-123.023265402, 45.291318821], [-123.023255921, 45.29190215], [-123.023050082, 45.291917566], [-123.022720787, 45.291915612], [-123.022560495, 45.291899067], [-123.022442911, 45.291803649], [-123.022422024, 45.291741844], [-123.022435218, 45.291659134]]]}, "properties": {"parcel_id": 8352, "vineyard_name": "Latchkey Vineyard", "vineyard_org": "Latchkey Vineyard", "owner_name": "LATCHKEY VINEYARDS LLC", "ava_name": "Dundee Hills", "nested_ava": "Dundee Hills", "nested_nested_ava": null, "acres": 0.95, "parcel_label": null, "source_dataset": "chehalem-dundee", "winery_id": null}}, {"type": "Feature", "geometry": {"type": "Polygon", "coordinates": [[[-123.095819323, 45.293422638], [-123.096690547, 45.29339005], [-123.096535355, 45.294106275], [-123.09687428, 45.294136976], [-123.096783821, 45.294602127], [-123.096346516, 45.294524214], [-123.096148659, 45.29446492], [-123.095778858, 45.294260423], [-123.095677354, 45.294165465], [-123.095819323, 45.293422638]]]}, "properties": {"parcel_id": 8420, "vineyard_name": "Guadalupe Vineyard", "vineyard_org": "Ken Wright Cellars", "owner_name": "RANCHO GUADALUPE LLC", "ava_name": "Dundee Hills", "nested_ava": "Dundee Hills", "nested_nested_ava": null, "acres": 2.153, "parcel_label": null, "source_dataset": "chehalem-dundee", "winery_id": null}}, {"type": "Feature", "geometry": {"type": "Polygon", "coordinates": [[[-123.095039024, 45.293449837], [-123.095795813, 45.293441827], [-123.09562879, 45.294283192], [-123.095224613, 45.294399715], [-123.094931142, 45.294525839], [-123.094773699, 45.294508975], [-123.094981052, 45.293518523], [-123.095039024, 45.293449837]]]}, "properties": {"parcel_id": 8421, "vineyard_name": "Guadalupe Vineyard", "vineyard_org": "Ken Wright Cellars", "owner_name": "RANCHO GUADALUPE LLC", "ava_name": "Dundee Hills", "nested_ava": "Dundee Hills", "nested_nested_ava": null, "acres": 1.678, "parcel_label": null, "source_dataset": "chehalem-dundee", "winery_id": null}}, {"type": "Feature", "geometry": {"type": "Polygon", "coordinates": [[[-123.092003968, 45.29364023], [-123.092610153, 45.29355839], [-123.094800133, 45.293479912], [-123.094949638, 45.293497359], [-123.094697063, 45.294698484], [-123.092089267, 45.29444367], [-123.092124593, 45.294280747], [-123.091931582, 45.294008438], [-123.092003968, 45.29364023]]]}, "properties": {"parcel_id": 8422, "vineyard_name": "Guadalupe Vineyard", "vineyard_org": "Ken Wright Cellars", "owner_name": "RANCHO GUADALUPE LLC", "ava_name": "Dundee Hills", "nested_ava": "Dundee Hills", "nested_nested_ava": null, "acres": 6.278, "parcel_label": null, "source_dataset": "chehalem-dundee", "winery_id": null}}, {"type": "Feature", "geometry": {"type": "Polygon", "coordinates": [[[-123.089413577, 45.295116741], [-123.089694259, 45.293739892], [-123.090078376, 45.29372479], [-123.090331086, 45.293748086], [-123.090323006, 45.293800365], [-123.09054945, 45.293813914], [-123.09056161, 45.293724377], [-123.09072341, 45.293698913], [-123.090974229, 45.29371908], [-123.091063437, 45.293762272], [-123.091029087, 45.294141532], [-123.090972555, 45.29443995], [-123.091390585, 45.294483251], [-123.091547114, 45.294451477], [-123.091839103, 45.29448086], [-123.092073348, 45.294541228], [-123.092437448, 45.294556673], [-123.092094245, 45.296275902], [-123.091587126, 45.296218312], [-123.091227375, 45.296116644], [-123.090546976, 45.295749073], [-123.089413577, 45.295116741]]]}, "properties": {"parcel_id": 8423, "vineyard_name": "Guadalupe Vineyard", "vineyard_org": "Ken Wright Cellars", "owner_name": "RANCHO GUADALUPE LLC", "ava_name": "Dundee Hills", "nested_ava": "Dundee Hills", "nested_nested_ava": null, "acres": 10.5, "parcel_label": null, "source_dataset": "chehalem-dundee", "winery_id": null}}, {"type": "Feature", "geometry": {"type": "Polygon", "coordinates": [[[-123.095658811, 45.296497251], [-123.096698844, 45.296321186], [-123.096710168, 45.296586337], [-123.096668006, 45.296713679], [-123.096607997, 45.296792912], [-123.095647795, 45.296957001], [-123.09562362, 45.2969106], [-123.095658811, 45.296497251]]]}, "properties": {"parcel_id": 8424, "vineyard_name": "Guadalupe Vineyard", "vineyard_org": "Ken Wright Cellars", "owner_name": "RANCHO GUADALUPE LLC", "ava_name": "Dundee Hills", "nested_ava": "Dundee Hills", "nested_nested_ava": null, "acres": 1.034, "parcel_label": null, "source_dataset": "chehalem-dundee", "winery_id": null}}, {"type": "Feature", "geometry": {"type": "Polygon", "coordinates": [[[-123.092752654, 45.297208526], [-123.092890447, 45.296393037], [-123.093060121, 45.29640271], [-123.093258626, 45.296423078], [-123.093494197, 45.296495624], [-123.093743622, 45.29658574], [-123.094111137, 45.296686626], [-123.094189889, 45.296744683], [-123.094291611, 45.296865974], [-123.094428681, 45.296934749], [-123.094612471, 45.296942409], [-123.094835697, 45.296960578], [-123.094993318, 45.297002695], [-123.095037012, 45.296963282], [-123.095089182, 45.296568996], [-123.095131537, 45.296536737], [-123.095537946, 45.296560167], [-123.09551752, 45.296951117], [-123.095484154, 45.296954093], [-123.095275448, 45.297879523], [-123.094343086, 45.297739343], [-123.092723189, 45.297425047], [-123.092752654, 45.297208526]]]}, "properties": {"parcel_id": 8425, "vineyard_name": "Guadalupe Vineyard", "vineyard_org": "Ken Wright Cellars", "owner_name": "RANCHO GUADALUPE LLC", "ava_name": "Dundee Hills", "nested_ava": "Dundee Hills", "nested_nested_ava": null, "acres": 5.788, "parcel_label": null, "source_dataset": "chehalem-dundee", "winery_id": null}}, {"type": "Feature", "geometry": {"type": "Polygon", "coordinates": [[[-123.093550849, 45.296391951], [-123.093599534, 45.296126444], [-123.093714878, 45.295832121], [-123.093778042, 45.295619273], [-123.094955141, 45.295296027], [-123.094989081, 45.295265173], [-123.095015527, 45.295241132], [-123.095151777, 45.295046489], [-123.095363747, 45.294819378], [-123.095585226, 45.294777851], [-123.095276886, 45.296289464], [-123.095258806, 45.296306154], [-123.095109307, 45.296296403], [-123.094601401, 45.296235267], [-123.094584234, 45.296370137], [-123.094360237, 45.296459518], [-123.094139095, 45.296498907], [-123.093839854, 45.296470814], [-123.093550849, 45.296391951]]]}, "properties": {"parcel_id": 8426, "vineyard_name": "Guadalupe Vineyard", "vineyard_org": "Ken Wright Cellars", "owner_name": "RANCHO GUADALUPE LLC", "ava_name": "Dundee Hills", "nested_ava": "Dundee Hills", "nested_nested_ava": null, "acres": 3.908, "parcel_label": null, "source_dataset": "chehalem-dundee", "winery_id": null}}, {"type": "Feature", "geometry": {"type": "Polygon", "coordinates": [[[-123.096162234, 45.296247024], [-123.09557015, 45.296181344], [-123.095590734, 45.296113012], [-123.095394094, 45.296096646], [-123.095655947, 45.294905501], [-123.095883597, 45.294926076], [-123.09590443, 45.294970785], [-123.096360246, 45.295017646], [-123.096572101, 45.294922849], [-123.096816435, 45.294940792], [-123.09684711, 45.295198015], [-123.096306549, 45.295149389], [-123.09623599, 45.295495133], [-123.096582763, 45.29614676], [-123.096455285, 45.296186421], [-123.096162234, 45.296247024]]]}, "properties": {"parcel_id": 8427, "vineyard_name": "Guadalupe Vineyard", "vineyard_org": "Ken Wright Cellars", "owner_name": "RANCHO GUADALUPE LLC", "ava_name": "Dundee Hills", "nested_ava": "Dundee Hills", "nested_nested_ava": null, "acres": 2.504, "parcel_label": null, "source_dataset": "chehalem-dundee", "winery_id": null}}, {"type": "Feature", "geometry": {"type": "Polygon", "coordinates": [[[-123.096276089, 45.295499888], [-123.096308441, 45.295346471], [-123.096915939, 45.295395803], [-123.096931359, 45.295403438], [-123.096944914, 45.295468975], [-123.096962679, 45.295559458], [-123.097011834, 45.295830955], [-123.096433341, 45.295769452], [-123.096276089, 45.295499888]]]}, "properties": {"parcel_id": 8428, "vineyard_name": "Guadalupe Vineyard", "vineyard_org": "Ken Wright Cellars", "owner_name": "RANCHO GUADALUPE LLC", "ava_name": "Dundee Hills", "nested_ava": "Dundee Hills", "nested_nested_ava": null, "acres": 0.578, "parcel_label": null, "source_dataset": "chehalem-dundee", "winery_id": null}}, {"type": "Feature", "geometry": {"type": "Polygon", "coordinates": [[[-123.092128389, 45.296264412], [-123.092477247, 45.294561983], [-123.093174964, 45.294624778], [-123.094012224, 45.294694549], [-123.09475602, 45.294759955], [-123.094679111, 45.295174218], [-123.094117612, 45.295374159], [-123.093802422, 45.295444916], [-123.093687543, 45.29544132], [-123.093498997, 45.296394237], [-123.093028565, 45.296352494], [-123.092271895, 45.29630116], [-123.092128389, 45.296264412]]]}, "properties": {"parcel_id": 8429, "vineyard_name": "Guadalupe Vineyard", "vineyard_org": "Ken Wright Cellars", "owner_name": "RANCHO GUADALUPE LLC", "ava_name": "Dundee Hills", "nested_ava": "Dundee Hills", "nested_nested_ava": null, "acres": 6.389, "parcel_label": null, "source_dataset": "chehalem-dundee", "winery_id": null}}, {"type": "Feature", "geometry": {"type": "Polygon", "coordinates": [[[-123.027924739, 45.273235106], [-123.028089712, 45.27318316], [-123.029120449, 45.2731771], [-123.030229282, 45.273198047], [-123.030362523, 45.273672643], [-123.030464787, 45.274048962], [-123.030524441, 45.274215382], [-123.030439221, 45.274420782], [-123.030467151, 45.274618642], [-123.030464787, 45.27462918], [-123.030443481, 45.274854068], [-123.030464788, 45.275045973], [-123.030443482, 45.275285853], [-123.030341217, 45.275426781], [-123.030315651, 45.275708637], [-123.030221909, 45.275789596], [-123.029842677, 45.275777602], [-123.029659453, 45.27576261], [-123.029450663, 45.275663661], [-123.029403791, 45.275618684], [-123.029356921, 45.275576705], [-123.029237613, 45.275522732], [-123.029033083, 45.275303844], [-123.028820032, 45.275039975], [-123.028631427, 45.274776936], [-123.02861124, 45.274524231], [-123.028594047, 45.274293494], [-123.028565336, 45.274192159], [-123.02843654, 45.274119429], [-123.027972089, 45.273999487], [-123.027727817, 45.27379788], [-123.027489955, 45.273533152], [-123.027194527, 45.273170284], [-123.027686205, 45.273174087], [-123.027799889, 45.273245523], [-123.027924739, 45.273235106]]]}, "properties": {"parcel_id": 8472, "vineyard_name": "CASPARIAN DUNDEE COVE", "vineyard_org": "CASPARIAN DUNDEE COVE", "owner_name": "CASPARIAN DUNDEE COVE LLC", "ava_name": "Dundee Hills", "nested_ava": "Dundee Hills", "nested_nested_ava": null, "acres": 11.014, "parcel_label": null, "source_dataset": "chehalem-dundee", "winery_id": null}}, {"type": "Feature", "geometry": {"type": "Polygon", "coordinates": [[[-123.030912151, 45.272000404], [-123.031276357, 45.271916246], [-123.032272906, 45.271917734], [-123.032385943, 45.272004533], [-123.032384741, 45.272284393], [-123.032388754, 45.272408065], [-123.032404615, 45.273025742], [-123.032411827, 45.273128932], [-123.030424292, 45.273126032], [-123.030419798, 45.272815557], [-123.030450196, 45.272496246], [-123.03050386, 45.272283582], [-123.030545917, 45.272171566], [-123.030649695, 45.272073263], [-123.030912151, 45.272000404]]]}, "properties": {"parcel_id": 8473, "vineyard_name": "CASPARIAN DUNDEE COVE", "vineyard_org": "CASPARIAN DUNDEE COVE", "owner_name": "CASPARIAN DUNDEE COVE LLC", "ava_name": "Dundee Hills", "nested_ava": "Dundee Hills", "nested_nested_ava": null, "acres": 4.858, "parcel_label": null, "source_dataset": "chehalem-dundee", "winery_id": null}}, {"type": "Feature", "geometry": {"type": "Polygon", "coordinates": [[[-123.024670114, 45.292689002], [-123.024667521, 45.291953069], [-123.026908509, 45.291981659], [-123.026938244, 45.29199715], [-123.027092433, 45.292302796], [-123.027086757, 45.292710212], [-123.024670114, 45.292689002]]]}, "properties": {"parcel_id": 8474, "vineyard_name": "Latchkey Vineyard", "vineyard_org": "Latchkey Vineyard", "owner_name": "LATCHKEY VINEYARDS LLC", "ava_name": "Dundee Hills", "nested_ava": "Dundee Hills", "nested_nested_ava": null, "acres": 3.759, "parcel_label": null, "source_dataset": "chehalem-dundee", "winery_id": null}}, {"type": "Feature", "geometry": {"type": "Polygon", "coordinates": [[[-123.026769748, 45.291667897], [-123.02677066, 45.291507297], [-123.026775884, 45.291351703], [-123.026775485, 45.291317093], [-123.02725, 45.291327712], [-123.02725, 45.291410668], [-123.027246016, 45.291701223], [-123.027251856, 45.292542667], [-123.027183764, 45.292546928], [-123.027111682, 45.292537015], [-123.027117905, 45.292295679], [-123.027055178, 45.292169911], [-123.02701757, 45.292051976], [-123.027005155, 45.291926155], [-123.026930193, 45.291914637], [-123.026894416, 45.291883416], [-123.026881074, 45.291767775], [-123.026769748, 45.291667897]]]}, "properties": {"parcel_id": 8475, "vineyard_name": "Latchkey Vineyard", "vineyard_org": "Latchkey Vineyard", "owner_name": "LATCHKEY VINEYARDS LLC", "ava_name": "Dundee Hills", "nested_ava": "Dundee Hills", "nested_nested_ava": null, "acres": 0.799, "parcel_label": null, "source_dataset": "chehalem-dundee", "winery_id": null}}, {"type": "Feature", "geometry": {"type": "Polygon", "coordinates": [[[-123.052578867, 45.315864946], [-123.052581653, 45.315826726], [-123.053594501, 45.315899722], [-123.053432037, 45.316957504], [-123.053262826, 45.316938417], [-123.053193622, 45.316826193], [-123.053170341, 45.316730865], [-123.053221114, 45.316286117], [-123.052655708, 45.31618633], [-123.052656571, 45.315971755], [-123.052578867, 45.315864946]]]}, "properties": {"parcel_id": 8495, "vineyard_name": "Jorgensen Vineyard", "vineyard_org": "Jorgensen Vineyard", "owner_name": "JORGENSEN DOUGLAS L & DEBRA J TRUSTEES", "ava_name": "Dundee Hills", "nested_ava": "Dundee Hills", "nested_nested_ava": null, "acres": 1.183, "parcel_label": null, "source_dataset": "chehalem-dundee", "winery_id": null}}, {"type": "Feature", "geometry": {"type": "Polygon", "coordinates": [[[-123.054257134, 45.316795719], [-123.053920834, 45.316986414], [-123.053510057, 45.316961809], [-123.053672143, 45.315904962], [-123.054602743, 45.315982298], [-123.054747351, 45.315990848], [-123.054727959, 45.316203647], [-123.054676086, 45.316290843], [-123.054621061, 45.316481287], [-123.054325362, 45.316762504], [-123.054257134, 45.316795719]]]}, "properties": {"parcel_id": 8496, "vineyard_name": "Jorgensen Vineyard", "vineyard_org": "Jorgensen Vineyard", "owner_name": "JORGENSEN DOUGLAS L & DEBRA J TRUSTEES", "ava_name": "Dundee Hills", "nested_ava": "Dundee Hills", "nested_nested_ava": null, "acres": 2.061, "parcel_label": null, "source_dataset": "chehalem-dundee", "winery_id": null}}, {"type": "Feature", "geometry": {"type": "Polygon", "coordinates": [[[-123.053662466, 45.315867492], [-123.053796421, 45.314942961], [-123.054252585, 45.314951542], [-123.054763164, 45.314998398], [-123.05461296, 45.315935024], [-123.053662466, 45.315867492]]]}, "properties": {"parcel_id": 8497, "vineyard_name": "Jorgensen Vineyard", "vineyard_org": "Jorgensen Vineyard", "owner_name": "JORGENSEN DOUGLAS L & DEBRA J TRUSTEES", "ava_name": "Dundee Hills", "nested_ava": "Dundee Hills", "nested_nested_ava": null, "acres": 1.958, "parcel_label": null, "source_dataset": "chehalem-dundee", "winery_id": null}}, {"type": "Feature", "geometry": {"type": "Polygon", "coordinates": [[[-123.092904963, 45.247555635], [-123.093171994, 45.246097716], [-123.093360795, 45.244973969], [-123.093922821, 45.245019363], [-123.093775362, 45.245871769], [-123.09398717, 45.245885415], [-123.093983429, 45.245921002], [-123.0941939, 45.245934697], [-123.094146686, 45.246204543], [-123.094270178, 45.246216764], [-123.094131374, 45.247013181], [-123.094096294, 45.247247135], [-123.0937525, 45.247209218], [-123.093677064, 45.247622667], [-123.092904963, 45.247555635]]]}, "properties": {"parcel_id": 8507, "vineyard_name": "MYERS", "vineyard_org": "MYERS", "owner_name": "MYERS DAVID R &", "ava_name": "Dundee Hills", "nested_ava": "Dundee Hills", "nested_nested_ava": null, "acres": 4.846, "parcel_label": null, "source_dataset": "chehalem-dundee", "winery_id": null}}, {"type": "Feature", "geometry": {"type": "Polygon", "coordinates": [[[-123.046565173, 45.301486], [-123.046566974, 45.301895955], [-123.046023327, 45.301887197], [-123.046030493, 45.302181448], [-123.045958994, 45.302256799], [-123.045957152, 45.302425408], [-123.045465387, 45.302728609], [-123.045233075, 45.302738661], [-123.045220552, 45.302505447], [-123.04518657, 45.302504198], [-123.045168702, 45.302162666], [-123.045126028, 45.302160885], [-123.045097828, 45.302041382], [-123.045093601, 45.301702339], [-123.045093601, 45.301441989], [-123.046565173, 45.301486]]]}, "properties": {"parcel_id": 8549, "vineyard_name": "Kolb Vineyards", "vineyard_org": null, "owner_name": "Bill Kolb", "ava_name": "Dundee Hills", "nested_ava": "Dundee Hills", "nested_nested_ava": null, "acres": 2.672, "parcel_label": null, "source_dataset": "chehalem-dundee", "winery_id": null}}, {"type": "Feature", "geometry": {"type": "Polygon", "coordinates": [[[-123.230866847, 45.454004676], [-123.230850783, 45.454004998], [-123.229456959, 45.453982861], [-123.229439605, 45.453981907], [-123.229436709, 45.453981518], [-123.22943389, 45.453980905], [-123.229431185, 45.453980079], [-123.229428632, 45.453979047], [-123.229426252, 45.453977821], [-123.229424086, 45.453976422], [-123.229422145, 45.453974855], [-123.229420472, 45.453973156], [-123.229419071, 45.453971327], [-123.229417975, 45.453969413], [-123.229417184, 45.453967412], [-123.229416715, 45.453965375], [-123.229416571, 45.453963304], [-123.229416753, 45.453961244], [-123.229417261, 45.453959201], [-123.229418087, 45.453957219], [-123.229419225, 45.453955305], [-123.229420654, 45.4539535], [-123.229430747, 45.453943528], [-123.230287757, 45.453189285], [-123.230298509, 45.453180764], [-123.230300532, 45.453179461], [-123.230302748, 45.453178304], [-123.230305122, 45.453177315], [-123.230307617, 45.453176507], [-123.23031023, 45.45317588], [-123.23031216, 45.453175568], [-123.23031581, 45.453175259], [-123.23031872, 45.453175238], [-123.230321601, 45.453175437], [-123.230324444, 45.453175857], [-123.230327216, 45.453176495], [-123.230329844, 45.453177332], [-123.230344464, 45.453183413], [-123.231296785, 45.453631071], [-123.231315909, 45.453640341], [-123.231333528, 45.453649551], [-123.231335408, 45.453650781], [-123.231337077, 45.453652144], [-123.231338528, 45.453653631], [-123.231339731, 45.453655217], [-123.231340684, 45.453656892], [-123.231341368, 45.453658636], [-123.231341771, 45.4536604], [-123.231341896, 45.453662203], [-123.231341738, 45.453664001], [-123.231341298, 45.453665775], [-123.231340583, 45.453667503], [-123.231339602, 45.453669167], [-123.231338366, 45.453670744], [-123.231336893, 45.453672214], [-123.231325166, 45.453681531], [-123.231296744, 45.453701875], [-123.2312953, 45.453702912], [-123.230893181, 45.453993023], [-123.230881805, 45.454000397], [-123.230879618, 45.454001548], [-123.230877276, 45.454002534], [-123.230874801, 45.454003348], [-123.230872213, 45.454003983], [-123.230869561, 45.454004425], [-123.230866847, 45.454004676]]]}, "properties": {"parcel_id": 8598, "vineyard_name": "Bednarik", "vineyard_org": "Bednarik", "owner_name": null, "ava_name": "Willamette Valley", "nested_ava": "Tualatin Hills", "nested_nested_ava": null, "acres": 1.965, "parcel_label": null, "source_dataset": "yamhill-carlton", "winery_id": null}}, {"type": "Feature", "geometry": {"type": "Polygon", "coordinates": [[[-123.182605979, 45.344768276], [-123.183059841, 45.34476457], [-123.18324906, 45.345029894], [-123.18324971, 45.345971947], [-123.182640779, 45.345969095], [-123.182605979, 45.344768276]]]}, "properties": {"parcel_id": 8638, "vineyard_name": "Yamhill High Vineyard", "vineyard_org": "Yamhill High School Vineyard", "owner_name": null, "ava_name": "Willamette Valley", "nested_ava": "Yamhill-Carlton", "nested_nested_ava": null, "acres": 1.569, "parcel_label": null, "source_dataset": "yamhill-carlton", "winery_id": null}}, {"type": "Feature", "geometry": {"type": "Polygon", "coordinates": [[[-123.1379811, 45.365644222], [-123.139619716, 45.365125412], [-123.139947365, 45.36523332], [-123.140312442, 45.365419095], [-123.14033565, 45.365430905], [-123.140389978, 45.365546538], [-123.140393176, 45.36584067], [-123.140383256, 45.365842162], [-123.140384301, 45.3658484], [-123.140336953, 45.365863003], [-123.140340444, 45.365943951], [-123.139948963, 45.366093262], [-123.139634181, 45.36618195], [-123.139325788, 45.366252676], [-123.13896147, 45.366331821], [-123.138865597, 45.366346977], [-123.138766202, 45.366347485], [-123.138758969, 45.366349716], [-123.138516463, 45.366330208], [-123.138421386, 45.366322559], [-123.138409951, 45.366270342], [-123.13839582, 45.366205805], [-123.138278656, 45.366196545], [-123.138140159, 45.366185598], [-123.138143354, 45.366277654], [-123.137935628, 45.366261937], [-123.137916454, 45.365815129], [-123.137957999, 45.365779205], [-123.137981101, 45.365703466], [-123.1379811, 45.365644222]]]}, "properties": {"parcel_id": 8661, "vineyard_name": "WillaKenzie Estate", "vineyard_org": "WillaKenzie Estate", "owner_name": "JACKSON FAMILY INVESTMENTS III LLC", "ava_name": "Willamette Valley", "nested_ava": "Yamhill-Carlton", "nested_nested_ava": null, "acres": 4.5, "parcel_label": null, "source_dataset": "adelsheim", "winery_id": 195}}, {"type": "Feature", "geometry": {"type": "Polygon", "coordinates": [[[-123.156895657, 45.327615823], [-123.156897024, 45.327124277], [-123.157033225, 45.327122471], [-123.157069978, 45.326944655], [-123.157272485, 45.326884867], [-123.157272485, 45.326749431], [-123.157400451, 45.326744737], [-123.157393424, 45.32762478], [-123.156895657, 45.327615823]]]}, "properties": {"parcel_id": 8663, "vineyard_name": "Stag Hollow Vineyard", "vineyard_org": "Stag Hollow Vineyard", "owner_name": "ZARNOWITZ JILL E &", "ava_name": "Willamette Valley", "nested_ava": "Yamhill-Carlton", "nested_nested_ava": null, "acres": 0.734, "parcel_label": null, "source_dataset": "yamhill-carlton", "winery_id": null}}, {"type": "Feature", "geometry": {"type": "Polygon", "coordinates": [[[-123.131357566, 45.37305451], [-123.130384703, 45.373253829], [-123.129571872, 45.37314805], [-123.128870387, 45.373120212], [-123.128756024, 45.373116805], [-123.128615479, 45.372896606], [-123.128237035, 45.37238859], [-123.127998818, 45.371998835], [-123.128013029, 45.371857025], [-123.128118557, 45.371816655], [-123.13015281, 45.371821408], [-123.130300766, 45.372178713], [-123.130498642, 45.372145519], [-123.130379346, 45.371793706], [-123.130957975, 45.372203776], [-123.131399037, 45.372532933], [-123.13160038, 45.372511995], [-123.131652853, 45.372591622], [-123.13134829, 45.372693258], [-123.131245272, 45.372729732], [-123.131357566, 45.37305451]]]}, "properties": {"parcel_id": 8704, "vineyard_name": "Fairsing Vineyard", "vineyard_org": "Fairsing Vineyard", "owner_name": "FAIRSING VINEYARD LLC", "ava_name": "Willamette Valley", "nested_ava": "Yamhill-Carlton", "nested_nested_ava": null, "acres": 7.91, "parcel_label": null, "source_dataset": "adelsheim", "winery_id": 84}}, {"type": "Feature", "geometry": {"type": "Polygon", "coordinates": [[[-123.130087448, 45.374954959], [-123.130077585, 45.374915822], [-123.129721977, 45.374918808], [-123.129651121, 45.374899342], [-123.129521988, 45.374851592], [-123.129638589, 45.374312493], [-123.129708313, 45.374045499], [-123.129777416, 45.374046365], [-123.130007064, 45.374212615], [-123.130029054, 45.374225732], [-123.129980942, 45.374336963], [-123.130014252, 45.374383196], [-123.130071855, 45.374427889], [-123.130146737, 45.374455244], [-123.130227753, 45.374454996], [-123.130322335, 45.37443829], [-123.130645036, 45.374675821], [-123.130585744, 45.374825732], [-123.130422674, 45.375017381], [-123.130335479, 45.375113344], [-123.130223832, 45.375201132], [-123.130153023, 45.375207047], [-123.130085106, 45.375171309], [-123.130070368, 45.375095134], [-123.130087448, 45.374954959]]]}, "properties": {"parcel_id": 8710, "vineyard_name": "Fairsing Vineyard", "vineyard_org": "Fairsing Vineyard", "owner_name": "FAIRSING VINEYARD LLC", "ava_name": "Willamette Valley", "nested_ava": "Yamhill-Carlton", "nested_nested_ava": null, "acres": 1.427, "parcel_label": null, "source_dataset": "adelsheim", "winery_id": 84}}, {"type": "Feature", "geometry": {"type": "Polygon", "coordinates": [[[-123.156594274, 45.325904863], [-123.156999104, 45.325908914], [-123.157133382, 45.32595515], [-123.157118956, 45.326113418], [-123.1570924, 45.326207902], [-123.157113644, 45.32631732], [-123.157116301, 45.326403586], [-123.156980864, 45.326564292], [-123.156856049, 45.326714792], [-123.15647099, 45.326736199], [-123.156473644, 45.326100349], [-123.1565002, 45.326004248], [-123.156588402, 45.326001229], [-123.156594274, 45.325904863]]]}, "properties": {"parcel_id": 8721, "vineyard_name": "Stag Hollow Vineyard", "vineyard_org": "Stag Hollow Vineyard", "owner_name": "ZARNOWITZ JILL E &", "ava_name": "Willamette Valley", "nested_ava": "Yamhill-Carlton", "nested_nested_ava": null, "acres": 1.006, "parcel_label": null, "source_dataset": "yamhill-carlton", "winery_id": null}}, {"type": "Feature", "geometry": {"type": "Polygon", "coordinates": [[[-123.15748422, 45.325278272], [-123.157219427, 45.325129647], [-123.157013885, 45.325110995], [-123.157043061, 45.324703431], [-123.157216517, 45.324600688], [-123.157409282, 45.32451661], [-123.157610493, 45.324518561], [-123.157692258, 45.324567179], [-123.157673767, 45.32469177], [-123.157610464, 45.32521121], [-123.15757811, 45.3252422], [-123.15748422, 45.325278272]]]}, "properties": {"parcel_id": 8722, "vineyard_name": "Stag Hollow Vineyard", "vineyard_org": "Stag Hollow Vineyard", "owner_name": "ZARNOWITZ JILL E &", "ava_name": "Willamette Valley", "nested_ava": "Yamhill-Carlton", "nested_nested_ava": null, "acres": 0.825, "parcel_label": null, "source_dataset": "yamhill-carlton", "winery_id": null}}, {"type": "Feature", "geometry": {"type": "Polygon", "coordinates": [[[-123.157547335, 45.323724504], [-123.157606503, 45.323725799], [-123.157646133, 45.324115146], [-123.157650841, 45.32445888], [-123.157622309, 45.324469459], [-123.157471745, 45.324461265], [-123.157437626, 45.324065815], [-123.157408385, 45.32381337], [-123.157547335, 45.323724504]]]}, "properties": {"parcel_id": 8723, "vineyard_name": "Stag Hollow Vineyard", "vineyard_org": "Stag Hollow Vineyard", "owner_name": "ZARNOWITZ JILL E &", "ava_name": "Willamette Valley", "nested_ava": "Yamhill-Carlton", "nested_nested_ava": null, "acres": 0.303, "parcel_label": null, "source_dataset": "yamhill-carlton", "winery_id": null}}, {"type": "Feature", "geometry": {"type": "Polygon", "coordinates": [[[-123.156535741, 45.324643461], [-123.156701513, 45.324684896], [-123.156818307, 45.324746656], [-123.156856803, 45.324916539], [-123.15685752, 45.325121549], [-123.156728596, 45.325365052], [-123.15647698, 45.325767604], [-123.156344947, 45.325820412], [-123.155992217, 45.325835109], [-123.155766343, 45.325805397], [-123.155766414, 45.325747642], [-123.155335929, 45.325738677], [-123.1553331, 45.3253277], [-123.155453818, 45.325165154], [-123.155686381, 45.325073381], [-123.155955784, 45.324905564], [-123.156535741, 45.324643461]]]}, "properties": {"parcel_id": 8724, "vineyard_name": "Stag Hollow Vineyard", "vineyard_org": "Stag Hollow Vineyard", "owner_name": "ZARNOWITZ JILL E &", "ava_name": "Willamette Valley", "nested_ava": "Yamhill-Carlton", "nested_nested_ava": null, "acres": 2.689, "parcel_label": null, "source_dataset": "yamhill-carlton", "winery_id": null}}, {"type": "Feature", "geometry": {"type": "Polygon", "coordinates": [[[-123.157422936, 45.325320471], [-123.157392164, 45.325725662], [-123.157133779, 45.325821752], [-123.156873269, 45.325826155], [-123.156611314, 45.32582037], [-123.156560856, 45.325816296], [-123.156563692, 45.32578216], [-123.156811374, 45.325438209], [-123.156991745, 45.325197308], [-123.157132991, 45.325236311], [-123.157333014, 45.325254962], [-123.157422936, 45.325320471]]]}, "properties": {"parcel_id": 8728, "vineyard_name": "Stag Hollow Vineyard", "vineyard_org": "Stag Hollow Vineyard", "owner_name": "ZARNOWITZ JILL E &", "ava_name": "Willamette Valley", "nested_ava": "Yamhill-Carlton", "nested_nested_ava": null, "acres": 0.799, "parcel_label": null, "source_dataset": "yamhill-carlton", "winery_id": null}}, {"type": "Feature", "geometry": {"type": "Polygon", "coordinates": [[[-123.164615396, 45.316427022], [-123.164607209, 45.316307367], [-123.164435824, 45.316202708], [-123.164448229, 45.314911024], [-123.166293991, 45.314927461], [-123.16666034, 45.315525106], [-123.166941239, 45.315803927], [-123.166941239, 45.316448205], [-123.164615396, 45.316427022]]]}, "properties": {"parcel_id": 8732, "vineyard_name": "Owl Ranch Vineyard", "vineyard_org": "Vinetenders", "owner_name": "MYERS JOEL & LOUISE TRUST", "ava_name": "Willamette Valley", "nested_ava": "Yamhill-Carlton", "nested_nested_ava": null, "acres": 7.413, "parcel_label": null, "source_dataset": "yamhill-carlton", "winery_id": null}}, {"type": "Feature", "geometry": {"type": "Polygon", "coordinates": [[[-123.162889363, 45.314958389], [-123.162867903, 45.31636247], [-123.16160434, 45.316362469], [-123.161604338, 45.314924439], [-123.162889363, 45.314958389]]]}, "properties": {"parcel_id": 8733, "vineyard_name": "Owl Ranch Vineyard", "vineyard_org": "Vinetenders", "owner_name": "MYERS JOEL & LOUISE TRUST", "ava_name": "Willamette Valley", "nested_ava": "Yamhill-Carlton", "nested_nested_ava": null, "acres": 3.9, "parcel_label": null, "source_dataset": "yamhill-carlton", "winery_id": null}}, {"type": "Feature", "geometry": {"type": "Polygon", "coordinates": [[[-123.159400053, 45.314247471], [-123.159869149, 45.314236095], [-123.159889103, 45.314291147], [-123.159883562, 45.314431447], [-123.159853081, 45.314542516], [-123.159847539, 45.314675019], [-123.159919584, 45.315016022], [-123.160285354, 45.315006278], [-123.160238247, 45.315093964], [-123.16067329, 45.315084221], [-123.160831236, 45.314922489], [-123.161208089, 45.314904953], [-123.16126905, 45.314928336], [-123.16129676, 45.315206981], [-123.161338325, 45.315561619], [-123.161205318, 45.315703864], [-123.158948358, 45.315709709], [-123.158906793, 45.315656124], [-123.158829205, 45.315636639], [-123.158736377, 45.315693147], [-123.158387235, 45.315676584], [-123.158261155, 45.315567464], [-123.159400053, 45.314247471]]]}, "properties": {"parcel_id": 8734, "vineyard_name": "Maverick Vineyard", "vineyard_org": "Tour de Force WIne Company", "owner_name": "RYNDERS ANTHONY J", "ava_name": "Willamette Valley", "nested_ava": "Yamhill-Carlton", "nested_nested_ava": null, "acres": 5.559, "parcel_label": null, "source_dataset": "yamhill-carlton", "winery_id": null}}, {"type": "Feature", "geometry": {"type": "Polygon", "coordinates": [[[-123.15985532, 45.314197947], [-123.159433476, 45.314208734], [-123.159434663, 45.314207357], [-123.158844447, 45.314213203], [-123.159866937, 45.3130148], [-123.161105563, 45.313005058], [-123.161183149, 45.313067414], [-123.161252424, 45.313120027], [-123.161291218, 45.313287609], [-123.16126905, 45.313365555], [-123.161244111, 45.313422066], [-123.161221944, 45.313527292], [-123.161224715, 45.313739691], [-123.16129676, 45.314240484], [-123.161219172, 45.314335965], [-123.160717626, 45.314345707], [-123.160346316, 45.314211254], [-123.159853082, 45.314191768], [-123.15985532, 45.314197947]]]}, "properties": {"parcel_id": 8735, "vineyard_name": "Maverick Vineyard", "vineyard_org": "Tour de Force WIne Company", "owner_name": "RYNDERS ANTHONY J", "ava_name": "Willamette Valley", "nested_ava": "Yamhill-Carlton", "nested_nested_ava": null, "acres": 5.071, "parcel_label": null, "source_dataset": "yamhill-carlton", "winery_id": null}}, {"type": "Feature", "geometry": {"type": "Polygon", "coordinates": [[[-123.129113864, 45.37510162], [-123.128826851, 45.37510083], [-123.128504692, 45.37488572], [-123.128020054, 45.374627248], [-123.127530034, 45.374487242], [-123.127260791, 45.374438778], [-123.12706798, 45.374334959], [-123.126961904, 45.374243324], [-123.12697001, 45.374131841], [-123.12732272, 45.374106221], [-123.127715898, 45.374107686], [-123.128181204, 45.374119688], [-123.128709316, 45.374131842], [-123.129274724, 45.374040299], [-123.12962474, 45.37401876], [-123.129630125, 45.374255692], [-123.129581661, 45.374363389], [-123.129477779, 45.374851875], [-123.129322542, 45.374885802], [-123.129110572, 45.374910216], [-123.129113864, 45.37510162]]]}, "properties": {"parcel_id": 8736, "vineyard_name": "Fairsing Vineyard", "vineyard_org": "Fairsing Vineyard", "owner_name": "FAIRSING VINEYARD LLC", "ava_name": "Willamette Valley", "nested_ava": "Yamhill-Carlton", "nested_nested_ava": null, "acres": 3.53, "parcel_label": null, "source_dataset": "adelsheim", "winery_id": 84}}, {"type": "Feature", "geometry": {"type": "Polygon", "coordinates": [[[-123.124816452, 45.374322523], [-123.124720261, 45.374287448], [-123.124556154, 45.373872528], [-123.124553394, 45.373686755], [-123.124555234, 45.373634489], [-123.124911648, 45.373561213], [-123.125038986, 45.373551077], [-123.125328931, 45.373645451], [-123.12587596, 45.373724112], [-123.126265693, 45.373782928], [-123.126344799, 45.373790794], [-123.126345368, 45.374153381], [-123.126333671, 45.374169463], [-123.125909012, 45.374269383], [-123.125043979, 45.374323725], [-123.124816452, 45.374322523]]]}, "properties": {"parcel_id": 8737, "vineyard_name": "Fairsing Vineyard", "vineyard_org": "Fairsing Vineyard", "owner_name": "FAIRSING VINEYARD LLC", "ava_name": "Willamette Valley", "nested_ava": "Yamhill-Carlton", "nested_nested_ava": null, "acres": 2.3, "parcel_label": null, "source_dataset": "adelsheim", "winery_id": 84}}, {"type": "Feature", "geometry": {"type": "Polygon", "coordinates": [[[-123.128484836, 45.37330218], [-123.128565564, 45.373317576], [-123.128578677, 45.373877513], [-123.12856886, 45.374057149], [-123.12822468, 45.374056453], [-123.127467405, 45.374026257], [-123.126957403, 45.374048261], [-123.126963612, 45.373901528], [-123.127087826, 45.373829372], [-123.127196173, 45.373657975], [-123.127384806, 45.373326214], [-123.127386853, 45.373015578], [-123.12785259, 45.372940846], [-123.128002481, 45.372960207], [-123.128224679, 45.373173338], [-123.128340735, 45.373252021], [-123.128484836, 45.37330218]]]}, "properties": {"parcel_id": 8738, "vineyard_name": "Fairsing Vineyard", "vineyard_org": "Fairsing Vineyard", "owner_name": "FAIRSING VINEYARD LLC", "ava_name": "Willamette Valley", "nested_ava": "Yamhill-Carlton", "nested_nested_ava": null, "acres": 2.816, "parcel_label": null, "source_dataset": "adelsheim", "winery_id": 84}}, {"type": "Feature", "geometry": {"type": "Polygon", "coordinates": [[[-123.128897052, 45.373485415], [-123.129123949, 45.373561047], [-123.12949012, 45.373857214], [-123.129506273, 45.373937987], [-123.12926934, 45.373986451], [-123.12893548, 45.37401876], [-123.128906807, 45.373992694], [-123.128897052, 45.373485415]]]}, "properties": {"parcel_id": 8739, "vineyard_name": "Fairsing Vineyard", "vineyard_org": "Fairsing Vineyard", "owner_name": "FAIRSING VINEYARD LLC", "ava_name": "Willamette Valley", "nested_ava": "Yamhill-Carlton", "nested_nested_ava": null, "acres": 0.443, "parcel_label": null, "source_dataset": "adelsheim", "winery_id": 84}}, {"type": "Feature", "geometry": {"type": "Polygon", "coordinates": [[[-123.131604877, 45.373102896], [-123.131630704, 45.37318507], [-123.13156711, 45.373454914], [-123.131510391, 45.373656007], [-123.131391798, 45.373783194], [-123.131286954, 45.373863976], [-123.131082422, 45.373973976], [-123.130762736, 45.374152727], [-123.130712892, 45.374350382], [-123.130682486, 45.374542354], [-123.130663994, 45.374577349], [-123.130622412, 45.374565336], [-123.130547415, 45.37450086], [-123.129797976, 45.373952848], [-123.129437192, 45.373683606], [-123.12912487, 45.373403594], [-123.128963426, 45.373301629], [-123.128972742, 45.373282998], [-123.128905833, 45.373207726], [-123.129394638, 45.373191296], [-123.130391191, 45.373324911], [-123.131604877, 45.373102896]]]}, "properties": {"parcel_id": 8740, "vineyard_name": "Fairsing Vineyard", "vineyard_org": "Fairsing Vineyard", "owner_name": "FAIRSING VINEYARD LLC", "ava_name": "Willamette Valley", "nested_ava": "Yamhill-Carlton", "nested_nested_ava": null, "acres": 4.096, "parcel_label": null, "source_dataset": "adelsheim", "winery_id": 84}}, {"type": "Feature", "geometry": {"type": "Polygon", "coordinates": [[[-123.118717826, 45.371349599], [-123.118596139, 45.371178449], [-123.118663741, 45.371132665], [-123.119157802, 45.371218064], [-123.11968708, 45.37130314], [-123.120034153, 45.371740206], [-123.120250506, 45.371857701], [-123.120451138, 45.371916515], [-123.120803169, 45.371968232], [-123.120984612, 45.371983233], [-123.121367936, 45.371978741], [-123.12171399, 45.372139164], [-123.121980998, 45.372273494], [-123.122451057, 45.372378963], [-123.122607855, 45.372579891], [-123.12169517, 45.372668016], [-123.12141354, 45.372734611], [-123.121101624, 45.372838436], [-123.120774404, 45.372423524], [-123.12027507, 45.372152453], [-123.119800137, 45.371820347], [-123.119565015, 45.371707346], [-123.119390686, 45.371683646], [-123.119236537, 45.371677664], [-123.118853964, 45.371438617], [-123.118717826, 45.371349599]]]}, "properties": {"parcel_id": 8741, "vineyard_name": "Fairsing Vineyard", "vineyard_org": "Fairsing Vineyard", "owner_name": "FAIRSING VINEYARD LLC", "ava_name": "Willamette Valley", "nested_ava": "Yamhill-Carlton", "nested_nested_ava": null, "acres": 3.6, "parcel_label": null, "source_dataset": "adelsheim", "winery_id": 84}}, {"type": "Feature", "geometry": {"type": "Polygon", "coordinates": [[[-123.121996027, 45.371211007], [-123.122951195, 45.371391388], [-123.123032741, 45.371571889], [-123.123112231, 45.371663022], [-123.123224618, 45.371723295], [-123.12369549, 45.371923175], [-123.123664199, 45.371959728], [-123.123525239, 45.372020161], [-123.123367651, 45.372111113], [-123.123075217, 45.372410362], [-123.122946655, 45.372497279], [-123.122808786, 45.37255367], [-123.122621593, 45.372517896], [-123.122505355, 45.372375876], [-123.122540198, 45.372287735], [-123.122557851, 45.372228218], [-123.122576206, 45.372170767], [-123.122588618, 45.372084197], [-123.122476665, 45.371723112], [-123.122200008, 45.371672682], [-123.122058838, 45.371344063], [-123.121996027, 45.371211007]]]}, "properties": {"parcel_id": 8744, "vineyard_name": "Fairsing Vineyard", "vineyard_org": "Fairsing Vineyard", "owner_name": "FAIRSING VINEYARD LLC", "ava_name": "Willamette Valley", "nested_ava": "Yamhill-Carlton", "nested_nested_ava": null, "acres": 2.138, "parcel_label": null, "source_dataset": "adelsheim", "winery_id": 84}}, {"type": "Feature", "geometry": {"type": "Polygon", "coordinates": [[[-123.11915348, 45.37360684], [-123.119001863, 45.373449668], [-123.119032132, 45.373179786], [-123.119131835, 45.372900245], [-123.119314946, 45.372731072], [-123.119643509, 45.372545294], [-123.119773063, 45.372467435], [-123.119828546, 45.37243082], [-123.119868699, 45.372410868], [-123.120546647, 45.372860804], [-123.120758133, 45.37303438], [-123.120628224, 45.373124716], [-123.120222315, 45.373354178], [-123.119754473, 45.373515522], [-123.119472045, 45.373585096], [-123.119289415, 45.373624832], [-123.119206045, 45.373620055], [-123.11915348, 45.37360684]]]}, "properties": {"parcel_id": 8749, "vineyard_name": "Fairsing Vineyard", "vineyard_org": "Fairsing Vineyard", "owner_name": "FAIRSING VINEYARD LLC", "ava_name": "Willamette Valley", "nested_ava": "Yamhill-Carlton", "nested_nested_ava": null, "acres": 2.702, "parcel_label": null, "source_dataset": "adelsheim", "winery_id": 84}}, {"type": "Feature", "geometry": {"type": "Polygon", "coordinates": [[[-123.11633259, 45.374421755], [-123.116167955, 45.374552495], [-123.115993637, 45.374533127], [-123.114918664, 45.373584052], [-123.114768556, 45.373429102], [-123.114686238, 45.37323057], [-123.114749186, 45.373061092], [-123.11484603, 45.372959406], [-123.116245431, 45.374179645], [-123.116182482, 45.374237752], [-123.11633259, 45.374421755]]]}, "properties": {"parcel_id": 8759, "vineyard_name": "Sisu Vineyard", "vineyard_org": "Sisu Vineyard", "owner_name": "CZUK TIMOTHY M", "ava_name": "Willamette Valley", "nested_ava": "Yamhill-Carlton", "nested_nested_ava": null, "acres": 1.773, "parcel_label": null, "source_dataset": "yamhill-carlton", "winery_id": null}}, {"type": "Feature", "geometry": {"type": "Polygon", "coordinates": [[[-123.117428757, 45.374229617], [-123.117441815, 45.374741451], [-123.117070997, 45.375065263], [-123.116822915, 45.375232392], [-123.116580055, 45.375187998], [-123.116540884, 45.375083543], [-123.116300636, 45.374835461], [-123.116305858, 45.374569099], [-123.116428594, 45.374503814], [-123.116488656, 45.37434713], [-123.116538272, 45.374221784], [-123.117428757, 45.374229617]]]}, "properties": {"parcel_id": 8764, "vineyard_name": "Sisu Vineyard", "vineyard_org": "Sisu Vineyard", "owner_name": "CZUK TIMOTHY M", "ava_name": "Willamette Valley", "nested_ava": "Yamhill-Carlton", "nested_nested_ava": null, "acres": 1.877, "parcel_label": null, "source_dataset": "yamhill-carlton", "winery_id": null}}, {"type": "Feature", "geometry": {"type": "Polygon", "coordinates": [[[-123.130595982, 45.36862478], [-123.130783251, 45.369837288], [-123.130345975, 45.369846446], [-123.130208664, 45.369919657], [-123.130052499, 45.370116875], [-123.130065229, 45.370516198], [-123.129942615, 45.370515593], [-123.129389078, 45.370037763], [-123.129309227, 45.369896006], [-123.129219542, 45.369225515], [-123.128640477, 45.368721917], [-123.128612949, 45.36863714], [-123.130595982, 45.36862478]]]}, "properties": {"parcel_id": 8768, "vineyard_name": "Kalita Vineyard", "vineyard_org": "Kalita", "owner_name": "SBV II LLC", "ava_name": "Willamette Valley", "nested_ava": "Yamhill-Carlton", "nested_nested_ava": null, "acres": 4.983, "parcel_label": null, "source_dataset": "yamhill-carlton", "winery_id": null}}, {"type": "Feature", "geometry": {"type": "Polygon", "coordinates": [[[-123.130201676, 45.370609978], [-123.13012134, 45.370148044], [-123.130275837, 45.369946526], [-123.130403465, 45.369906223], [-123.131048324, 45.369872636], [-123.131767073, 45.369805463], [-123.13212309, 45.370107741], [-123.132244, 45.370107741], [-123.132203697, 45.36976516], [-123.133177703, 45.369684552], [-123.133244877, 45.369993548], [-123.133312048, 45.370006982], [-123.133459828, 45.370806338], [-123.13318442, 45.370813055], [-123.133218968, 45.370994427], [-123.132810724, 45.371049101], [-123.13166285, 45.371126141], [-123.131262251, 45.371110733], [-123.130592015, 45.370794876], [-123.130201676, 45.370609978]]]}, "properties": {"parcel_id": 8769, "vineyard_name": "Kalita Vineyard", "vineyard_org": "Kalita", "owner_name": "SBV II LLC", "ava_name": "Willamette Valley", "nested_ava": "Yamhill-Carlton", "nested_nested_ava": null, "acres": 7.866, "parcel_label": null, "source_dataset": "yamhill-carlton", "winery_id": null}}, {"type": "Feature", "geometry": {"type": "Polygon", "coordinates": [[[-123.131377121, 45.368462827], [-123.131237807, 45.368536243], [-123.130269828, 45.368534008], [-123.129912421, 45.367994632], [-123.129700051, 45.367677599], [-123.129567582, 45.367548179], [-123.130483419, 45.367028496], [-123.130602616, 45.36712947], [-123.130747182, 45.367207684], [-123.130842372, 45.367302327], [-123.130830603, 45.367427605], [-123.13078146, 45.36762816], [-123.130857565, 45.367869822], [-123.130969447, 45.36810045], [-123.131182992, 45.368320465], [-123.131377121, 45.368462827]]]}, "properties": {"parcel_id": 8770, "vineyard_name": "Trovato Vineyard", "vineyard_org": "Furioso Vineyard", "owner_name": "FURIOSO VINEYARD YAMHILL/CARLTON LLC", "ava_name": "Willamette Valley", "nested_ava": "Yamhill-Carlton", "nested_nested_ava": null, "acres": 3.05, "parcel_label": null, "source_dataset": "yamhill-carlton", "winery_id": null}}, {"type": "Feature", "geometry": {"type": "Polygon", "coordinates": [[[-123.130426669, 45.367000529], [-123.129537299, 45.367520015], [-123.129118104, 45.367129497], [-123.12877593, 45.366870805], [-123.128874416, 45.366820995], [-123.129487584, 45.36676095], [-123.129752895, 45.366754478], [-123.130128216, 45.366845073], [-123.130426669, 45.367000529]]]}, "properties": {"parcel_id": 8771, "vineyard_name": "Trovato Vineyard", "vineyard_org": "Furioso Vineyard", "owner_name": "FURIOSO VINEYARD YAMHILL/CARLTON LLC", "ava_name": "Willamette Valley", "nested_ava": "Yamhill-Carlton", "nested_nested_ava": null, "acres": 1.449, "parcel_label": null, "source_dataset": "yamhill-carlton", "winery_id": null}}, {"type": "Feature", "geometry": {"type": "Polygon", "coordinates": [[[-123.128422303, 45.367606027], [-123.129138678, 45.36721983], [-123.129330085, 45.367398187], [-123.129669766, 45.367710377], [-123.129772021, 45.367864019], [-123.129553798, 45.367998333], [-123.129233832, 45.368185201], [-123.128854375, 45.36836101], [-123.128638931, 45.368013824], [-123.128340673, 45.367669677], [-123.12843634, 45.367626546], [-123.128422303, 45.367606027]]]}, "properties": {"parcel_id": 8772, "vineyard_name": "Trovato Vineyard", "vineyard_org": "Furioso Vineyard", "owner_name": "FURIOSO VINEYARD YAMHILL/CARLTON LLC", "ava_name": "Willamette Valley", "nested_ava": "Yamhill-Carlton", "nested_nested_ava": null, "acres": 1.862, "parcel_label": null, "source_dataset": "yamhill-carlton", "winery_id": null}}, {"type": "Feature", "geometry": {"type": "Polygon", "coordinates": [[[-123.128839046, 45.368459598], [-123.128143076, 45.368361326], [-123.12798599, 45.368017814], [-123.127828911, 45.367789103], [-123.128135156, 45.367691331], [-123.128258611, 45.367693133], [-123.128376143, 45.367779654], [-123.128595625, 45.368057819], [-123.128839046, 45.368459598]]]}, "properties": {"parcel_id": 8773, "vineyard_name": "Trovato Vineyard", "vineyard_org": "Furioso Vineyard", "owner_name": "FURIOSO VINEYARD YAMHILL/CARLTON LLC", "ava_name": "Willamette Valley", "nested_ava": "Yamhill-Carlton", "nested_nested_ava": null, "acres": 0.869, "parcel_label": null, "source_dataset": "yamhill-carlton", "winery_id": null}}, {"type": "Feature", "geometry": {"type": "Polygon", "coordinates": [[[-123.259521102, 45.301457892], [-123.258923301, 45.301285746], [-123.258789897, 45.301444143], [-123.253984088, 45.302140828], [-123.253813833, 45.301659623], [-123.253599984, 45.301413009], [-123.253341108, 45.301159349], [-123.253084641, 45.300850942], [-123.253082838, 45.300678123], [-123.253991593, 45.300470109], [-123.254363989, 45.300318096], [-123.254628828, 45.300125619], [-123.255177578, 45.299802045], [-123.255523711, 45.299610443], [-123.255717976, 45.299587566], [-123.255902233, 45.299606924], [-123.256188181, 45.299676605], [-123.256679248, 45.29969702], [-123.257085275, 45.299708638], [-123.257276164, 45.299702651], [-123.257594447, 45.299640026], [-123.257601616, 45.300563404], [-123.259953601, 45.300559831], [-123.260080535, 45.300721913], [-123.260092392, 45.300820653], [-123.259521102, 45.301457892]]]}, "properties": {"parcel_id": 8958, "vineyard_name": "Gran Moraine Vineyard", "vineyard_org": "Jackson Family Wines", "owner_name": "JACKSON FAMILY INVESTMENTS III LLC", "ava_name": "Willamette Valley", "nested_ava": "Yamhill-Carlton", "nested_nested_ava": null, "acres": 21.935, "parcel_label": null, "source_dataset": "adelsheim", "winery_id": 91}}, {"type": "Feature", "geometry": {"type": "Polygon", "coordinates": [[[-123.257214641, 45.299174586], [-123.257219114, 45.298097643], [-123.257339428, 45.298087482], [-123.25743968, 45.298056798], [-123.257545955, 45.297977053], [-123.257588432, 45.297974241], [-123.257599075, 45.299169262], [-123.25736302, 45.299170923], [-123.257214641, 45.299174586]]]}, "properties": {"parcel_id": 8963, "vineyard_name": "Gran Moraine Vineyard", "vineyard_org": "Jackson Family Wines", "owner_name": "JACKSON FAMILY INVESTMENTS III LLC", "ava_name": "Willamette Valley", "nested_ava": "Yamhill-Carlton", "nested_nested_ava": null, "acres": 0.909, "parcel_label": null, "source_dataset": "adelsheim", "winery_id": 91}}, {"type": "Feature", "geometry": {"type": "Polygon", "coordinates": [[[-123.252460069, 45.300123337], [-123.252206748, 45.300055879], [-123.252201061, 45.299955139], [-123.252549881, 45.299642991], [-123.25290009, 45.299201533], [-123.252898194, 45.299046506], [-123.25306853, 45.299002659], [-123.253261605, 45.29891348], [-123.253609846, 45.298751119], [-123.253608459, 45.297690513], [-123.255332593, 45.298106448], [-123.256620851, 45.298105876], [-123.256622418, 45.299040654], [-123.256583771, 45.299057331], [-123.255452496, 45.298994796], [-123.255308385, 45.299014998], [-123.255126371, 45.29910187], [-123.254968939, 45.299232935], [-123.254705073, 45.299466963], [-123.254412783, 45.299686317], [-123.25384488, 45.299931492], [-123.25357836, 45.300023345], [-123.253144304, 45.300120671], [-123.252736788, 45.300123337], [-123.252460069, 45.300123337]]]}, "properties": {"parcel_id": 8964, "vineyard_name": "Gran Moraine Vineyard", "vineyard_org": "Jackson Family Wines", "owner_name": "JACKSON FAMILY INVESTMENTS III LLC", "ava_name": "Willamette Valley", "nested_ava": "Yamhill-Carlton", "nested_nested_ava": null, "acres": 11.311, "parcel_label": null, "source_dataset": "adelsheim", "winery_id": 91}}, {"type": "Feature", "geometry": {"type": "Polygon", "coordinates": [[[-123.248621714, 45.298031651], [-123.248773294, 45.297978995], [-123.249021101, 45.297881289], [-123.249300577, 45.297744601], [-123.249648989, 45.297529143], [-123.250966635, 45.297527609], [-123.250969703, 45.297289349], [-123.251417295, 45.297326422], [-123.252338197, 45.297453697], [-123.253553377, 45.297671731], [-123.253566138, 45.298694853], [-123.253172882, 45.298890075], [-123.252885682, 45.298985085], [-123.252877191, 45.298875632], [-123.25169583, 45.298898413], [-123.251553791, 45.298840346], [-123.251326269, 45.298791186], [-123.251087711, 45.298816797], [-123.250772164, 45.298838464], [-123.250763961, 45.298051794], [-123.248626417, 45.298118899], [-123.248621714, 45.298031651]]]}, "properties": {"parcel_id": 8965, "vineyard_name": "Gran Moraine Vineyard", "vineyard_org": "Jackson Family Wines", "owner_name": "JACKSON FAMILY INVESTMENTS III LLC", "ava_name": "Willamette Valley", "nested_ava": "Yamhill-Carlton", "nested_nested_ava": null, "acres": 10.349, "parcel_label": null, "source_dataset": "adelsheim", "winery_id": 91}}, {"type": "Feature", "geometry": {"type": "Polygon", "coordinates": [[[-123.253556805, 45.296180028], [-123.25355679, 45.29759532], [-123.253056366, 45.297494638], [-123.252559651, 45.297414816], [-123.251762748, 45.297302158], [-123.250965847, 45.297212982], [-123.25096421, 45.296967189], [-123.249576081, 45.296970637], [-123.249586773, 45.297444556], [-123.24928335, 45.297626601], [-123.248993846, 45.297775094], [-123.248699118, 45.297885756], [-123.248458059, 45.297960054], [-123.24829646, 45.29775685], [-123.24829809, 45.297097319], [-123.248402712, 45.296993152], [-123.248651937, 45.296866808], [-123.249175292, 45.296661843], [-123.249542931, 45.296542938], [-123.249890013, 45.29645855], [-123.250285301, 45.296384602], [-123.250671788, 45.296219571], [-123.250758833, 45.296198412], [-123.251068333, 45.296200728], [-123.251431343, 45.296220767], [-123.251790807, 45.296272516], [-123.252118762, 45.296341215], [-123.252547385, 45.296290784], [-123.252990833, 45.296280774], [-123.253275674, 45.296246048], [-123.253556805, 45.296180028]]]}, "properties": {"parcel_id": 8966, "vineyard_name": "Gran Moraine Vineyard", "vineyard_org": "Jackson Family Wines", "owner_name": "JACKSON FAMILY INVESTMENTS III LLC", "ava_name": "Willamette Valley", "nested_ava": "Yamhill-Carlton", "nested_nested_ava": null, "acres": 10.794, "parcel_label": null, "source_dataset": "adelsheim", "winery_id": 91}}, {"type": "Feature", "geometry": {"type": "Polygon", "coordinates": [[[-123.257118962, 45.303076966], [-123.256781655, 45.303001626], [-123.256398274, 45.30295101], [-123.256055524, 45.302902674], [-123.255584901, 45.302743963], [-123.255186505, 45.302641959], [-123.254729394, 45.302458724], [-123.254496191, 45.302367949], [-123.25428848, 45.302281581], [-123.254330297, 45.302224387], [-123.257850825, 45.301716887], [-123.258189365, 45.301813658], [-123.257166298, 45.303023805], [-123.257118962, 45.303076966]]]}, "properties": {"parcel_id": 8971, "vineyard_name": "Gran Moraine Vineyard", "vineyard_org": "Jackson Family Wines", "owner_name": "JACKSON FAMILY INVESTMENTS III LLC", "ava_name": "Willamette Valley", "nested_ava": "Yamhill-Carlton", "nested_nested_ava": null, "acres": 5.97, "parcel_label": null, "source_dataset": "adelsheim", "winery_id": 91}}, {"type": "Feature", "geometry": {"type": "Polygon", "coordinates": [[[-123.261033001, 45.302276207], [-123.260992235, 45.302432874], [-123.260970292, 45.302496815], [-123.260898771, 45.302495681], [-123.260885354, 45.302080141], [-123.259561608, 45.302078049], [-123.259554891, 45.302665133], [-123.259464504, 45.302608243], [-123.259415247, 45.302289554], [-123.259340892, 45.301975281], [-123.259336469, 45.301854177], [-123.260144732, 45.300942669], [-123.260216505, 45.300941406], [-123.260609206, 45.301527945], [-123.26106703, 45.302007172], [-123.261090169, 45.302082974], [-123.261063133, 45.302195413], [-123.261033001, 45.302276207]]]}, "properties": {"parcel_id": 8972, "vineyard_name": "Gran Moraine Vineyard", "vineyard_org": "Jackson Family Wines", "owner_name": "JACKSON FAMILY INVESTMENTS III LLC", "ava_name": "Willamette Valley", "nested_ava": "Yamhill-Carlton", "nested_nested_ava": null, "acres": 2.669, "parcel_label": null, "source_dataset": "adelsheim", "winery_id": 91}}, {"type": "Feature", "geometry": {"type": "Polygon", "coordinates": [[[-123.189114317, 45.35210367], [-123.188825957, 45.352108905], [-123.188811061, 45.351665479], [-123.189114317, 45.351660245], [-123.189114317, 45.35210367]]]}, "properties": {"parcel_id": 9016, "vineyard_name": "Kason Vineyard", "vineyard_org": "Kason Vineyard", "owner_name": "ONEILL STEPHEN R & KRISTINE A TRUSTEES", "ava_name": "Willamette Valley", "nested_ava": "Yamhill-Carlton", "nested_nested_ava": null, "acres": 0.282, "parcel_label": null, "source_dataset": "yamhill-carlton", "winery_id": null}}, {"type": "Feature", "geometry": {"type": "Polygon", "coordinates": [[[-123.189108996, 45.35335728], [-123.188476948, 45.35335055], [-123.188489717, 45.353401023], [-123.186259991, 45.35340551], [-123.186237645, 45.353007333], [-123.189101016, 45.353020793], [-123.189108996, 45.35335728]]]}, "properties": {"parcel_id": 9017, "vineyard_name": "Kason Vineyard", "vineyard_org": "Kason Vineyard", "owner_name": "ONEILL STEPHEN R & KRISTINE A TRUSTEES", "ava_name": "Willamette Valley", "nested_ava": "Yamhill-Carlton", "nested_nested_ava": null, "acres": 2.326, "parcel_label": null, "source_dataset": "yamhill-carlton", "winery_id": null}}, {"type": "Feature", "geometry": {"type": "Polygon", "coordinates": [[[-123.189105805, 45.352962469], [-123.186239242, 45.352949008], [-123.18625201, 45.35249587], [-123.187761904, 45.352513816], [-123.18773956, 45.352236771], [-123.188025257, 45.35223565], [-123.188033237, 45.352557559], [-123.188318937, 45.352565412], [-123.188312552, 45.352182933], [-123.189126553, 45.352193028], [-123.189105805, 45.352962469]]]}, "properties": {"parcel_id": 9018, "vineyard_name": "Kason Vineyard", "vineyard_org": "Kason Vineyard", "owner_name": "ONEILL STEPHEN R & KRISTINE A TRUSTEES", "ava_name": "Willamette Valley", "nested_ava": "Yamhill-Carlton", "nested_nested_ava": null, "acres": 3.458, "parcel_label": null, "source_dataset": "yamhill-carlton", "winery_id": null}}, {"type": "Feature", "geometry": {"type": "Polygon", "coordinates": [[[-123.139532202, 45.362071073], [-123.140237653, 45.362467535], [-123.14062743, 45.362609846], [-123.140626466, 45.362824343], [-123.140546571, 45.363183604], [-123.140507939, 45.363496681], [-123.140402512, 45.363470485], [-123.140314789, 45.363422032], [-123.13929303, 45.362704448], [-123.137997261, 45.362470506], [-123.137520115, 45.362303678], [-123.137499758, 45.362130623], [-123.138134664, 45.361492818], [-123.138218528, 45.361442872], [-123.138320479, 45.361435278], [-123.139532202, 45.362071073]]]}, "properties": {"parcel_id": 9064, "vineyard_name": "WillaKenzie Estate", "vineyard_org": "WillaKenzie Estate", "owner_name": "JACKSON FAMILY INVESTMENTS III LLC", "ava_name": "Willamette Valley", "nested_ava": "Yamhill-Carlton", "nested_nested_ava": null, "acres": 5.537, "parcel_label": null, "source_dataset": "adelsheim", "winery_id": 195}}, {"type": "Feature", "geometry": {"type": "Polygon", "coordinates": [[[-123.142491224, 45.363816715], [-123.142630212, 45.363942538], [-123.142664607, 45.364042349], [-123.142623338, 45.364054972], [-123.142209078, 45.364353759], [-123.142100098, 45.364383549], [-123.141974601, 45.364366921], [-123.141400331, 45.364171202], [-123.140997086, 45.363693294], [-123.140632693, 45.363559927], [-123.140629662, 45.363153292], [-123.140674402, 45.363085931], [-123.140738318, 45.362877109], [-123.14112181, 45.362886091], [-123.141998791, 45.363468142], [-123.14214637, 45.363571897], [-123.142408914, 45.363747319], [-123.142491224, 45.363816715]]]}, "properties": {"parcel_id": 9068, "vineyard_name": "WillaKenzie Estate", "vineyard_org": "WillaKenzie Estate", "owner_name": "JACKSON FAMILY INVESTMENTS III LLC", "ava_name": "Willamette Valley", "nested_ava": "Yamhill-Carlton", "nested_nested_ava": null, "acres": 3.471, "parcel_label": null, "source_dataset": "adelsheim", "winery_id": 195}}, {"type": "Feature", "geometry": {"type": "Polygon", "coordinates": [[[-123.13949633, 45.365089647], [-123.138427892, 45.365422747], [-123.138422242, 45.364986035], [-123.138186497, 45.365022261], [-123.138093642, 45.365011979], [-123.137952892, 45.364755543], [-123.137948774, 45.364620777], [-123.139223437, 45.364433892], [-123.139354556, 45.364474708], [-123.139441806, 45.364872887], [-123.139489695, 45.365005614], [-123.13949633, 45.365089647]]]}, "properties": {"parcel_id": 9073, "vineyard_name": "WillaKenzie Estate", "vineyard_org": "WillaKenzie Estate", "owner_name": "JACKSON FAMILY INVESTMENTS III LLC", "ava_name": "Willamette Valley", "nested_ava": "Yamhill-Carlton", "nested_nested_ava": null, "acres": 2.076, "parcel_label": null, "source_dataset": "adelsheim", "winery_id": 195}}, {"type": "Feature", "geometry": {"type": "Polygon", "coordinates": [[[-123.1373904, 45.365245412], [-123.137425905, 45.365169328], [-123.137531364, 45.364987458], [-123.137598476, 45.364884174], [-123.137540952, 45.364706794], [-123.137876506, 45.364648416], [-123.13832711, 45.365447745], [-123.137997947, 45.365551028], [-123.137696199, 45.365448288], [-123.1373904, 45.365245412]]]}, "properties": {"parcel_id": 9074, "vineyard_name": "WillaKenzie Estate", "vineyard_org": "WillaKenzie Estate", "owner_name": "JACKSON FAMILY INVESTMENTS III LLC", "ava_name": "Willamette Valley", "nested_ava": "Yamhill-Carlton", "nested_nested_ava": null, "acres": 1.043, "parcel_label": null, "source_dataset": "adelsheim", "winery_id": 195}}, {"type": "Feature", "geometry": {"type": "Polygon", "coordinates": [[[-123.115547675, 45.372851105], [-123.11527284, 45.372931925], [-123.115125832, 45.372715282], [-123.115405464, 45.372640075], [-123.115547675, 45.372851105]]]}, "properties": {"parcel_id": 9081, "vineyard_name": "Sisu Vineyard", "vineyard_org": "Sisu Vineyard", "owner_name": "CZUK TIMOTHY M", "ava_name": "Willamette Valley", "nested_ava": "Yamhill-Carlton", "nested_nested_ava": null, "acres": 0.152, "parcel_label": null, "source_dataset": "yamhill-carlton", "winery_id": null}}, {"type": "Feature", "geometry": {"type": "Polygon", "coordinates": [[[-123.153741384, 45.322751598], [-123.153747045, 45.323254326], [-123.151411349, 45.323236462], [-123.150795789, 45.323229059], [-123.150300154, 45.323226781], [-123.149077299, 45.323209143], [-123.148713962, 45.323207321], [-123.148720341, 45.323035917], [-123.149128729, 45.322732714], [-123.149417734, 45.322653345], [-123.149603729, 45.322682395], [-123.149778949, 45.322702344], [-123.150066521, 45.322735881], [-123.15027115, 45.322727355], [-123.150519375, 45.322717003], [-123.15093481, 45.322713248], [-123.151182694, 45.322369461], [-123.153552803, 45.322408245], [-123.15356071, 45.322700783], [-123.153741384, 45.322751598]]]}, "properties": {"parcel_id": 9086, "vineyard_name": "Hirschy Vineyard", "vineyard_org": "Hirschy Vineyard", "owner_name": "YAMHILL 2006 LLC", "ava_name": "Willamette Valley", "nested_ava": "Yamhill-Carlton", "nested_nested_ava": null, "acres": 7.236, "parcel_label": null, "source_dataset": "yamhill-carlton", "winery_id": null}}, {"type": "Feature", "geometry": {"type": "Polygon", "coordinates": [[[-123.148389959, 45.323029865], [-123.148231958, 45.323223551], [-123.147026983, 45.32319127], [-123.147022771, 45.321318071], [-123.147612485, 45.321329624], [-123.147652806, 45.321499489], [-123.147747874, 45.321627899], [-123.148184631, 45.32190011], [-123.149035146, 45.322134393], [-123.149043293, 45.322236001], [-123.148763538, 45.322426764], [-123.148616513, 45.322579599], [-123.148389959, 45.323029865]]]}, "properties": {"parcel_id": 9088, "vineyard_name": "Hirschy Vineyard", "vineyard_org": "Hirschy Vineyard", "owner_name": "YAMHILL 2006 LLC", "ava_name": "Willamette Valley", "nested_ava": "Yamhill-Carlton", "nested_nested_ava": null, "acres": 5.456, "parcel_label": null, "source_dataset": "yamhill-carlton", "winery_id": null}}, {"type": "Feature", "geometry": {"type": "Polygon", "coordinates": [[[-123.156042541, 45.324073453], [-123.156005371, 45.324063226], [-123.156118498, 45.323708708], [-123.156259099, 45.323491678], [-123.156485353, 45.323530312], [-123.156571006, 45.323610988], [-123.156449798, 45.323983688], [-123.156343135, 45.324013229], [-123.156042541, 45.324073453]]]}, "properties": {"parcel_id": 9202, "vineyard_name": "Stag Hollow Vineyard", "vineyard_org": "Stag Hollow Vineyard", "owner_name": "ZARNOWITZ JILL E &", "ava_name": "Willamette Valley", "nested_ava": "Yamhill-Carlton", "nested_nested_ava": null, "acres": 0.446, "parcel_label": null, "source_dataset": "yamhill-carlton", "winery_id": null}}, {"type": "Feature", "geometry": {"type": "Polygon", "coordinates": [[[-123.153924444, 45.323094628], [-123.153767544, 45.323093646], [-123.153764205, 45.322789119], [-123.153769479, 45.322742252], [-123.153779533, 45.322677901], [-123.154067331, 45.322658438], [-123.15444695, 45.322658029], [-123.154606732, 45.322741744], [-123.154977706, 45.32294148], [-123.154972656, 45.323239609], [-123.154097114, 45.323195361], [-123.154040859, 45.323158301], [-123.154040771, 45.323092969], [-123.153924444, 45.323094628]]]}, "properties": {"parcel_id": 9204, "vineyard_name": "Hirschy Vineyard", "vineyard_org": "Hirschy Vineyard", "owner_name": "YAMHILL 2006 LLC", "ava_name": "Willamette Valley", "nested_ava": "Yamhill-Carlton", "nested_nested_ava": null, "acres": 1.211, "parcel_label": null, "source_dataset": "yamhill-carlton", "winery_id": null}}, {"type": "Feature", "geometry": {"type": "Polygon", "coordinates": [[[-123.124565383, 45.407818053], [-123.124542007, 45.407804539], [-123.124537232, 45.407696168], [-123.124642961, 45.407591229], [-123.124636113, 45.40749773], [-123.124698099, 45.407430535], [-123.125050732, 45.407597969], [-123.125056233, 45.407662642], [-123.125042484, 45.407736971], [-123.124883302, 45.407911125], [-123.124855493, 45.407945471], [-123.124565383, 45.407818053]]]}, "properties": {"parcel_id": 9251, "vineyard_name": "Fisher Family Vineyard", "vineyard_org": "ADEA Wine Company", "owner_name": "FISHER DEAN H & ANN W TRUSTEES FOR", "ava_name": "Willamette Valley", "nested_ava": "Yamhill-Carlton", "nested_nested_ava": null, "acres": 0.359, "parcel_label": null, "source_dataset": "yamhill-carlton", "winery_id": null}}, {"type": "Feature", "geometry": {"type": "Polygon", "coordinates": [[[-123.126810648, 45.405911594], [-123.126442772, 45.40622527], [-123.126390595, 45.406184268], [-123.126344478, 45.406223941], [-123.126317791, 45.406212334], [-123.126270705, 45.406258583], [-123.126245516, 45.40624783], [-123.126186643, 45.406299037], [-123.125843943, 45.406083256], [-123.126508465, 45.405556671], [-123.126810648, 45.405911594]]]}, "properties": {"parcel_id": 9252, "vineyard_name": "Fisher Family Vineyard", "vineyard_org": "ADEA Wine Company", "owner_name": "HESS JEFFREY D", "ava_name": "Willamette Valley", "nested_ava": "Yamhill-Carlton", "nested_nested_ava": null, "acres": 0.753, "parcel_label": null, "source_dataset": "yamhill-carlton", "winery_id": null}}, {"type": "Feature", "geometry": {"type": "Polygon", "coordinates": [[[-123.153093164, 45.326802589], [-123.153795585, 45.326816457], [-123.153792843, 45.327425421], [-123.153796673, 45.327647302], [-123.153120843, 45.327630524], [-123.153093164, 45.326802589]]]}, "properties": {"parcel_id": 9302, "vineyard_name": "Wahle Vineyard", "vineyard_org": "Wahle Vineyard", "owner_name": "WAHLE BETTY", "ava_name": "Willamette Valley", "nested_ava": "Yamhill-Carlton", "nested_nested_ava": null, "acres": 1.227, "parcel_label": null, "source_dataset": "yamhill-carlton", "winery_id": null}}, {"type": "Feature", "geometry": {"type": "Polygon", "coordinates": [[[-123.046064069, 45.342474004], [-123.047574611, 45.342473319], [-123.047586896, 45.343196341], [-123.047515697, 45.343233913], [-123.045829539, 45.343238407], [-123.045776748, 45.343205553], [-123.045770775, 45.342707616], [-123.045822566, 45.342520911], [-123.046064069, 45.342474004]]]}, "properties": {"parcel_id": 9482, "vineyard_name": "Richards Vineyard", "vineyard_org": "Adelsheim ", "owner_name": "ADELSHEIM VINEYARD LLC", "ava_name": "Chehalem Mountains", "nested_ava": "Chehalem Mountains", "nested_nested_ava": null, "acres": 2.935, "parcel_label": null, "source_dataset": "adelsheim", "winery_id": 3}}, {"type": "Feature", "geometry": {"type": "Polygon", "coordinates": [[[-123.047596242, 45.34248175], [-123.049253914, 45.342481283], [-123.04925386, 45.342710274], [-123.049224302, 45.34271153], [-123.049240287, 45.343592552], [-123.047607567, 45.34359552], [-123.047596242, 45.34248175]]]}, "properties": {"parcel_id": 9483, "vineyard_name": "Richards Vineyard", "vineyard_org": "Adelsheim ", "owner_name": "ADELSHEIM VINEYARD LLC", "ava_name": "Chehalem Mountains", "nested_ava": "Chehalem Mountains", "nested_nested_ava": null, "acres": 3.915, "parcel_label": null, "source_dataset": "adelsheim", "winery_id": 3}}, {"type": "Feature", "geometry": {"type": "Polygon", "coordinates": [[[-123.071234507, 45.380250634], [-123.071212451, 45.380257846], [-123.0711921, 45.380259054], [-123.071180615, 45.380247568], [-123.071210343, 45.379499578], [-123.072226025, 45.379519875], [-123.072218859, 45.379688534], [-123.071234507, 45.380250634]]]}, "properties": {"parcel_id": 10092, "vineyard_name": "Colene Clemens Vineyards", "vineyard_org": "Colene Clemens Vineyards", "owner_name": "COLENE CLEMENS VINEYARDS LLC", "ava_name": "Chehalem Mountains", "nested_ava": "Chehalem Mountains", "nested_nested_ava": null, "acres": 1.038, "parcel_label": null, "source_dataset": "adelsheim", "winery_id": 54}}, {"type": "Feature", "geometry": {"type": "Polygon", "coordinates": [[[-123.076723948, 45.380837674], [-123.076616062, 45.380320755], [-123.076490717, 45.379801719], [-123.076685037, 45.379782052], [-123.076777614, 45.380198345], [-123.077154452, 45.38015521], [-123.077201778, 45.380373829], [-123.078214693, 45.380267231], [-123.078119149, 45.379853117], [-123.078610151, 45.379845571], [-123.078708835, 45.379880056], [-123.078948545, 45.380062609], [-123.079097, 45.380183427], [-123.079149803, 45.380453223], [-123.079115752, 45.380498231], [-123.079074897, 45.380545626], [-123.078791892, 45.380580672], [-123.078540131, 45.380598171], [-123.078267151, 45.380636873], [-123.077947836, 45.380680256], [-123.077575623, 45.380738343], [-123.076723948, 45.380837674]]]}, "properties": {"parcel_id": 10094, "vineyard_name": "Colene Clemens Vineyards", "vineyard_org": "Colene Clemens Vineyards", "owner_name": "COLENE CLEMENS VINEYARDS LLC", "ava_name": "Chehalem Mountains", "nested_ava": "Chehalem Mountains", "nested_nested_ava": null, "acres": 3.08, "parcel_label": null, "source_dataset": "adelsheim", "winery_id": 54}}, {"type": "Feature", "geometry": {"type": "Polygon", "coordinates": [[[-123.071206952, 45.380310364], [-123.071984906, 45.379869467], [-123.072441503, 45.380104472], [-123.072517064, 45.38016947], [-123.072347754, 45.380321212], [-123.071723096, 45.380670567], [-123.071475813, 45.380740235], [-123.071357252, 45.380759096], [-123.071275, 45.380688326], [-123.071239379, 45.380499575], [-123.071206952, 45.380310364]]]}, "properties": {"parcel_id": 10095, "vineyard_name": "Colene Clemens Vineyards", "vineyard_org": "Colene Clemens Vineyards", "owner_name": "COLENE CLEMENS VINEYARDS LLC", "ava_name": "Chehalem Mountains", "nested_ava": "Chehalem Mountains", "nested_nested_ava": null, "acres": 1.364, "parcel_label": null, "source_dataset": "adelsheim", "winery_id": 54}}, {"type": "Feature", "geometry": {"type": "Polygon", "coordinates": [[[-123.077222591, 45.383028099], [-123.076889329, 45.381543402], [-123.077315575, 45.38165762], [-123.078251111, 45.381553773], [-123.079185554, 45.381442185], [-123.079237058, 45.381645568], [-123.079232692, 45.382684265], [-123.079200633, 45.382801067], [-123.078987307, 45.382810283], [-123.078312642, 45.382744144], [-123.07823195, 45.382491475], [-123.077959199, 45.382522925], [-123.077993957, 45.382702292], [-123.077380707, 45.382963804], [-123.077222591, 45.383028099]]]}, "properties": {"parcel_id": 10102, "vineyard_name": "Colene Clemens Vineyards", "vineyard_org": "Colene Clemens Vineyards", "owner_name": "COLENE CLEMENS VINEYARDS LLC", "ava_name": "Chehalem Mountains", "nested_ava": "Chehalem Mountains", "nested_nested_ava": null, "acres": 5.771, "parcel_label": null, "source_dataset": "adelsheim", "winery_id": 54}}, {"type": "Feature", "geometry": {"type": "Polygon", "coordinates": [[[-123.075580762, 45.383174883], [-123.075776108, 45.382618288], [-123.076233259, 45.382703343], [-123.076121913, 45.383009528], [-123.07601057, 45.383310277], [-123.075784002, 45.38388183], [-123.07568997, 45.383860745], [-123.075578502, 45.383801568], [-123.07533619, 45.383665508], [-123.075282616, 45.383576471], [-123.075303477, 45.38344906], [-123.075411438, 45.383289363], [-123.075580762, 45.383174883]]]}, "properties": {"parcel_id": 10104, "vineyard_name": "Colene Clemens Vineyards", "vineyard_org": "Colene Clemens Vineyards", "owner_name": "COLENE CLEMENS VINEYARDS LLC", "ava_name": "Chehalem Mountains", "nested_ava": "Chehalem Mountains", "nested_nested_ava": null, "acres": 1.307, "parcel_label": null, "source_dataset": "adelsheim", "winery_id": 54}}, {"type": "Feature", "geometry": {"type": "Polygon", "coordinates": [[[-123.075869075, 45.383888409], [-123.076308691, 45.382729714], [-123.076540252, 45.382785276], [-123.077112747, 45.382734363], [-123.077187977, 45.383094083], [-123.076871084, 45.383222941], [-123.076514214, 45.384162469], [-123.076274566, 45.384203513], [-123.075869075, 45.383888409]]]}, "properties": {"parcel_id": 10107, "vineyard_name": "Colene Clemens Vineyards", "vineyard_org": "Colene Clemens Vineyards", "owner_name": "COLENE CLEMENS VINEYARDS LLC", "ava_name": "Chehalem Mountains", "nested_ava": "Chehalem Mountains", "nested_nested_ava": null, "acres": 2.3, "parcel_label": null, "source_dataset": "adelsheim", "winery_id": 54}}, {"type": "Feature", "geometry": {"type": "Polygon", "coordinates": [[[-123.107002847, 45.332080674], [-123.10547991, 45.331706437], [-123.105837795, 45.330944661], [-123.107365741, 45.331365714], [-123.107002847, 45.332080674]]]}, "properties": {"parcel_id": 12189, "vineyard_name": "Shea Vineyard - East Hill", "vineyard_org": "Shea Vineyard", "owner_name": "SHEA VINEYARDS INC", "ava_name": "Willamette Valley", "nested_ava": "Yamhill-Carlton", "nested_nested_ava": null, "acres": 2.733, "parcel_label": "Block 11 West", "source_dataset": "adelsheim", "winery_id": 163}}, {"type": "Feature", "geometry": {"type": "Polygon", "coordinates": [[[-123.10547991, 45.331706437], [-123.105287571, 45.331659173], [-123.104560878, 45.331464524], [-123.104972927, 45.330595501], [-123.105332106, 45.330586172], [-123.105257627, 45.330784785], [-123.105837795, 45.330944661], [-123.10547991, 45.331706437]]]}, "properties": {"parcel_id": 12191, "vineyard_name": "Shea Vineyard - East Hill", "vineyard_org": "Shea Vineyard", "owner_name": "SHEA VINEYARDS INC", "ava_name": "Willamette Valley", "nested_ava": "Yamhill-Carlton", "nested_nested_ava": null, "acres": 1.821, "parcel_label": "Block 11 Middle", "source_dataset": "adelsheim", "winery_id": 163}}, {"type": "Feature", "geometry": {"type": "Polygon", "coordinates": [[[-123.104560878, 45.331464524], [-123.104281426, 45.331389671], [-123.103844231, 45.331144122], [-123.103125556, 45.330970442], [-123.103035692, 45.330945934], [-123.102998839, 45.330633932], [-123.10490379, 45.330597297], [-123.104972927, 45.330595501], [-123.104560878, 45.331464524]]]}, "properties": {"parcel_id": 12192, "vineyard_name": "Shea Vineyard - East Hill", "vineyard_org": "Shea Vineyard", "owner_name": "SHEA VINEYARDS INC", "ava_name": "Willamette Valley", "nested_ava": "Yamhill-Carlton", "nested_nested_ava": null, "acres": 2.235, "parcel_label": "Block 11 East", "source_dataset": "adelsheim", "winery_id": 163}}, {"type": "Feature", "geometry": {"type": "Polygon", "coordinates": [[[-123.105967189, 45.331877007], [-123.106975983, 45.332133599], [-123.106572044, 45.332929417], [-123.105553658, 45.332662834], [-123.105967189, 45.331877007]]]}, "properties": {"parcel_id": 12194, "vineyard_name": "Shea Vineyard - East Hill", "vineyard_org": "Shea Vineyard", "owner_name": "SHEA VINEYARDS INC", "ava_name": "Willamette Valley", "nested_ava": "Yamhill-Carlton", "nested_nested_ava": null, "acres": 1.956, "parcel_label": "Block 9 West", "source_dataset": "adelsheim", "winery_id": 163}}, {"type": "Feature", "geometry": {"type": "Polygon", "coordinates": [[[-123.103055393, 45.331112726], [-123.103161491, 45.331078244], [-123.10373643, 45.331192035], [-123.103975989, 45.331317802], [-123.104215454, 45.33141758], [-123.103803017, 45.332204569], [-123.103798182, 45.332203303], [-123.103559895, 45.332154424], [-123.103513451, 45.332152703], [-123.103352158, 45.331965015], [-123.103139835, 45.33182763], [-123.103055393, 45.331112726]]]}, "properties": {"parcel_id": 12195, "vineyard_name": "Shea Vineyard - East Hill", "vineyard_org": "Shea Vineyard", "owner_name": "SHEA VINEYARDS INC", "ava_name": "Willamette Valley", "nested_ava": "Yamhill-Carlton", "nested_nested_ava": null, "acres": 1.806, "parcel_label": "Block 9 East", "source_dataset": "adelsheim", "winery_id": 163}}, {"type": "Feature", "geometry": {"type": "Polygon", "coordinates": [[[-123.104215454, 45.33141758], [-123.104263459, 45.331437582], [-123.105275594, 45.331701096], [-123.105967189, 45.331877007], [-123.105553658, 45.332662834], [-123.103803017, 45.332204569], [-123.104215454, 45.33141758]]]}, "properties": {"parcel_id": 12196, "vineyard_name": "Shea Vineyard - East Hill", "vineyard_org": "Shea Vineyard", "owner_name": "SHEA VINEYARDS INC", "ava_name": "Willamette Valley", "nested_ava": "Yamhill-Carlton", "nested_nested_ava": null, "acres": 3.354, "parcel_label": "Block 9 Middle", "source_dataset": "adelsheim", "winery_id": 163}}, {"type": "Feature", "geometry": {"type": "Polygon", "coordinates": [[[-123.10521013, 45.333414686], [-123.105090467, 45.333735889], [-123.104879017, 45.334215173], [-123.105012935, 45.334243367], [-123.105012934, 45.33456054], [-123.105045641, 45.334616138], [-123.104977694, 45.33484952], [-123.104561843, 45.334729699], [-123.104019125, 45.334398429], [-123.103865092, 45.33421667], [-123.104373571, 45.333193328], [-123.10521013, 45.333414686]]]}, "properties": {"parcel_id": 12197, "vineyard_name": "Shea Vineyard - East Hill", "vineyard_org": "Shea Vineyard", "owner_name": "SHEA VINEYARDS INC", "ava_name": "Willamette Valley", "nested_ava": "Yamhill-Carlton", "nested_nested_ava": null, "acres": 2.923, "parcel_label": "Block 4 West", "source_dataset": "adelsheim", "winery_id": 163}}, {"type": "Feature", "geometry": {"type": "Polygon", "coordinates": [[[-123.103865092, 45.33421667], [-123.10366671, 45.333982579], [-123.103622686, 45.333829969], [-123.103663764, 45.333804105], [-123.103792072, 45.333529158], [-123.103700424, 45.333168673], [-123.103749303, 45.333028143], [-123.104373571, 45.333193328], [-123.103865092, 45.33421667]]]}, "properties": {"parcel_id": 12198, "vineyard_name": "Shea Vineyard - East Hill", "vineyard_org": "Shea Vineyard", "owner_name": "SHEA VINEYARDS INC", "ava_name": "Willamette Valley", "nested_ava": "Yamhill-Carlton", "nested_nested_ava": null, "acres": 0.981, "parcel_label": "Block 4 East", "source_dataset": "adelsheim", "winery_id": 163}}, {"type": "Feature", "geometry": {"type": "Polygon", "coordinates": [[[-123.1087639, 45.328621628], [-123.108749269, 45.328655157], [-123.108403554, 45.329333784], [-123.106994694, 45.329570428], [-123.107363856, 45.328827628], [-123.107443598, 45.328814416], [-123.1087639, 45.328621628]]]}, "properties": {"parcel_id": 12199, "vineyard_name": "Shea Vineyard - East Hill", "vineyard_org": "Shea Vineyard", "owner_name": "SHEA VINEYARDS INC", "ava_name": "Willamette Valley", "nested_ava": "Yamhill-Carlton", "nested_nested_ava": null, "acres": 2.03, "parcel_label": "Block 19 West", "source_dataset": "adelsheim", "winery_id": 163}}, {"type": "Feature", "geometry": {"type": "Polygon", "coordinates": [[[-123.106994694, 45.329570428], [-123.106764608, 45.329609076], [-123.106732302, 45.329620823], [-123.106733597, 45.329617965], [-123.105762854, 45.329746824], [-123.104963925, 45.329892865], [-123.10475775, 45.32956642], [-123.104942232, 45.329225129], [-123.105419329, 45.329149798], [-123.107363856, 45.328827628], [-123.106994694, 45.329570428]]]}, "properties": {"parcel_id": 12200, "vineyard_name": "Shea Vineyard - East Hill", "vineyard_org": "Shea Vineyard", "owner_name": "SHEA VINEYARDS INC", "ava_name": "Willamette Valley", "nested_ava": "Yamhill-Carlton", "nested_nested_ava": null, "acres": 3.349, "parcel_label": "Block 19 East", "source_dataset": "adelsheim", "winery_id": 163}}, {"type": "Feature", "geometry": {"type": "Polygon", "coordinates": [[[-123.112335103, 45.329134751], [-123.111252503, 45.329205741], [-123.110095842, 45.329250474], [-123.110621305, 45.328209741], [-123.11097011, 45.32815146], [-123.111866747, 45.328405142], [-123.112042705, 45.328378482], [-123.112362627, 45.328447798], [-123.112223994, 45.328730397], [-123.112218662, 45.328821041], [-123.112314638, 45.329023658], [-123.112335103, 45.329134751]]]}, "properties": {"parcel_id": 12201, "vineyard_name": "Shea Vineyard - East Hill", "vineyard_org": "Shea Vineyard", "owner_name": "SHEA VINEYARDS INC", "ava_name": "Willamette Valley", "nested_ava": "Yamhill-Carlton", "nested_nested_ava": null, "acres": 3.801, "parcel_label": "Block 18 West", "source_dataset": "adelsheim", "winery_id": 163}}, {"type": "Feature", "geometry": {"type": "Polygon", "coordinates": [[[-123.110095842, 45.329250474], [-123.110093718, 45.329250556], [-123.108461174, 45.329359392], [-123.108845301, 45.328616745], [-123.108866189, 45.32850302], [-123.1096107, 45.3283786], [-123.110621305, 45.328209741], [-123.110095842, 45.329250474]]]}, "properties": {"parcel_id": 12202, "vineyard_name": "Shea Vineyard - East Hill", "vineyard_org": "Shea Vineyard", "owner_name": "SHEA VINEYARDS INC", "ava_name": "Willamette Valley", "nested_ava": "Yamhill-Carlton", "nested_nested_ava": null, "acres": 3.229, "parcel_label": "Block 18 East", "source_dataset": "adelsheim", "winery_id": 163}}, {"type": "Feature", "geometry": {"type": "Polygon", "coordinates": [[[-123.101891394, 45.335915224], [-123.100275162, 45.335483357], [-123.099696503, 45.335326778], [-123.099250878, 45.335214367], [-123.099625416, 45.334258601], [-123.101384827, 45.334693657], [-123.101422341, 45.334699579], [-123.101421145, 45.334708253], [-123.101486569, 45.335010845], [-123.101519282, 45.335231654], [-123.101715557, 45.335534245], [-123.101891394, 45.335915224]]]}, "properties": {"parcel_id": 12203, "vineyard_name": "Shea Vineyard - Third Hill", "vineyard_org": "Shea Vineyard", "owner_name": "THIRD HILL LLC", "ava_name": "Willamette Valley", "nested_ava": "Yamhill-Carlton", "nested_nested_ava": null, "acres": 4.993, "parcel_label": "Block 2 A", "source_dataset": "adelsheim", "winery_id": 163}}, {"type": "Feature", "geometry": {"type": "Polygon", "coordinates": [[[-123.099250878, 45.335214367], [-123.099033905, 45.335159635], [-123.099033129, 45.335108982], [-123.098771428, 45.334405663], [-123.098787785, 45.33437295], [-123.098926814, 45.334250278], [-123.098983622, 45.334105675], [-123.099512693, 45.334230728], [-123.099625416, 45.334258601], [-123.099250878, 45.335214367]]]}, "properties": {"parcel_id": 12204, "vineyard_name": "Shea Vineyard - Third Hill", "vineyard_org": "Shea Vineyard", "owner_name": "THIRD HILL LLC", "ava_name": "Willamette Valley", "nested_ava": "Yamhill-Carlton", "nested_nested_ava": null, "acres": 1.197, "parcel_label": "Block 2 B", "source_dataset": "adelsheim", "winery_id": 163}}, {"type": "Feature", "geometry": {"type": "Polygon", "coordinates": [[[-123.115339673, 45.338995607], [-123.1150252, 45.338814952], [-123.115854097, 45.337502529], [-123.117044192, 45.337867992], [-123.116354355, 45.338980098], [-123.115339673, 45.338995607]]]}, "properties": {"parcel_id": 12205, "vineyard_name": "Shea Vineyard - West Hill", "vineyard_org": "Shea Vineyard", "owner_name": "SHEA VINEYARDS INC", "ava_name": "Willamette Valley", "nested_ava": "Yamhill-Carlton", "nested_nested_ava": null, "acres": 3.923, "parcel_label": "Block 29", "source_dataset": "adelsheim", "winery_id": 163}}, {"type": "Feature", "geometry": {"type": "Polygon", "coordinates": [[[-123.117044192, 45.337867992], [-123.118360529, 45.338272221], [-123.118614012, 45.33834073], [-123.118952999, 45.3386556], [-123.118644, 45.3389451], [-123.116354355, 45.338980098], [-123.117044192, 45.337867992]]]}, "properties": {"parcel_id": 12206, "vineyard_name": "Shea Vineyard - West Hill", "vineyard_org": "Shea Vineyard", "owner_name": "SHEA VINEYARDS INC", "ava_name": "Willamette Valley", "nested_ava": "Yamhill-Carlton", "nested_nested_ava": null, "acres": 3.918, "parcel_label": "Block 28", "source_dataset": "adelsheim", "winery_id": 163}}, {"type": "Feature", "geometry": {"type": "Polygon", "coordinates": [[[-123.114889718, 45.337194713], [-123.1150252, 45.337206494], [-123.115646873, 45.337423587], [-123.115637005, 45.337472925], [-123.115745551, 45.337502529], [-123.114956124, 45.338755746], [-123.114748898, 45.338449842], [-123.1147489, 45.338351163], [-123.114442996, 45.337926847], [-123.114437764, 45.33792499], [-123.114889718, 45.337194713]]]}, "properties": {"parcel_id": 12208, "vineyard_name": "Shea Vineyard - West Hill", "vineyard_org": "Shea Vineyard", "owner_name": "SHEA VINEYARDS INC", "ava_name": "Willamette Valley", "nested_ava": "Yamhill-Carlton", "nested_nested_ava": null, "acres": 2.265, "parcel_label": "Block 30 West", "source_dataset": "adelsheim", "winery_id": 163}}, {"type": "Feature", "geometry": {"type": "Polygon", "coordinates": [[[-123.112541854, 45.337013952], [-123.112295953, 45.336694279], [-123.113055157, 45.336851035], [-123.112914228, 45.337141623], [-123.112541854, 45.337013952]]]}, "properties": {"parcel_id": 12209, "vineyard_name": "Shea Vineyard - West Hill", "vineyard_org": "Shea Vineyard", "owner_name": "SHEA VINEYARDS INC", "ava_name": "Willamette Valley", "nested_ava": "Yamhill-Carlton", "nested_nested_ava": null, "acres": 0.356, "parcel_label": "Block 30 East", "source_dataset": "adelsheim", "winery_id": 163}}, {"type": "Feature", "geometry": {"type": "Polygon", "coordinates": [[[-123.113055157, 45.336851035], [-123.1131165, 45.336863701], [-123.1131508, 45.3367732], [-123.113170724, 45.33677498], [-123.11369304, 45.336880855], [-123.114166697, 45.337028873], [-123.114354185, 45.337127552], [-123.114571279, 45.337167023], [-123.114889718, 45.337194713], [-123.114437764, 45.33792499], [-123.113831189, 45.337709754], [-123.113712776, 45.337620944], [-123.113623964, 45.337433454], [-123.11318978, 45.337236098], [-123.112914228, 45.337141623], [-123.113055157, 45.336851035]]]}, "properties": {"parcel_id": 12210, "vineyard_name": "Shea Vineyard - West Hill", "vineyard_org": "Shea Vineyard", "owner_name": "SHEA VINEYARDS INC", "ava_name": "Willamette Valley", "nested_ava": "Yamhill-Carlton", "nested_nested_ava": null, "acres": 2.365, "parcel_label": "Block 30 Middle", "source_dataset": "adelsheim", "winery_id": 163}}, {"type": "Feature", "geometry": {"type": "Polygon", "coordinates": [[[-123.118163097, 45.337032491], [-123.118775204, 45.33724574], [-123.118765111, 45.337255834], [-123.118656565, 45.337472926], [-123.118784846, 45.337601208], [-123.118922997, 45.337670282], [-123.119116135, 45.337888614], [-123.1190989, 45.33801], [-123.1186268, 45.3379678], [-123.1184723, 45.3382091], [-123.118522438, 45.338255671], [-123.117204917, 45.337838904], [-123.117468674, 45.337413905], [-123.1175539, 45.337424799], [-123.1179402, 45.337304101], [-123.118163097, 45.337032491]]]}, "properties": {"parcel_id": 12211, "vineyard_name": "Shea Vineyard - West Hill", "vineyard_org": "Shea Vineyard", "owner_name": "SHEA VINEYARDS INC", "ava_name": "Willamette Valley", "nested_ava": "Yamhill-Carlton", "nested_nested_ava": null, "acres": 2.669, "parcel_label": "Block 25", "source_dataset": "adelsheim", "winery_id": 163}}, {"type": "Feature", "geometry": {"type": "Polygon", "coordinates": [[[-123.117204917, 45.337838904], [-123.115923172, 45.337433454], [-123.116495507, 45.336525613], [-123.117595096, 45.336900666], [-123.1172707, 45.3373886], [-123.117468674, 45.337413905], [-123.117204917, 45.337838904]]]}, "properties": {"parcel_id": 12212, "vineyard_name": "Shea Vineyard - West Hill", "vineyard_org": "Shea Vineyard", "owner_name": "SHEA VINEYARDS INC", "ava_name": "Willamette Valley", "nested_ava": "Yamhill-Carlton", "nested_nested_ava": null, "acres": 2.745, "parcel_label": "Block 26", "source_dataset": "adelsheim", "winery_id": 163}}, {"type": "Feature", "geometry": {"type": "Polygon", "coordinates": [[[-123.117148534, 45.335231675], [-123.117082652, 45.335212794], [-123.116885951, 45.334724771], [-123.116966945, 45.334452288], [-123.117076866, 45.334200139], [-123.117198359, 45.333854449], [-123.117259731, 45.333853142], [-123.117444377, 45.334005324], [-123.117542587, 45.334086265], [-123.117588869, 45.334141169], [-123.117593208, 45.334152353], [-123.117606226, 45.334185905], [-123.11764383, 45.334230642], [-123.117724944, 45.334263472], [-123.117148534, 45.335231675]]]}, "properties": {"parcel_id": 12214, "vineyard_name": "Shea Vineyard - West Hill", "vineyard_org": "Shea Vineyard", "owner_name": "SHEA VINEYARDS INC", "ava_name": "Willamette Valley", "nested_ava": "Yamhill-Carlton", "nested_nested_ava": null, "acres": 1.285, "parcel_label": "Block 21 East", "source_dataset": "adelsheim", "winery_id": 163}}, {"type": "Feature", "geometry": {"type": "Polygon", "coordinates": [[[-123.119359907, 45.334322147], [-123.119396788, 45.334322148], [-123.119871187, 45.334403485], [-123.119859616, 45.334745104], [-123.11975548, 45.335017585], [-123.119610845, 45.33505012], [-123.119408358, 45.33511519], [-123.119136449, 45.335310398], [-123.118586841, 45.335643878], [-123.117874892, 45.335439841], [-123.118644162, 45.33425366], [-123.11891082, 45.334267244], [-123.119359907, 45.334322147]]]}, "properties": {"parcel_id": 12215, "vineyard_name": "Shea Vineyard - West Hill", "vineyard_org": "Shea Vineyard", "owner_name": "SHEA VINEYARDS INC", "ava_name": "Willamette Valley", "nested_ava": "Yamhill-Carlton", "nested_nested_ava": null, "acres": 3.594, "parcel_label": "Block 21 West", "source_dataset": "adelsheim", "winery_id": 163}}, {"type": "Feature", "geometry": {"type": "Polygon", "coordinates": [[[-123.117874892, 45.335439841], [-123.117148534, 45.335231675], [-123.117724944, 45.334263472], [-123.117834746, 45.334307912], [-123.117853769, 45.334309371], [-123.117888029, 45.334311998], [-123.117993844, 45.334320114], [-123.118190545, 45.334320113], [-123.118262861, 45.334330282], [-123.118313371, 45.334292907], [-123.118372782, 45.334248943], [-123.11851163, 45.334246909], [-123.118644162, 45.33425366], [-123.117874892, 45.335439841]]]}, "properties": {"parcel_id": 12216, "vineyard_name": "Shea Vineyard - West Hill", "vineyard_org": "Shea Vineyard", "owner_name": "SHEA VINEYARDS INC", "ava_name": "Willamette Valley", "nested_ava": "Yamhill-Carlton", "nested_nested_ava": null, "acres": 1.988, "parcel_label": "Block 21 Middle", "source_dataset": "adelsheim", "winery_id": 163}}]}