{"type":"FeatureCollection","features":[{"type":"Feature","properties":{"ava_id":"yamhill_carlton","name":"Yamhill-Carlton","aka":"Yamhill-Carlton District","created":"2004-11-18","removed":null,"county":"Washington|Yamhill","state":"OR","within":"Willamette Valley","contains":null,"petitioner":"Mr. Ken Wright, of Ken Wright Cellars","cfr_author":"N. A. Sutton","cfr_index":"9.183","cfr_revision_history":"[T.D. TTB-20, 69 FR 71374, Dec. 9, 2004, as amended by T.D. TTB-87, 75 FR 67618, Nov. 3, 2010]","approved_maps":"(1) Gaston Quadrangle, Oregon, 1956, revised 1992; (2) Laurelwood Quadrangle, Oregon, 1956, revised 1992; (3) Dundee Quadrangle, Oregon, 1956, revised 1993; (4) Carlton Quadrangle, Oregon\u2014Yamhill Co., 1957, revised 1992; (5) Fairdale Quadrangle, Oregon-Yamhill Co., 1979; (6) McMinnville Quadrangle, Oregon\u2014Yamhill Co., 1957, revised 1992; (7) Muddy Valley Quadrangle, Oregon\u2014Yamhill Co., 1979, revised 1992; and (8) Turner Creek Quadrangle, Oregon, 1979.","boundary_description":"The Yamhill-Carlton viticultural area is located in Yamhill and Washington Counties, Oregon, and is entirely within the Willamette Valley viticultural area. The Yamhill-Carlton viticultural area is limited to lands at or above 200 feet in elevation and at or below 1,000 feet in elevation within its boundary, which is described as follows\u2014\n\n(1) The point of beginning is on the Gaston map in the village of Gaston at the intersection of Gaston Road East (E. Main Street within Gaston) and the 200-foot elevation line, approximately 225 feet west of State Route 47, section 49, T1S, R4W. From this beginning point, proceed southerly and then southeasterly about 8.15 miles along the meandering 200-foot elevation line (crossing to and from the Laurelwood map in sections 12 and 13, T2S, R4W, and then returning to the Laurelwood map) to the 200-foot elevation line's intersection with Spring Hill Road, section 58, T2S, R3W (Laurelwood Quadrangle); then\n\n(2) Proceed south 1.1 miles on Spring Hill Road, which becomes North Valley Road at Laughlin Road, crossing onto the Dundee map, to the road's intersection with the 200-foot elevation line, section 30, T2S, R3W (Dundee Quadrangle); then\n\n(3) Proceed northerly then southerly for approximately 5 miles along the 200-foot elevation line, crossing over to and back from the Laurelwood map, to the 200-foot elevation line's intersection with State Route 240, section 47, T3S, R3W (Dundee Quadrangle); then\n\n(4) Proceed straight west for 0.2 mile on State Route 240 to its intersection with Kuehne Road at the 207-foot benchmark, section 47, T3S, R3W (Dundee Quadrangle); then\n\n(5) Proceed southerly for about 1.9 miles on Kuehne Road to its intersection with Abbey Road, section 50, T3S, R3W (Dundee Quadrangle); then\n\n(6) Proceed southerly 1.4 miles on Abbey Road to its intersection with the 200-foot elevation line, north of the 174-foot elevation point, section 52, T3S, R3W (Dundee Quadrangle); then\n\n(7) Proceed southwesterly for about 2.1 miles along the meandering 200-foot elevation line to Lafayette Cemetery on the Carlton map in section 1, T4S, R4W, and turning northerly along the 200-foot elevation line, continue along the elevation line for about 6 miles, crossing to and from the Dundee map, to the 200-foot elevation line's intersection with Stag Hollow Road, north of Hendricks Road and 190-foot elevation point, section 24, T3S, R4W (Carlton Quadrangle); then\n\n(8) Continue westerly along the meandering 200-foot elevation line, turning northeasterly as the elevation line passes through the Carlton Lakes State Wildlife Refuge, then westerly as the elevation line crosses Stag Hollow Creek in section 47, T3S, R4W, then southerly as the elevation line crosses the North Yamhill River on the Fairdale map in section 43, T2S, R5W, then, returning to the Carlton map, continue southerly on the 200-foot elevation line to its intersection with Meadow Lake Road near the southwest corner of section 55, T3S, R4W (Carlton Quadrangle);\n\n(9) Continue westerly along the meandering 200-foot elevation line, crossing onto the Fairdale map, to the elevation line's intersection with the 123\u00b017\u203230\u2033 longitude line (north of Panther Creek) in the western extension of section 22, T3S, R5W (Fairdale Quadrangle); then\n\n(10) Proceed 0.2 mile straight south along the 123\u00b017\u203230\u2033 longitude line, crossing Panther Creek, to the line's intersection with the 200-foot elevation line south of the creek in the western extension of section 22, T3S, R5W (Fairdale Quadrangle); then\n\n(11) Proceed easterly and then southeasterly along the meandering 200-foot elevation line, crossing onto the Carlton map, then the McMinnville map, to the elevation line's third intersection with an unnamed light-duty road, southwest of the Henderson Benchmark in section 87, T4S, R4W (McMinnville Quadrangle);\n\n(12) Continue southerly and then westerly along the meandering 200-foot elevation line, crossing onto the Muddy Valley map, to the elevation line's intersection with Baker Creek Road (very near Baker Creek Road's intersection with High Heaven Road) in section 54, T4S, R5W (Muddy Valley Quadrangle); then\n\n(13) Proceed west-southwest for 0.8 mile on Baker Creek Road to its intersection with the 123\u00b017\u203230\u2033 longitude line in Happy Valley, section 54, T4S, R5W (Muddy Valley Quadrangle); then\n\n(14) Proceed straight north 13.4 miles on the 123\u00b017\u203230\u2033 longitude line, passing through the Fairdale map and crossing onto the Turner Creek map, to the longitude line's intersection with the 1,000-foot elevation line in the northwestern quadrant of section 10, T2S, R5W, approximately one mile diagonally northwest of the footbridge in Menefee Park (Turner Creek Quadrangle); then\n\n(15) Proceed easterly and then northerly for 4.1 miles along the meandering 1,000-foot elevation line to its intersection with the Washington-Yamhill County line at northern boundary of section 3, T2S, R5W (also the common T1S/T2S boundary line) (Turner Creek Quadrangle); then\n\n(16) Proceed straight east 3.9 miles along the Washington-Yamhill County line, crossing onto the Gaston map, to the county line's intersection with South Road, just east of Mt. Richmond Road, section 60, T2S, R4W (Gaston Quadrangle); then\n\n(17) Proceed east-northeast for 1.8 miles on South Road to its intersection with the 200-foot elevation line, 0.3 mile west of the Gaging Station, section 34, T1S, R4W (Gaston Quadrangle); then\n\n(18) Proceed easterly 1.9 miles along the 200-foot elevation line and return to the beginning point within the village of Gaston.","used_maps":"(1) Gaston Quadrangle, Oregon, 1956, revised 1992; (2) Laurelwood Quadrangle, Oregon, 1956, revised 1992; (3) Dundee Quadrangle, Oregon, 1956, revised 1993; (4) Carlton Quadrangle, Oregon\u2014Yamhill Co., 1957, revised 1992; (5) Fairdale Quadrangle, Oregon-Yamhill Co., 1979; (6) McMinnville Quadrangle, Oregon\u2014Yamhill Co., 1957, revised 1992; (7) Muddy Valley Quadrangle, Oregon\u2014Yamhill Co., 1979, revised 1992; and (8) Turner Creek Quadrangle, Oregon, 1979.","valid_start":"2010-12-03","valid_end":null,"lcsh":null,"sameas":"Yamhill-Carlton District","ttb_name":"Yamhill-Carlton","cfr_section":"27 CFR 9.183","counties":"Washington, Yamhill","boundary_source":"TTB AVA Map Explorer (AVAs_Production feature service)","boundary_retrieved":"2026-09-30"},"geometry":{"type":"MultiPolygon","coordinates":[[[[-123.294026,45.415753],[-123.294019,45.417694],[-123.292901,45.417591],[-123.292619,45.41764],[-123.292215,45.417771],[-123.291335,45.417862],[-123.290175,45.417766],[-123.289298,45.417807],[-123.288709,45.417913],[-123.287408,45.418439],[-123.287305,45.418374],[-123.287153,45.418043],[-123.286913,45.41715],[-123.286817,45.417041],[-123.286658,45.416999],[-123.286345,45.417116],[-123.285701,45.417601],[-123.284898,45.41792],[-123.284166,45.418397],[-123.284011,45.418457],[-123.283304,45.418278],[-123.282808,45.418024],[-123.282384,45.41788],[-123.281235,45.41772],[-123.28063,45.417583],[-123.280332,45.417608],[-123.28009,45.417801],[-123.279928,45.417854],[-123.278446,45.417838],[-123.27812,45.417885],[-123.277896,45.417958],[-123.277773,45.418048],[-123.277712,45.418145],[-123.277702,45.418234],[-123.277752,45.418372],[-123.278726,45.41941],[-123.278906,45.419667],[-123.279107,45.420083],[-123.279395,45.420555],[-123.279742,45.420989],[-123.279732,45.421098],[-123.279478,45.421576],[-123.279426,45.421852],[-123.279523,45.422259],[-123.279725,45.422541],[-123.279747,45.422632],[-123.279682,45.422675],[-123.279213,45.422775],[-123.278642,45.422731],[-123.278088,45.422606],[-123.277794,45.422585],[-123.277502,45.422658],[-123.277173,45.422935],[-123.277012,45.422986],[-123.276021,45.422679],[-123.275593,45.422264],[-123.275041,45.421871],[-123.274618,45.421703],[-123.27384,45.421597],[-123.273054,45.42121],[-123.272963,45.4211],[-123.272709,45.420505],[-123.27259,45.420353],[-123.272236,45.42009],[-123.271601,45.4198],[-123.270826,45.418977],[-123.270542,45.418777],[-123.270319,45.418678],[-123.270075,45.418643],[-123.269888,45.418657],[-123.269135,45.418868],[-123.268889,45.41889],[-123.268574,45.418853],[-123.267459,45.418607],[-123.267089,45.418592],[-123.266821,45.418672],[-123.26642,45.41889],[-123.26625,45.419043],[-123.266054,45.419302],[-123.26594,45.419666],[-123.266004,45.419989],[-123.266235,45.42023],[-123.266691,45.420439],[-123.266781,45.420512],[-123.266858,45.421059],[-123.266947,45.421306],[-123.267059,45.421488],[-123.267211,45.421657],[-123.26754,45.421873],[-123.267867,45.422242],[-123.268547,45.422659],[-123.268758,45.422983],[-123.269223,45.423401],[-123.269205,45.423498],[-123.268849,45.423809],[-123.268737,45.423953],[-123.268677,45.424166],[-123.268692,45.42447],[-123.268437,45.424765],[-123.268354,45.424969],[-123.268396,45.425195],[-123.26872,45.425795],[-123.268736,45.426105],[-123.268802,45.426254],[-123.268971,45.426356],[-123.269217,45.426378],[-123.27059,45.426048],[-123.270878,45.426025],[-123.270992,45.426078],[-123.270998,45.426209],[-123.270789,45.426786],[-123.270708,45.427129],[-123.270645,45.427855],[-123.270685,45.428164],[-123.270923,45.428487],[-123.271219,45.428664],[-123.2715,45.428759],[-123.272543,45.428871],[-123.272992,45.429138],[-123.273468,45.42931],[-123.273967,45.429399],[-123.274643,45.429448],[-123.275391,45.429753],[-123.2757,45.429808],[-123.275964,45.429809],[-123.276224,45.429745],[-123.27659,45.429578],[-123.279475,45.427877],[-123.279601,45.427819],[-123.279705,45.42783],[-123.279978,45.428115],[-123.280655,45.42843],[-123.280721,45.428503],[-123.28061,45.428827],[-123.280603,45.429094],[-123.280654,45.429279],[-123.280829,45.429649],[-123.280555,45.430116],[-123.280502,45.43077],[-123.280274,45.431602],[-123.28029,45.431951],[-123.28045,45.432233],[-123.280642,45.432413],[-123.280957,45.432621],[-123.281461,45.432791],[-123.282046,45.432876],[-123.282522,45.433177],[-123.282841,45.433304],[-123.283261,45.433372],[-123.283928,45.43336],[-123.284029,45.433437],[-123.284271,45.433762],[-123.284225,45.433838],[-123.258835,45.433796],[-123.237015,45.433807],[-123.189177,45.433637],[-123.186778,45.434344],[-123.186194,45.434591],[-123.185881,45.434766],[-123.185176,45.435037],[-123.183112,45.435721],[-123.182871,45.43578],[-123.182057,45.435744],[-123.181143,45.435812],[-123.178112,45.436377],[-123.177864,45.436355],[-123.177682,45.436282],[-123.177097,45.43586],[-123.176812,45.435706],[-123.176613,45.43564],[-123.176141,45.435562],[-123.175146,45.435508],[-123.174913,45.435447],[-123.174724,45.435451],[-123.174388,45.435491],[-123.174076,45.435583],[-123.173731,45.435554],[-123.173223,45.435778],[-123.172808,45.435853],[-123.172345,45.435878],[-123.172111,45.435829],[-123.171905,45.435662],[-123.171699,45.435604],[-123.171459,45.435797],[-123.171341,45.435843],[-123.170884,45.435872],[-123.170545,45.435846],[-123.169708,45.435926],[-123.169165,45.436083],[-123.168889,45.436095],[-123.168375,45.436009],[-123.167766,45.435718],[-123.167284,45.435603],[-123.166631,45.435355],[-123.1663,45.43532],[-123.165854,45.435209],[-123.1655,45.435337],[-123.164837,45.435427],[-123.164261,45.435584],[-123.16388,45.436015],[-123.163488,45.436262],[-123.163176,45.436701],[-123.163127,45.436817],[-123.163129,45.437068],[-123.163034,45.437366],[-123.162943,45.437399],[-123.162676,45.437385],[-123.162521,45.437434],[-123.162207,45.437705],[-123.16187,45.437907],[-123.161674,45.43786],[-123.161383,45.4376],[-123.161253,45.437528],[-123.160964,45.437432],[-123.160509,45.437374],[-123.160397,45.437315],[-123.16038,45.437255],[-123.160421,45.437177],[-123.160866,45.436813],[-123.160905,45.436725],[-123.160853,45.436691],[-123.159875,45.436874],[-123.159769,45.436964],[-123.159608,45.437193],[-123.159486,45.437504],[-123.159395,45.437556],[-123.15924,45.437579],[-123.15892,45.437509],[-123.158544,45.437239],[-123.158394,45.437182],[-123.157922,45.437201],[-123.156635,45.43703],[-123.156369,45.437039],[-123.15611,45.436984],[-123.155813,45.437015],[-123.155181,45.436926],[-123.154567,45.437011],[-123.153704,45.437027],[-123.152352,45.437237],[-123.152136,45.437214],[-123.151491,45.437029],[-123.150747,45.436998],[-123.150401,45.437054],[-123.150062,45.436968],[-123.149248,45.437108],[-123.148797,45.437128],[-123.148096,45.437331],[-123.147559,45.437185],[-123.147116,45.437314],[-123.146605,45.437308],[-123.146227,45.437141],[-123.145727,45.437063],[-123.145305,45.437054],[-123.144367,45.4372],[-123.144019,45.437374],[-123.143483,45.437474],[-123.143342,45.43756],[-123.143187,45.437795],[-123.142927,45.437936],[-123.141661,45.438278],[-123.141302,45.438307],[-123.140696,45.438256],[-123.140624,45.438031],[-123.140554,45.437597],[-123.140437,45.43742],[-123.140203,45.436743],[-123.140113,45.436587],[-123.140104,45.436348],[-123.139948,45.43586],[-123.139959,45.435577],[-123.139795,45.434649],[-123.139932,45.433873],[-123.140287,45.433239],[-123.140642,45.432928],[-123.141088,45.432814],[-123.141359,45.432504],[-123.141845,45.432379],[-123.141915,45.432307],[-123.141981,45.432141],[-123.142107,45.432068],[-123.143539,45.431755],[-123.144291,45.431734],[-123.144608,45.431636],[-123.144902,45.431487],[-123.145105,45.431432],[-123.145552,45.43139],[-123.145619,45.431324],[-123.145525,45.431229],[-123.145546,45.4311],[-123.145422,45.43082],[-123.145249,45.43072],[-123.145028,45.430666],[-123.144529,45.430723],[-123.144217,45.430912],[-123.143979,45.430775],[-123.143787,45.430746],[-123.143132,45.430854],[-123.142778,45.430879],[-123.142522,45.430854],[-123.142109,45.430998],[-123.141649,45.431047],[-123.140998,45.431059],[-123.140399,45.431003],[-123.139845,45.43111],[-123.139661,45.431065],[-123.139502,45.430972],[-123.139403,45.430726],[-123.139415,45.430378],[-123.139475,45.429887],[-123.139561,45.429504],[-123.139652,45.429278],[-123.139707,45.428901],[-123.139632,45.427764],[-123.139779,45.427216],[-123.139983,45.426032],[-123.140267,45.42554],[-123.140333,45.42536],[-123.140356,45.425048],[-123.140301,45.42472],[-123.140236,45.42461],[-123.140119,45.424519],[-123.139676,45.424313],[-123.13942,45.424036],[-123.139166,45.423956],[-123.138754,45.423949],[-123.138567,45.423892],[-123.13825,45.423514],[-123.138061,45.423431],[-123.137741,45.423367],[-123.13762,45.423259],[-123.137493,45.42302],[-123.136966,45.422789],[-123.13685,45.422699],[-123.136673,45.422415],[-123.136581,45.421987],[-123.136256,45.421493],[-123.136164,45.421278],[-123.13591,45.420474],[-123.135822,45.419988],[-123.135834,45.419829],[-123.135901,45.419688],[-123.136104,45.419429],[-123.136799,45.418911],[-123.137019,45.418705],[-123.137848,45.418362],[-123.138404,45.417872],[-123.138662,45.417742],[-123.139059,45.417632],[-123.139575,45.417607],[-123.139844,45.417556],[-123.140797,45.417121],[-123.140978,45.417083],[-123.141499,45.417154],[-123.142201,45.417367],[-123.142427,45.41737],[-123.143096,45.417278],[-123.143878,45.417432],[-123.144321,45.417558],[-123.144992,45.41749],[-123.145345,45.417374],[-123.145772,45.417295],[-123.14639,45.416946],[-123.146607,45.416459],[-123.146574,45.416391],[-123.146343,45.416303],[-123.146396,45.416155],[-123.146346,45.416138],[-123.146229,45.416188],[-123.145965,45.4161],[-123.145247,45.416044],[-123.144913,45.416064],[-123.144541,45.416171],[-123.144237,45.416037],[-123.143374,45.415781],[-123.143127,45.415746],[-123.142786,45.415759],[-123.142671,45.415724],[-123.142605,45.415613],[-123.142611,45.415371],[-123.142575,45.415256],[-123.142454,45.415129],[-123.142135,45.414914],[-123.142091,45.414785],[-123.142195,45.4146],[-123.142909,45.414016],[-123.142964,45.413916],[-123.142958,45.413822],[-123.142902,45.413747],[-123.142552,45.413529],[-123.14241,45.4134],[-123.142136,45.413284],[-123.141658,45.412968],[-123.141539,45.412617],[-123.141492,45.412648],[-123.141388,45.412883],[-123.141137,45.413056],[-123.14103,45.413366],[-123.140908,45.413499],[-123.140358,45.413811],[-123.140208,45.413821],[-123.139921,45.413765],[-123.139807,45.4138],[-123.139785,45.413872],[-123.139834,45.414187],[-123.139816,45.414347],[-123.13961,45.414653],[-123.139394,45.414833],[-123.1392,45.414875],[-123.138897,45.414868],[-123.138598,45.414834],[-123.13824,45.41473],[-123.137651,45.41493],[-123.137505,45.414905],[-123.137281,45.414786],[-123.13713,45.414764],[-123.136691,45.414842],[-123.136349,45.41485],[-123.135926,45.414964],[-123.13568,45.414857],[-123.135552,45.414948],[-123.135358,45.415292],[-123.135209,45.415464],[-123.134985,45.415608],[-123.134675,45.415704],[-123.134422,45.415663],[-123.134039,45.415463],[-123.133894,45.415423],[-123.133386,45.415389],[-123.133116,45.415325],[-123.132867,45.41534],[-123.132558,45.415264],[-123.131254,45.415224],[-123.130948,45.415034],[-123.130633,45.414954],[-123.129565,45.414418],[-123.129105,45.414133],[-123.128675,45.413955],[-123.128145,45.413586],[-123.127657,45.412959],[-123.127014,45.411933],[-123.126982,45.411759],[-123.127023,45.411483],[-123.126782,45.411287],[-123.126579,45.410858],[-123.125589,45.409911],[-123.125559,45.409804],[-123.125569,45.409583],[-123.125443,45.409363],[-123.12536,45.409012],[-123.125387,45.408939],[-123.125541,45.408831],[-123.125573,45.408767],[-123.125315,45.408513],[-123.125267,45.408394],[-123.125365,45.408],[-123.125231,45.407956],[-123.124701,45.408024],[-123.124507,45.407981],[-123.124394,45.407896],[-123.124279,45.407634],[-123.124194,45.406534],[-123.124048,45.406292],[-123.123655,45.405843],[-123.123557,45.405635],[-123.123505,45.405374],[-123.123514,45.405175],[-123.123616,45.40505],[-123.124309,45.404935],[-123.124264,45.404825],[-123.123906,45.404329],[-123.123584,45.404032],[-123.123447,45.403632],[-123.123587,45.402583],[-123.123633,45.402505],[-123.123619,45.402359],[-123.123995,45.401921],[-123.124083,45.401256],[-123.124127,45.401144],[-123.124276,45.40097],[-123.125292,45.400249],[-123.126478,45.399112],[-123.127198,45.39852],[-123.127318,45.398327],[-123.1273,45.398162],[-123.126944,45.398069],[-123.126431,45.398438],[-123.126018,45.398567],[-123.125808,45.3987],[-123.125598,45.398668],[-123.125432,45.398708],[-123.12428,45.399293],[-123.123992,45.399535],[-123.123642,45.399702],[-123.123231,45.400102],[-123.121836,45.400774],[-123.121533,45.400967],[-123.120548,45.401825],[-123.12046,45.40198],[-123.120413,45.402208],[-123.120049,45.402217],[-123.119936,45.402306],[-123.119727,45.402563],[-123.119561,45.402656],[-123.119345,45.40269],[-123.118636,45.402674],[-123.118017,45.40244],[-123.116933,45.402127],[-123.116444,45.401867],[-123.116076,45.401582],[-123.115491,45.401313],[-123.115096,45.401053],[-123.115012,45.400932],[-123.115001,45.400625],[-123.114945,45.40054],[-123.114803,45.400509],[-123.114423,45.40053],[-123.114183,45.400456],[-123.112565,45.399374],[-123.112133,45.398905],[-123.111939,45.398476],[-123.111632,45.398132],[-123.11084,45.397591],[-123.110336,45.397397],[-123.110155,45.39727],[-123.11004,45.397115],[-123.110026,45.396975],[-123.110067,45.396839],[-123.109958,45.396808],[-123.109859,45.396718],[-123.109526,45.396535],[-123.108988,45.395882],[-123.108705,45.395655],[-123.108465,45.395534],[-123.107487,45.395236],[-123.107154,45.395038],[-123.106732,45.394955],[-123.106466,45.39474],[-123.10628,45.394339],[-123.105858,45.393832],[-123.105712,45.393698],[-123.105407,45.393522],[-123.105023,45.393074],[-123.104916,45.392741],[-123.104453,45.391928],[-123.104356,45.391628],[-123.104237,45.391497],[-123.103919,45.39129],[-123.103696,45.390841],[-123.103669,45.390628],[-123.103714,45.390181],[-123.103523,45.389671],[-123.103509,45.388994],[-123.103448,45.38889],[-123.103158,45.388609],[-123.102881,45.388109],[-123.102628,45.387283],[-123.10259,45.386841],[-123.102659,45.38659],[-123.10237,45.386413],[-123.102281,45.386256],[-123.10226,45.38589],[-123.102155,45.385514],[-123.102157,45.384835],[-123.102093,45.38467],[-123.101874,45.384387],[-123.101832,45.384249],[-123.101864,45.384128],[-123.10203,45.383898],[-123.102087,45.383683],[-123.102094,45.382829],[-123.102049,45.382678],[-123.102055,45.382558],[-123.101897,45.382537],[-123.101699,45.382364],[-123.101524,45.38238],[-123.101029,45.382603],[-123.100874,45.382748],[-123.100731,45.382995],[-123.100641,45.383022],[-123.100279,45.382778],[-123.100064,45.382236],[-123.099974,45.38214],[-123.099696,45.381979],[-123.099706,45.38205],[-123.09997,45.382345],[-123.100054,45.382669],[-123.100037,45.382856],[-123.100177,45.383081],[-123.100069,45.383184],[-123.099941,45.383241],[-123.09934,45.383311],[-123.099048,45.383298],[-123.098418,45.383403],[-123.098191,45.38356],[-123.098005,45.383923],[-123.097876,45.384049],[-123.097783,45.384043],[-123.097507,45.383871],[-123.097263,45.383849],[-123.097039,45.383898],[-123.096579,45.384163],[-123.096371,45.384365],[-123.096261,45.384528],[-123.096266,45.385176],[-123.096118,45.385486],[-123.096262,45.385754],[-123.096198,45.386072],[-123.096217,45.386223],[-123.096443,45.386525],[-123.09661,45.386916],[-123.096575,45.387078],[-123.096362,45.387269],[-123.094961,45.381845],[-123.094931,45.381548],[-123.095015,45.381173],[-123.095145,45.380819],[-123.095432,45.380283],[-123.09598,45.379385],[-123.096238,45.379034],[-123.09657,45.378711],[-123.096953,45.378423],[-123.09727,45.37826],[-123.097376,45.37815],[-123.098731,45.377172],[-123.099197,45.376687],[-123.09954,45.376138],[-123.09975,45.375555],[-123.099999,45.374401],[-123.100161,45.373428],[-123.100297,45.37304],[-123.100407,45.372236],[-123.100819,45.370768],[-123.100859,45.371263],[-123.100598,45.37171],[-123.100447,45.37254],[-123.100504,45.372788],[-123.100572,45.37292],[-123.101078,45.373308],[-123.100868,45.373457],[-123.100761,45.373647],[-123.100439,45.374059],[-123.100357,45.374327],[-123.100198,45.374652],[-123.10021,45.374826],[-123.100317,45.375013],[-123.100507,45.375128],[-123.100853,45.375137],[-123.101431,45.375224],[-123.101577,45.375283],[-123.101667,45.37538],[-123.10175,45.375658],[-123.101613,45.376025],[-123.1016,45.376523],[-123.101641,45.376756],[-123.10184,45.376992],[-123.102059,45.377372],[-123.102169,45.377411],[-123.102408,45.37739],[-123.102608,45.377416],[-123.102729,45.377465],[-123.1028,45.377536],[-123.102828,45.377724],[-123.102916,45.377884],[-123.102811,45.378255],[-123.102996,45.37875],[-123.103156,45.379717],[-123.103242,45.379699],[-123.103525,45.379361],[-123.103914,45.379031],[-123.104448,45.378409],[-123.104877,45.37803],[-123.1051,45.377748],[-123.105367,45.377592],[-123.106013,45.377105],[-123.106343,45.376697],[-123.106446,45.376513],[-123.106461,45.376389],[-123.106395,45.376252],[-123.106177,45.376112],[-123.106133,45.376045],[-123.106174,45.37569],[-123.10611,45.375441],[-123.106152,45.375109],[-123.106125,45.374817],[-123.106172,45.374733],[-123.106336,45.374621],[-123.106497,45.374351],[-123.106679,45.373797],[-123.106889,45.373773],[-123.107167,45.373894],[-123.107229,45.373835],[-123.107305,45.37322],[-123.107281,45.372037],[-123.107161,45.371631],[-123.106934,45.371436],[-123.106879,45.37134],[-123.106946,45.370802],[-123.106689,45.370456],[-123.106649,45.370348],[-123.106774,45.369988],[-123.106766,45.369868],[-123.106658,45.369787],[-123.106219,45.369684],[-123.105974,45.369543],[-123.105704,45.369202],[-123.10525,45.368746],[-123.105104,45.368527],[-123.104881,45.368003],[-123.104746,45.367508],[-123.104753,45.367373],[-123.104926,45.366935],[-123.104965,45.366467],[-123.105017,45.366266],[-123.10514,45.366095],[-123.105203,45.365903],[-123.105297,45.365762],[-123.105675,45.365541],[-123.105794,45.365421],[-123.105486,45.365385],[-123.104919,45.36541],[-123.104571,45.365185],[-123.1043,45.364821],[-123.104273,45.36456],[-123.104122,45.364144],[-123.104092,45.363867],[-123.104156,45.363666],[-123.104717,45.363078],[-123.105049,45.362903],[-123.1053,45.362696],[-123.105547,45.36263],[-123.105589,45.362584],[-123.10559,45.362512],[-123.105513,45.362371],[-123.105112,45.361914],[-123.104982,45.361819],[-123.104706,45.361703],[-123.104473,45.361458],[-123.104282,45.361155],[-123.104202,45.360851],[-123.103987,45.360691],[-123.103925,45.360604],[-123.103888,45.360472],[-123.103882,45.360172],[-123.103599,45.359951],[-123.103619,45.359753],[-123.103479,45.359403],[-123.10347,45.359228],[-123.103571,45.359009],[-123.103787,45.358851],[-123.1038,45.358742],[-123.10373,45.358606],[-123.103447,45.358257],[-123.103348,45.357888],[-123.10313,45.357627],[-123.102992,45.357253],[-123.103018,45.357152],[-123.103185,45.35699],[-123.103221,45.356837],[-123.103169,45.356603],[-123.103028,45.356329],[-123.10299,45.356175],[-123.103014,45.356036],[-123.103172,45.35582],[-123.103146,45.355396],[-123.103093,45.355154],[-123.103172,45.354804],[-123.103097,45.354463],[-123.10267,45.353962],[-123.102332,45.353757],[-123.102216,45.353643],[-123.102189,45.35351],[-123.102281,45.353274],[-123.102279,45.353154],[-123.101936,45.35239],[-123.101336,45.351717],[-123.101282,45.351535],[-123.101285,45.351211],[-123.100981,45.350981],[-123.100975,45.350866],[-123.101058,45.350636],[-123.101041,45.350543],[-123.100718,45.350259],[-123.100526,45.349989],[-123.10024,45.349878],[-123.100069,45.3497],[-123.099987,45.349515],[-123.099975,45.349178],[-123.099757,45.348683],[-123.099612,45.348555],[-123.099187,45.348501],[-123.098956,45.348419],[-123.098676,45.348071],[-123.098526,45.347639],[-123.098702,45.347137],[-123.098657,45.346939],[-123.097954,45.345782],[-123.097547,45.34551],[-123.097368,45.345274],[-123.09716,45.345101],[-123.097086,45.344994],[-123.097046,45.34472],[-123.097131,45.344145],[-123.097097,45.343744],[-123.096773,45.342891],[-123.096591,45.342543],[-123.096535,45.342194],[-123.095818,45.341144],[-123.095676,45.34073],[-123.095488,45.340396],[-123.095346,45.339999],[-123.094866,45.33912],[-123.094829,45.338821],[-123.094489,45.338479],[-123.094334,45.338141],[-123.094129,45.337846],[-123.094108,45.337724],[-123.094224,45.337515],[-123.094218,45.337445],[-123.093891,45.337349],[-123.093685,45.337207],[-123.092802,45.335986],[-123.092478,45.335709],[-123.091422,45.334592],[-123.09023,45.333424],[-123.089833,45.333083],[-123.088618,45.331843],[-123.088461,45.331722],[-123.087974,45.33147],[-123.087409,45.331082],[-123.087097,45.330992],[-123.0868,45.330957],[-123.086662,45.330892],[-123.08643,45.330663],[-123.086517,45.330419],[-123.086473,45.330307],[-123.085394,45.329581],[-123.085143,45.329306],[-123.084773,45.328993],[-123.084506,45.328827],[-123.084045,45.328639],[-123.083483,45.328275],[-123.08288,45.327788],[-123.081143,45.326762],[-123.080819,45.32651],[-123.080769,45.32639],[-123.080799,45.326262],[-123.080927,45.326129],[-123.08161,45.325863],[-123.082715,45.32565],[-123.083669,45.325675],[-123.084338,45.325612],[-123.084559,45.325543],[-123.085131,45.325233],[-123.085852,45.324784],[-123.085975,45.32414],[-123.08629,45.323667],[-123.086434,45.323576],[-123.086901,45.3234],[-123.087075,45.323181],[-123.087473,45.323045],[-123.087726,45.322794],[-123.088315,45.321872],[-123.088537,45.321661],[-123.088744,45.321362],[-123.088874,45.321078],[-123.088836,45.320721],[-123.088475,45.32059],[-123.090817,45.320606],[-123.091076,45.320504],[-123.091326,45.320288],[-123.091397,45.320078],[-123.091342,45.31971],[-123.089242,45.312103],[-123.089219,45.311735],[-123.089294,45.311482],[-123.089444,45.31125],[-123.090817,45.309551],[-123.094328,45.305416],[-123.094827,45.304954],[-123.099508,45.301051],[-123.099908,45.300666],[-123.100257,45.300124],[-123.101212,45.298369],[-123.102363,45.296144],[-123.102372,45.295886],[-123.10222,45.295626],[-123.098101,45.290385],[-123.097896,45.290061],[-123.097793,45.289744],[-123.097477,45.284983],[-123.097424,45.283581],[-123.097449,45.283173],[-123.098142,45.279535],[-123.09819,45.278953],[-123.098177,45.276267],[-123.098285,45.276032],[-123.098634,45.275738],[-123.099235,45.275324],[-123.099402,45.275163],[-123.09965,45.274834],[-123.099982,45.27458],[-123.100226,45.274487],[-123.100913,45.27433],[-123.101523,45.274101],[-123.101697,45.274081],[-123.101985,45.274113],[-123.102087,45.274079],[-123.102622,45.273392],[-123.102651,45.273285],[-123.102642,45.272976],[-123.102841,45.272658],[-123.103137,45.2723],[-123.103572,45.271917],[-123.103762,45.27182],[-123.104367,45.271681],[-123.104999,45.271684],[-123.105627,45.271576],[-123.106638,45.27147],[-123.106761,45.27141],[-123.10692,45.271168],[-123.107058,45.271045],[-123.107418,45.270894],[-123.107695,45.270834],[-123.108037,45.270844],[-123.108713,45.271007],[-123.109351,45.270913],[-123.10963,45.270966],[-123.10986,45.270967],[-123.110547,45.270823],[-123.111233,45.270769],[-123.111268,45.270661],[-123.11114,45.270292],[-123.11113,45.270043],[-123.111212,45.269689],[-123.111381,45.269407],[-123.111532,45.269295],[-123.112264,45.268921],[-123.112442,45.268566],[-123.112611,45.268417],[-123.11279,45.268369],[-123.113562,45.268321],[-123.113702,45.268278],[-123.113768,45.26822],[-123.113765,45.268127],[-123.113478,45.267603],[-123.113376,45.267292],[-123.113378,45.26711],[-123.113498,45.266897],[-123.113766,45.266717],[-123.113831,45.266636],[-123.113969,45.265989],[-123.114238,45.265562],[-123.114219,45.265133],[-123.114263,45.264962],[-123.114549,45.264697],[-123.114843,45.264311],[-123.115021,45.264207],[-123.11557,45.264041],[-123.115863,45.264004],[-123.116367,45.26404],[-123.117144,45.263784],[-123.117368,45.263748],[-123.117889,45.263819],[-123.118307,45.263966],[-123.118534,45.264142],[-123.118649,45.264168],[-123.118983,45.263962],[-123.119014,45.263878],[-123.11901,45.263599],[-123.119121,45.263438],[-123.11934,45.263404],[-123.119928,45.263483],[-123.120071,45.263463],[-123.120085,45.26337],[-123.119784,45.262985],[-123.119698,45.262788],[-123.119616,45.262243],[-123.119761,45.261963],[-123.12001,45.261776],[-123.120686,45.261671],[-123.121037,45.261425],[-123.121607,45.261304],[-123.121987,45.261042],[-123.12264,45.260827],[-123.122695,45.260691],[-123.122542,45.260275],[-123.122549,45.260115],[-123.122668,45.259973],[-123.123025,45.259794],[-123.123073,45.259691],[-123.123111,45.259425],[-123.123211,45.259297],[-123.123545,45.259234],[-123.124284,45.259309],[-123.124371,45.259287],[-123.124382,45.259199],[-123.124257,45.258715],[-123.124271,45.258422],[-123.124358,45.258264],[-123.124494,45.258143],[-123.12495,45.257975],[-123.1251,45.257866],[-123.125129,45.257759],[-123.125117,45.257016],[-123.125178,45.256827],[-123.125268,45.256718],[-123.125421,45.256623],[-123.125638,45.256549],[-123.12645,45.256424],[-123.126612,45.25594],[-123.126915,45.255601],[-123.12786,45.254978],[-123.128778,45.254537],[-123.129631,45.254364],[-123.130023,45.254334],[-123.130545,45.254405],[-123.13091,45.254584],[-123.13129,45.254881],[-123.131496,45.255186],[-123.131553,45.255442],[-123.131478,45.255768],[-123.131139,45.256275],[-123.130769,45.256599],[-123.13039,45.256831],[-123.130276,45.25694],[-123.130045,45.25725],[-123.129949,45.257589],[-123.129799,45.25783],[-123.129506,45.258099],[-123.128963,45.258515],[-123.128896,45.258633],[-123.128951,45.258759],[-123.129359,45.259122],[-123.129608,45.259409],[-123.130092,45.259674],[-123.130245,45.259796],[-123.130509,45.260097],[-123.130667,45.260415],[-123.130787,45.260458],[-123.131261,45.260481],[-123.131355,45.260532],[-123.131415,45.260629],[-123.131415,45.260748],[-123.131362,45.260872],[-123.131099,45.261161],[-123.131048,45.261277],[-123.131269,45.262074],[-123.131313,45.262402],[-123.131285,45.262753],[-123.131151,45.263083],[-123.131134,45.26323],[-123.131332,45.263643],[-123.131382,45.263909],[-123.131289,45.264609],[-123.131055,45.265183],[-123.131027,45.265339],[-123.131103,45.26574],[-123.131335,45.266564],[-123.131401,45.267744],[-123.131376,45.268484],[-123.131305,45.268755],[-123.131048,45.269284],[-123.130884,45.269755],[-123.130537,45.271439],[-123.130239,45.272138],[-123.129897,45.272471],[-123.12961,45.272619],[-123.129321,45.272689],[-123.12852,45.272734],[-123.128374,45.272805],[-123.128338,45.272899],[-123.128391,45.273025],[-123.128716,45.273444],[-123.128887,45.274078],[-123.129328,45.274686],[-123.12967,45.275083],[-123.130443,45.275623],[-123.130776,45.275992],[-123.130891,45.27624],[-123.130901,45.276572],[-123.130797,45.276865],[-123.130564,45.277152],[-123.130263,45.277341],[-123.129958,45.277432],[-123.12908,45.277504],[-123.128477,45.27738],[-123.127952,45.277391],[-123.127595,45.277157],[-123.127507,45.277132],[-123.127732,45.277463],[-123.127726,45.277554],[-123.127638,45.277739],[-123.127403,45.277948],[-123.12718,45.278215],[-123.126666,45.278555],[-123.126365,45.278941],[-123.126054,45.279466],[-123.126044,45.279876],[-123.125972,45.280151],[-123.125873,45.280349],[-123.125549,45.280795],[-123.125243,45.281332],[-123.124996,45.281641],[-123.124776,45.28184],[-123.124667,45.282088],[-123.124136,45.282424],[-123.124003,45.282905],[-123.123852,45.283115],[-123.123503,45.283296],[-123.1229,45.283429],[-123.122159,45.283737],[-123.121583,45.28384],[-123.120803,45.28392],[-123.120482,45.284059],[-123.119674,45.284325],[-123.11929,45.284492],[-123.119241,45.284556],[-123.119304,45.284622],[-123.119819,45.284856],[-123.120376,45.285001],[-123.121473,45.285093],[-123.12197,45.285207],[-123.122443,45.285377],[-123.123088,45.285407],[-123.123401,45.285467],[-123.123915,45.285719],[-123.124676,45.285986],[-123.124777,45.28609],[-123.124918,45.286384],[-123.125107,45.286511],[-123.12569,45.28671],[-123.125931,45.286738],[-123.126213,45.286706],[-123.126396,45.286768],[-123.12649,45.286751],[-123.126531,45.286709],[-123.126518,45.286521],[-123.126453,45.286455],[-123.126225,45.286381],[-123.126188,45.286322],[-123.126197,45.28626],[-123.126615,45.286061],[-123.126887,45.285757],[-123.127375,45.285099],[-123.127744,45.284817],[-123.128146,45.284692],[-123.128821,45.284658],[-123.129272,45.284705],[-123.129802,45.284885],[-123.130239,45.285154],[-123.130705,45.28571],[-123.130984,45.286195],[-123.131114,45.286568],[-123.131194,45.28696],[-123.131203,45.287301],[-123.131116,45.287625],[-123.130857,45.28805],[-123.130792,45.288233],[-123.130791,45.288341],[-123.130865,45.288442],[-123.131204,45.288665],[-123.131656,45.288704],[-123.132121,45.288598],[-123.132563,45.288335],[-123.13285,45.288232],[-123.133968,45.28805],[-123.134434,45.288073],[-123.134688,45.288162],[-123.134994,45.28833],[-123.135104,45.288452],[-123.135153,45.288651],[-123.135132,45.288887],[-123.135008,45.289414],[-123.134944,45.290152],[-123.135055,45.290378],[-123.135145,45.290741],[-123.13529,45.29105],[-123.13542,45.291112],[-123.136194,45.291265],[-123.13685,45.291505],[-123.13728,45.291728],[-123.139081,45.292854],[-123.139481,45.293203],[-123.139724,45.293474],[-123.140821,45.294507],[-123.141346,45.294925],[-123.141494,45.295146],[-123.141538,45.295395],[-123.141436,45.295883],[-123.14131,45.296242],[-123.140591,45.297798],[-123.140277,45.298288],[-123.139959,45.298636],[-123.139627,45.29885],[-123.139109,45.299026],[-123.13874,45.299315],[-123.138496,45.299445],[-123.137459,45.299842],[-123.136845,45.300136],[-123.136239,45.300337],[-123.135782,45.300393],[-123.134638,45.300393],[-123.133415,45.300223],[-123.133167,45.300281],[-123.132892,45.30043],[-123.132552,45.300443],[-123.131653,45.30032],[-123.131235,45.300309],[-123.130002,45.300128],[-123.127269,45.299482],[-123.12677,45.299438],[-123.126495,45.299491],[-123.128107,45.299956],[-123.129939,45.300351],[-123.131151,45.300561],[-123.131484,45.300727],[-123.132,45.300841],[-123.13208,45.300903],[-123.132103,45.300997],[-123.132061,45.301077],[-123.131882,45.301205],[-123.131796,45.301315],[-123.131779,45.301438],[-123.131845,45.301566],[-123.132327,45.301892],[-123.132577,45.301981],[-123.13299,45.302062],[-123.13318,45.302263],[-123.134033,45.302232],[-123.134734,45.302402],[-123.136327,45.302457],[-123.137468,45.302632],[-123.138021,45.302773],[-123.138551,45.303119],[-123.138689,45.303176],[-123.139465,45.303121],[-123.140218,45.303157],[-123.141727,45.303459],[-123.142688,45.303771],[-123.14294,45.303815],[-123.143095,45.303803],[-123.143369,45.303693],[-123.143964,45.303207],[-123.144241,45.303052],[-123.144929,45.302504],[-123.145586,45.302156],[-123.145916,45.302051],[-123.146636,45.301939],[-123.146923,45.301952],[-123.147229,45.301873],[-123.147435,45.30186],[-123.147645,45.301766],[-123.147878,45.301811],[-123.14828,45.301578],[-123.148493,45.301716],[-123.148728,45.301738],[-123.148949,45.301826],[-123.149334,45.301899],[-123.149888,45.301836],[-123.150164,45.301753],[-123.150554,45.3018],[-123.150924,45.301908],[-123.151264,45.30211],[-123.151412,45.302359],[-123.15145,45.302515],[-123.151442,45.302675],[-123.151313,45.303015],[-123.151163,45.303144],[-123.150943,45.30323],[-123.150116,45.30327],[-123.149907,45.303377],[-123.149739,45.303519],[-123.149691,45.303608],[-123.14955,45.304456],[-123.149394,45.304744],[-123.149161,45.305025],[-123.148655,45.305354],[-123.148239,45.305694],[-123.147792,45.306183],[-123.147761,45.306311],[-123.147774,45.306444],[-123.147959,45.306524],[-123.14833,45.306552],[-123.148795,45.306564],[-123.149043,45.306516],[-123.149454,45.306525],[-123.150105,45.30678],[-123.150442,45.306835],[-123.15088,45.306659],[-123.151409,45.306196],[-123.151813,45.305981],[-123.152301,45.305886],[-123.152485,45.305913],[-123.152664,45.305986],[-123.152801,45.306105],[-123.15287,45.306261],[-123.152873,45.306667],[-123.152811,45.306891],[-123.15263,45.307108],[-123.152416,45.307267],[-123.152125,45.307399],[-123.151625,45.307549],[-123.15127,45.307747],[-123.151244,45.307845],[-123.15134,45.308118],[-123.151389,45.308505],[-123.151501,45.308662],[-123.151713,45.308846],[-123.15184,45.308871],[-123.152035,45.30884],[-123.152369,45.308707],[-123.153048,45.308236],[-123.153694,45.308047],[-123.154029,45.308002],[-123.154239,45.308012],[-123.154484,45.308069],[-123.154742,45.3082],[-123.155017,45.308419],[-123.155196,45.308672],[-123.155384,45.309239],[-123.155387,45.30966],[-123.155258,45.310185],[-123.155247,45.31075],[-123.155176,45.31103],[-123.155219,45.311298],[-123.155472,45.311528],[-123.156007,45.311608],[-123.1564,45.311828],[-123.156476,45.311797],[-123.157032,45.311306],[-123.157236,45.310995],[-123.157365,45.31063],[-123.157649,45.309311],[-123.157872,45.30868],[-123.158085,45.30781],[-123.158272,45.307352],[-123.15828,45.307008],[-123.158215,45.306718],[-123.157632,45.305668],[-123.15762,45.305505],[-123.157684,45.305185],[-123.157484,45.304612],[-123.15746,45.304093],[-123.157511,45.303687],[-123.157665,45.303225],[-123.157935,45.302923],[-123.158365,45.302737],[-123.159172,45.302619],[-123.159681,45.302598],[-123.160036,45.302637],[-123.160339,45.302611],[-123.160682,45.302649],[-123.160956,45.302745],[-123.161825,45.302919],[-123.162194,45.303112],[-123.162361,45.303294],[-123.162458,45.303532],[-123.162479,45.3038],[-123.162438,45.304031],[-123.162219,45.304466],[-123.161719,45.304859],[-123.1616,45.305015],[-123.161571,45.305133],[-123.161636,45.305382],[-123.161907,45.305731],[-123.162051,45.30585],[-123.162252,45.305934],[-123.16323,45.306046],[-123.163754,45.305972],[-123.16395,45.305896],[-123.164202,45.305736],[-123.164371,45.305582],[-123.164908,45.304675],[-123.165114,45.304466],[-123.165319,45.30436],[-123.165617,45.304326],[-123.166011,45.304373],[-123.166426,45.304497],[-123.166628,45.304645],[-123.166656,45.304762],[-123.166623,45.304947],[-123.16636,45.305539],[-123.166194,45.306128],[-123.166188,45.306602],[-123.166264,45.30733],[-123.166195,45.307664],[-123.165848,45.308137],[-123.164822,45.309087],[-123.164367,45.309726],[-123.163549,45.310315],[-123.162819,45.310928],[-123.162881,45.311014],[-123.163385,45.311068],[-123.163589,45.310977],[-123.163951,45.310916],[-123.165079,45.310943],[-123.1656,45.310732],[-123.165905,45.310671],[-123.166594,45.310626],[-123.167241,45.310674],[-123.167503,45.310642],[-123.167592,45.310578],[-123.167635,45.310477],[-123.167625,45.30999],[-123.167758,45.30961],[-123.168206,45.309184],[-123.168576,45.30903],[-123.168858,45.308985],[-123.169092,45.308997],[-123.169617,45.309132],[-123.169909,45.309275],[-123.170155,45.309351],[-123.170308,45.309364],[-123.170436,45.309326],[-123.170674,45.309115],[-123.17078,45.308898],[-123.17081,45.30873],[-123.170772,45.308566],[-123.170577,45.30817],[-123.170482,45.30789],[-123.170352,45.307099],[-123.170249,45.306722],[-123.170246,45.306391],[-123.170293,45.306267],[-123.17039,45.306158],[-123.170558,45.306082],[-123.170821,45.306059],[-123.17113,45.306111],[-123.171708,45.306278],[-123.172587,45.306335],[-123.173301,45.306293],[-123.173533,45.306133],[-123.173839,45.305782],[-123.174134,45.305618],[-123.174959,45.305458],[-123.175528,45.305467],[-123.175684,45.305436],[-123.175961,45.305227],[-123.176516,45.304663],[-123.17679,45.304504],[-123.177068,45.304417],[-123.177479,45.304447],[-123.17791,45.3046],[-123.178138,45.304755],[-123.178394,45.305073],[-123.178543,45.305432],[-123.178607,45.305942],[-123.178587,45.306398],[-123.178406,45.307182],[-123.17836,45.307449],[-123.178374,45.30757],[-123.178654,45.308127],[-123.178819,45.308298],[-123.179229,45.308449],[-123.179457,45.308446],[-123.179599,45.308396],[-123.179769,45.308277],[-123.180018,45.307988],[-123.18051,45.306765],[-123.180609,45.306618],[-123.180762,45.306502],[-123.180939,45.306441],[-123.181151,45.306434],[-123.181842,45.306605],[-123.182503,45.306709],[-123.18289,45.306627],[-123.183106,45.306435],[-123.183132,45.306288],[-123.183117,45.306019],[-123.182955,45.305742],[-123.182147,45.305314],[-123.181491,45.304871],[-123.18134,45.304719],[-123.18129,45.304588],[-123.181294,45.304452],[-123.181507,45.30412],[-123.181489,45.30398],[-123.180535,45.303557],[-123.180273,45.303396],[-123.179975,45.303055],[-123.179872,45.302878],[-123.179841,45.302743],[-123.17989,45.302461],[-123.18011,45.30226],[-123.180521,45.302125],[-123.181628,45.302055],[-123.181755,45.301974],[-123.181998,45.301704],[-123.182338,45.301434],[-123.182538,45.301313],[-123.182716,45.301257],[-123.183014,45.301254],[-123.183253,45.301368],[-123.183399,45.301563],[-123.183548,45.301983],[-123.183674,45.302104],[-123.184527,45.302307],[-123.184868,45.302454],[-123.185149,45.302801],[-123.185555,45.303019],[-123.185821,45.303225],[-123.185954,45.30343],[-123.186086,45.303848],[-123.186212,45.303967],[-123.18637,45.304053],[-123.186541,45.304028],[-123.187419,45.303601],[-123.187522,45.303446],[-123.187613,45.303004],[-123.187723,45.302776],[-123.18794,45.302633],[-123.18816,45.302608],[-123.188476,45.302667],[-123.188905,45.302901],[-123.189507,45.302821],[-123.189732,45.302896],[-123.189812,45.303013],[-123.189879,45.30325],[-123.18992,45.304021],[-123.18997,45.304296],[-123.190091,45.304504],[-123.19025,45.304598],[-123.190459,45.304617],[-123.19065,45.304581],[-123.1914,45.304254],[-123.191606,45.303972],[-123.191803,45.303557],[-123.192045,45.303382],[-123.192273,45.303326],[-123.192715,45.303323],[-123.193298,45.303125],[-123.193683,45.303071],[-123.194166,45.303156],[-123.194424,45.303339],[-123.194967,45.304281],[-123.195037,45.304566],[-123.195037,45.30471],[-123.19498,45.304894],[-123.194718,45.305238],[-123.194598,45.305548],[-123.194476,45.306163],[-123.194441,45.306696],[-123.194074,45.307407],[-123.194095,45.307673],[-123.194322,45.308056],[-123.194392,45.308252],[-123.194365,45.308424],[-123.194253,45.308564],[-123.193772,45.308924],[-123.19362,45.308967],[-123.193466,45.308956],[-123.193329,45.308899],[-123.193236,45.308805],[-123.19315,45.308358],[-123.193073,45.308241],[-123.19297,45.308164],[-123.192737,45.308096],[-123.19186,45.308018],[-123.19114,45.307729],[-123.190993,45.307782],[-123.190526,45.308265],[-123.190522,45.308363],[-123.190586,45.308462],[-123.190887,45.308699],[-123.191284,45.309097],[-123.191383,45.309271],[-123.191405,45.309455],[-123.191346,45.309607],[-123.191233,45.309717],[-123.190609,45.309901],[-123.190378,45.310044],[-123.190183,45.310218],[-123.19019,45.310324],[-123.190376,45.310517],[-123.19105,45.310918],[-123.191295,45.310991],[-123.191931,45.311089],[-123.192332,45.31124],[-123.192462,45.311363],[-123.19249,45.311476],[-123.192437,45.311615],[-123.192325,45.311724],[-123.19216,45.311792],[-123.191183,45.31199],[-123.191023,45.312102],[-123.190855,45.312354],[-123.190737,45.312466],[-123.190503,45.31257],[-123.190273,45.312608],[-123.190078,45.31256],[-123.189522,45.31226],[-123.188222,45.31196],[-123.187698,45.311793],[-123.187342,45.311575],[-123.187067,45.311591],[-123.186821,45.311721],[-123.186756,45.311823],[-123.186747,45.311939],[-123.186869,45.312094],[-123.187426,45.312502],[-123.187558,45.312651],[-123.187674,45.312882],[-123.187713,45.313062],[-123.187685,45.313172],[-123.187585,45.313248],[-123.187285,45.313301],[-123.18679,45.313274],[-123.186156,45.313179],[-123.185709,45.313064],[-123.185514,45.313056],[-123.184804,45.313232],[-123.184083,45.313359],[-123.183364,45.313616],[-123.182195,45.31368],[-123.18209,45.313711],[-123.182164,45.313759],[-123.182605,45.313815],[-123.182657,45.313931],[-123.182772,45.314012],[-123.183566,45.31426],[-123.183991,45.31424],[-123.185472,45.314413],[-123.18644,45.314434],[-123.186799,45.314487],[-123.186966,45.31456],[-123.187039,45.314671],[-123.18701,45.314808],[-123.186853,45.315126],[-123.186852,45.315198],[-123.186899,45.315246],[-123.187176,45.315302],[-123.188243,45.315323],[-123.1886,45.315374],[-123.188949,45.315504],[-123.18911,45.315686],[-123.189182,45.315881],[-123.189199,45.3161],[-123.189007,45.316587],[-123.188999,45.316706],[-123.189049,45.316807],[-123.18938,45.317178],[-123.189453,45.317372],[-123.189459,45.317571],[-123.189422,45.317747],[-123.189309,45.317994],[-123.188864,45.318656],[-123.188812,45.319055],[-123.188682,45.319558],[-123.188721,45.319951],[-123.188703,45.320101],[-123.188621,45.320221],[-123.188215,45.320498],[-123.188008,45.320722],[-123.187971,45.320888],[-123.188036,45.321306],[-123.187937,45.321529],[-123.187308,45.322235],[-123.187067,45.322555],[-123.186699,45.322897],[-123.185162,45.324102],[-123.184093,45.324553],[-123.183479,45.324717],[-123.183001,45.32507],[-123.18261,45.325245],[-123.182304,45.32529],[-123.181783,45.325261],[-123.18105,45.325145],[-123.180788,45.32504],[-123.180351,45.324761],[-123.180119,45.324696],[-123.179992,45.324622],[-123.179891,45.324713],[-123.17974,45.324775],[-123.179549,45.324973],[-123.179437,45.325231],[-123.179253,45.325446],[-123.179141,45.325809],[-123.178934,45.326087],[-123.178862,45.326267],[-123.178869,45.32649],[-123.178778,45.326801],[-123.178777,45.326974],[-123.178862,45.32725],[-123.179125,45.327764],[-123.179148,45.327922],[-123.179125,45.32807],[-123.179044,45.32821],[-123.178918,45.328322],[-123.178558,45.32843],[-123.178097,45.328398],[-123.177513,45.328229],[-123.176858,45.327866],[-123.176472,45.327419],[-123.176338,45.327315],[-123.174794,45.326782],[-123.174278,45.326519],[-123.173929,45.326152],[-123.173736,45.325705],[-123.173549,45.325434],[-123.173428,45.325162],[-123.173247,45.324638],[-123.173165,45.324046],[-123.172963,45.323307],[-123.172817,45.323029],[-123.172735,45.322979],[-123.172648,45.323006],[-123.172204,45.323392],[-123.172031,45.323628],[-123.171889,45.324009],[-123.171699,45.324884],[-123.171552,45.325206],[-123.171283,45.325583],[-123.171239,45.325785],[-123.171397,45.326483],[-123.171541,45.32676],[-123.171754,45.327025],[-123.171935,45.32739],[-123.171984,45.327727],[-123.171977,45.327973],[-123.172077,45.328347],[-123.172091,45.328848],[-123.172038,45.328991],[-123.171933,45.329122],[-123.171259,45.329505],[-123.171167,45.329662],[-123.171096,45.329889],[-123.17111,45.329953],[-123.171294,45.330173],[-123.171669,45.330385],[-123.172282,45.330544],[-123.172536,45.330526],[-123.172998,45.330361],[-123.17324,45.330332],[-123.173663,45.330406],[-123.174373,45.330661],[-123.175826,45.330725],[-123.176461,45.33069],[-123.176779,45.330746],[-123.177147,45.330888],[-123.177555,45.331089],[-123.177941,45.331335],[-123.178404,45.331554],[-123.178527,45.331642],[-123.178616,45.331762],[-123.178639,45.331882],[-123.178607,45.332003],[-123.178293,45.332399],[-123.178218,45.332869],[-123.177998,45.333121],[-123.177756,45.333262],[-123.176975,45.333563],[-123.176342,45.333748],[-123.175956,45.333803],[-123.175321,45.333758],[-123.174783,45.333564],[-123.174451,45.333601],[-123.174182,45.333568],[-123.173813,45.333614],[-123.173343,45.333604],[-123.173102,45.333544],[-123.172734,45.333371],[-123.172397,45.333322],[-123.172091,45.333595],[-123.17189,45.334134],[-123.171713,45.334349],[-123.171194,45.334679],[-123.17064,45.334821],[-123.17037,45.334809],[-123.170095,45.334719],[-123.169286,45.334116],[-123.169114,45.334024],[-123.168681,45.333932],[-123.168459,45.333959],[-123.168069,45.334141],[-123.167836,45.334367],[-123.167384,45.334708],[-123.166971,45.334899],[-123.166714,45.33511],[-123.166293,45.335352],[-123.166248,45.335413],[-123.166427,45.335622],[-123.166628,45.335754],[-123.16821,45.336135],[-123.168408,45.336249],[-123.168558,45.336442],[-123.16859,45.336614],[-123.168534,45.336753],[-123.168072,45.337198],[-123.16775,45.337617],[-123.167451,45.337868],[-123.166613,45.338356],[-123.165994,45.338645],[-123.165577,45.338774],[-123.164703,45.338934],[-123.164351,45.339049],[-123.163221,45.339154],[-123.162799,45.339131],[-123.162407,45.339053],[-123.162326,45.339089],[-123.162047,45.339342],[-123.161624,45.33943],[-123.159916,45.339326],[-123.159572,45.339247],[-123.159596,45.339362],[-123.159871,45.339658],[-123.160116,45.340066],[-123.160175,45.340299],[-123.160107,45.340476],[-123.159952,45.340606],[-123.159103,45.34106],[-123.158794,45.341153],[-123.157996,45.3413],[-123.156852,45.341347],[-123.15598,45.341137],[-123.155813,45.341179],[-123.155403,45.341428],[-123.154763,45.341546],[-123.154311,45.341559],[-123.152994,45.3414],[-123.152614,45.341303],[-123.152413,45.341211],[-123.151574,45.341134],[-123.150796,45.340969],[-123.150227,45.340735],[-123.149301,45.340524],[-123.148742,45.340248],[-123.148161,45.340077],[-123.147913,45.339958],[-123.146858,45.339271],[-123.145589,45.338544],[-123.143955,45.337995],[-123.143366,45.338043],[-123.143107,45.337973],[-123.142746,45.337816],[-123.142428,45.337785],[-123.142099,45.337822],[-123.14127,45.33802],[-123.140403,45.338131],[-123.139879,45.338131],[-123.140319,45.338343],[-123.140863,45.338226],[-123.141519,45.33816],[-123.141965,45.338185],[-123.142395,45.338299],[-123.142713,45.33855],[-123.143523,45.339724],[-123.143725,45.339881],[-123.144391,45.340274],[-123.144606,45.340459],[-123.144719,45.340619],[-123.144985,45.341281],[-123.145004,45.341484],[-123.144946,45.341769],[-123.144962,45.341872],[-123.145049,45.34197],[-123.145407,45.342223],[-123.145558,45.342476],[-123.145606,45.342639],[-123.145589,45.342787],[-123.145508,45.342945],[-123.145083,45.343384],[-123.144954,45.343544],[-123.144943,45.343608],[-123.14541,45.343601],[-123.145942,45.343439],[-123.146669,45.343291],[-123.147183,45.343264],[-123.148496,45.343295],[-123.149052,45.343427],[-123.149579,45.343688],[-123.150471,45.343727],[-123.151173,45.343918],[-123.151866,45.344032],[-123.152092,45.344112],[-123.152417,45.344305],[-123.152746,45.344294],[-123.153385,45.344163],[-123.153868,45.344179],[-123.154093,45.344291],[-123.154436,45.344678],[-123.154847,45.344841],[-123.15537,45.344897],[-123.155998,45.344848],[-123.156776,45.344928],[-123.15813,45.344947],[-123.158527,45.345028],[-123.158796,45.345158],[-123.159219,45.345447],[-123.159735,45.345504],[-123.15992,45.34556],[-123.160236,45.345699],[-123.160398,45.34587],[-123.16044,45.346058],[-123.160414,45.346254],[-123.160176,45.346738],[-123.160063,45.347104],[-123.160145,45.347545],[-123.160086,45.348029],[-123.160195,45.348517],[-123.16029,45.348611],[-123.160488,45.348556],[-123.160726,45.348407],[-123.161016,45.34794],[-123.161496,45.347447],[-123.161691,45.347179],[-123.162331,45.346733],[-123.162549,45.346049],[-123.162655,45.345803],[-123.162748,45.345682],[-123.163046,45.345483],[-123.163426,45.345368],[-123.164081,45.345329],[-123.164465,45.345351],[-123.164757,45.345431],[-123.165158,45.345634],[-123.165479,45.345322],[-123.165689,45.345231],[-123.165894,45.345195],[-123.166282,45.345189],[-123.166862,45.345258],[-123.167914,45.345202],[-123.168493,45.345266],[-123.168953,45.345392],[-123.169459,45.345727],[-123.169718,45.345855],[-123.170252,45.346237],[-123.170561,45.346404],[-123.170754,45.346667],[-123.170832,45.346899],[-123.170839,45.347098],[-123.170774,45.347405],[-123.170452,45.348018],[-123.170378,45.348301],[-123.170464,45.348505],[-123.170756,45.348801],[-123.170923,45.349074],[-123.170967,45.349463],[-123.170937,45.349829],[-123.170791,45.350252],[-123.170544,45.350506],[-123.170208,45.350707],[-123.169695,45.35081],[-123.169543,45.350874],[-123.169999,45.350952],[-123.170367,45.351208],[-123.170453,45.351418],[-123.170379,45.351748],[-123.170163,45.352283],[-123.169971,45.352615],[-123.169618,45.352897],[-123.168952,45.353203],[-123.16878,45.353327],[-123.167964,45.354242],[-123.167829,45.354546],[-123.167632,45.354827],[-123.16757,45.354982],[-123.167547,45.355227],[-123.167573,45.355284],[-123.167623,45.355301],[-123.167951,45.355181],[-123.168348,45.35496],[-123.168818,45.354767],[-123.169136,45.354779],[-123.16923,45.354847],[-123.169263,45.354941],[-123.169214,45.355194],[-123.169022,45.355649],[-123.168922,45.356272],[-123.168507,45.356954],[-123.16823,45.357735],[-123.168007,45.358103],[-123.167929,45.359224],[-123.167977,45.360121],[-123.168026,45.360218],[-123.168165,45.360041],[-123.16839,45.359495],[-123.16851,45.35865],[-123.168626,45.358292],[-123.168771,45.35811],[-123.169173,45.357899],[-123.169297,45.357779],[-123.169687,45.356873],[-123.170022,45.356485],[-123.170112,45.356084],[-123.1703,45.355752],[-123.171023,45.354923],[-123.171846,45.354141],[-123.172091,45.353833],[-123.17246,45.353511],[-123.172948,45.353208],[-123.173418,45.352778],[-123.173591,45.352693],[-123.173786,45.352662],[-123.174045,45.352719],[-123.174285,45.352877],[-123.174586,45.352841],[-123.174691,45.35278],[-123.174761,45.352654],[-123.174826,45.352315],[-123.175225,45.351509],[-123.17536,45.350896],[-123.175502,45.350598],[-123.175788,45.35024],[-123.176096,45.349975],[-123.176325,45.349846],[-123.17669,45.349716],[-123.176761,45.349655],[-123.176739,45.349591],[-123.176536,45.349519],[-123.17644,45.349446],[-123.176347,45.349239],[-123.17643,45.348308],[-123.176581,45.347904],[-123.176832,45.347533],[-123.177146,45.347264],[-123.177435,45.347185],[-123.177802,45.347225],[-123.177876,45.347202],[-123.178289,45.346626],[-123.178538,45.34642],[-123.179445,45.346064],[-123.179945,45.345987],[-123.180795,45.346147],[-123.181509,45.34634],[-123.181728,45.346336],[-123.18257,45.346167],[-123.182875,45.34615],[-123.183394,45.346224],[-123.183698,45.34638],[-123.184067,45.346884],[-123.184429,45.347672],[-123.18469,45.348642],[-123.184736,45.349002],[-123.184714,45.34932],[-123.184599,45.34963],[-123.184067,45.350315],[-123.183837,45.350534],[-123.183816,45.350666],[-123.183979,45.350969],[-123.184373,45.351449],[-123.184785,45.351712],[-123.184882,45.351686],[-123.185033,45.351552],[-123.185932,45.350372],[-123.186431,45.349345],[-123.186538,45.348685],[-123.186556,45.347958],[-123.186635,45.346963],[-123.186507,45.346523],[-123.186172,45.346066],[-123.186041,45.345541],[-123.185776,45.34509],[-123.185626,45.344641],[-123.185312,45.344307],[-123.185051,45.343937],[-123.18458,45.342959],[-123.184534,45.342649],[-123.184649,45.342207],[-123.184731,45.342036],[-123.184895,45.341841],[-123.185181,45.341589],[-123.185508,45.341198],[-123.1857,45.341088],[-123.186015,45.341017],[-123.186381,45.341015],[-123.186702,45.341081],[-123.186823,45.34116],[-123.186884,45.341246],[-123.187024,45.34168],[-123.187292,45.341891],[-123.187467,45.342166],[-123.187588,45.34251],[-123.187711,45.343052],[-123.188023,45.343284],[-123.188133,45.343455],[-123.188466,45.344412],[-123.188655,45.344795],[-123.188761,45.345231],[-123.18905,45.345772],[-123.189216,45.346831],[-123.189276,45.346926],[-123.189557,45.347153],[-123.189746,45.347582],[-123.189789,45.348007],[-123.189725,45.348765],[-123.189781,45.349197],[-123.189869,45.349346],[-123.190116,45.349524],[-123.190212,45.349635],[-123.190315,45.350039],[-123.190485,45.350409],[-123.190878,45.350771],[-123.190996,45.350927],[-123.191273,45.351662],[-123.191301,45.351996],[-123.191176,45.352201],[-123.190905,45.352356],[-123.190685,45.352392],[-123.19033,45.352332],[-123.190183,45.35236],[-123.190105,45.352477],[-123.189967,45.352982],[-123.189821,45.353202],[-123.189705,45.353282],[-123.189252,45.353435],[-123.188998,45.353687],[-123.188834,45.353795],[-123.18826,45.354095],[-123.187213,45.354513],[-123.186614,45.35479],[-123.185599,45.355117],[-123.185125,45.355393],[-123.184183,45.35604],[-123.183946,45.356256],[-123.183659,45.356645],[-123.183179,45.357041],[-123.183131,45.357132],[-123.183092,45.357382],[-123.182996,45.357539],[-123.182493,45.357923],[-123.182053,45.35836],[-123.181853,45.358717],[-123.181802,45.35903],[-123.181863,45.359032],[-123.182024,45.358779],[-123.182242,45.358614],[-123.182533,45.358491],[-123.183105,45.358322],[-123.183793,45.357899],[-123.184705,45.357418],[-123.185114,45.35726],[-123.186189,45.357051],[-123.186977,45.356574],[-123.187299,45.356469],[-123.187804,45.356448],[-123.188467,45.356572],[-123.188899,45.356561],[-123.189707,45.356312],[-123.189938,45.35628],[-123.19029,45.356295],[-123.190647,45.356388],[-123.191267,45.35678],[-123.191553,45.35685],[-123.19179,45.356777],[-123.191902,45.356707],[-123.191982,45.356559],[-123.192048,45.356319],[-123.192039,45.355924],[-123.192106,45.355764],[-123.192211,45.355667],[-123.192855,45.355401],[-123.194277,45.355098],[-123.194701,45.354892],[-123.195114,45.354393],[-123.195357,45.35417],[-123.195622,45.354095],[-123.195977,45.354144],[-123.196114,45.354231],[-123.196221,45.354428],[-123.19632,45.354804],[-123.196395,45.355514],[-123.19645,45.355714],[-123.19656,45.355965],[-123.197104,45.356925],[-123.197109,45.357252],[-123.197028,45.357656],[-123.197062,45.357781],[-123.197151,45.357874],[-123.197261,45.357913],[-123.197949,45.357932],[-123.198238,45.357974],[-123.198693,45.3582],[-123.198838,45.358395],[-123.198918,45.358673],[-123.198916,45.358898],[-123.198814,45.359251],[-123.198833,45.359361],[-123.198971,45.359426],[-123.199547,45.359455],[-123.199791,45.359562],[-123.200113,45.359976],[-123.200409,45.360628],[-123.200415,45.360937],[-123.200214,45.361625],[-123.200236,45.362067],[-123.200185,45.362458],[-123.200044,45.362952],[-123.199852,45.363175],[-123.199428,45.363319],[-123.199134,45.363527],[-123.198747,45.364039],[-123.198518,45.364449],[-123.198439,45.364637],[-123.198455,45.364675],[-123.199064,45.364429],[-123.199527,45.364166],[-123.199911,45.364053],[-123.2003,45.36399],[-123.201103,45.363504],[-123.201554,45.363405],[-123.201655,45.363351],[-123.202146,45.362867],[-123.20241,45.362344],[-123.202444,45.362202],[-123.202393,45.361918],[-123.202398,45.361708],[-123.202542,45.361268],[-123.202881,45.360976],[-123.203507,45.360702],[-123.203648,45.360532],[-123.203628,45.360364],[-123.203398,45.360077],[-123.203306,45.359809],[-123.203363,45.359414],[-123.203549,45.359039],[-123.203555,45.358933],[-123.203445,45.358794],[-123.202978,45.358443],[-123.202862,45.358239],[-123.202812,45.358045],[-123.202826,45.35773],[-123.202908,45.357565],[-123.203087,45.357346],[-123.203122,45.357155],[-123.202921,45.356992],[-123.202974,45.356916],[-123.20262,45.356872],[-123.202409,45.356708],[-123.201931,45.355753],[-123.201426,45.355103],[-123.20132,45.354838],[-123.201115,45.353919],[-123.201107,45.353592],[-123.201187,45.353378],[-123.201308,45.353262],[-123.201503,45.353165],[-123.20178,45.35312],[-123.202149,45.353121],[-123.202623,45.353274],[-123.203323,45.353707],[-123.203576,45.35377],[-123.203882,45.353764],[-123.205887,45.353451],[-123.206259,45.353256],[-123.206573,45.352981],[-123.206606,45.352901],[-123.2065,45.352746],[-123.206522,45.352682],[-123.207288,45.352622],[-123.20642,45.352549],[-123.205944,45.35239],[-123.205205,45.352213],[-123.204711,45.351998],[-123.204522,45.351857],[-123.204395,45.351672],[-123.204359,45.351519],[-123.20438,45.351099],[-123.204338,45.350995],[-123.204229,45.350926],[-123.20317,45.350884],[-123.202674,45.351064],[-123.202417,45.351099],[-123.202037,45.35104],[-123.201677,45.350893],[-123.201422,45.350679],[-123.201252,45.350371],[-123.20124,45.350113],[-123.201397,45.349667],[-123.20141,45.349497],[-123.201335,45.349339],[-123.201106,45.349182],[-123.200555,45.349201],[-123.200168,45.349417],[-123.199924,45.349618],[-123.19966,45.349687],[-123.199444,45.349675],[-123.199195,45.349607],[-123.198816,45.349337],[-123.198352,45.348704],[-123.198,45.348413],[-123.197753,45.348117],[-123.197626,45.347891],[-123.197541,45.347527],[-123.197587,45.347213],[-123.197802,45.346818],[-123.198263,45.346436],[-123.198598,45.34632],[-123.198634,45.34628],[-123.198246,45.34619],[-123.197858,45.346007],[-123.197224,45.345486],[-123.196599,45.345083],[-123.19639,45.344894],[-123.196325,45.344765],[-123.196319,45.344435],[-123.196559,45.343969],[-123.196578,45.343727],[-123.196501,45.343625],[-123.195875,45.343182],[-123.195777,45.343043],[-123.195737,45.342839],[-123.195806,45.342544],[-123.195988,45.342276],[-123.196111,45.341977],[-123.196215,45.341853],[-123.196552,45.341677],[-123.197333,45.341493],[-123.197649,45.341314],[-123.198194,45.34111],[-123.199563,45.34081],[-123.200046,45.34082],[-123.200558,45.340902],[-123.20177,45.3413],[-123.202377,45.341453],[-123.202606,45.341363],[-123.20287,45.341061],[-123.203116,45.340969],[-123.203456,45.340951],[-123.20424,45.341046],[-123.204778,45.341012],[-123.205164,45.34106],[-123.206015,45.340761],[-123.206429,45.340743],[-123.207158,45.340898],[-123.207736,45.341083],[-123.208579,45.341461],[-123.209147,45.341868],[-123.209796,45.342031],[-123.210128,45.342395],[-123.210518,45.342574],[-123.210767,45.342774],[-123.210857,45.342932],[-123.210975,45.343409],[-123.211367,45.34369],[-123.211498,45.343864],[-123.211619,45.344133],[-123.211714,45.344176],[-123.211922,45.344143],[-123.212058,45.344057],[-123.212424,45.343505],[-123.212837,45.343157],[-123.212919,45.342856],[-123.213006,45.342732],[-123.213159,45.342621],[-123.213499,45.342496],[-123.213597,45.342417],[-123.213627,45.342276],[-123.213527,45.341573],[-123.21355,45.341195],[-123.213705,45.341043],[-123.214139,45.340897],[-123.214622,45.340859],[-123.215051,45.340913],[-123.215393,45.341043],[-123.215845,45.341401],[-123.216388,45.34147],[-123.216593,45.341558],[-123.216789,45.34173],[-123.217496,45.34257],[-123.21767,45.343025],[-123.217739,45.343071],[-123.218228,45.343057],[-123.218326,45.343001],[-123.218435,45.342871],[-123.218488,45.342716],[-123.218475,45.342552],[-123.218267,45.341718],[-123.218323,45.341233],[-123.218415,45.341072],[-123.218737,45.340799],[-123.218895,45.340702],[-123.219053,45.340658],[-123.219373,45.340661],[-123.219585,45.340765],[-123.219701,45.340971],[-123.219793,45.341381],[-123.220173,45.341796],[-123.220477,45.342324],[-123.220611,45.342457],[-123.220724,45.3425],[-123.220965,45.342469],[-123.221564,45.342231],[-123.222877,45.34196],[-123.22396,45.341915],[-123.224486,45.341844],[-123.224668,45.34186],[-123.224774,45.341904],[-123.224878,45.342019],[-123.225113,45.34252],[-123.225234,45.342963],[-123.225207,45.343292],[-123.22513,45.343438],[-123.225008,45.343538],[-123.224466,45.343725],[-123.224287,45.343834],[-123.22392,45.344231],[-123.223726,45.344387],[-123.22353,45.344488],[-123.223198,45.344579],[-123.223088,45.34469],[-123.223024,45.34498],[-123.223038,45.345115],[-123.223112,45.345172],[-123.223423,45.345241],[-123.223619,45.345335],[-123.223754,45.345505],[-123.223787,45.345698],[-123.223735,45.345955],[-123.223646,45.346151],[-123.222942,45.347069],[-123.222926,45.34721],[-123.223023,45.347569],[-123.222958,45.347848],[-123.222704,45.348149],[-123.222273,45.348495],[-123.221419,45.349046],[-123.220678,45.349474],[-123.220667,45.349564],[-123.220798,45.349826],[-123.220727,45.35009],[-123.219784,45.35112],[-123.219229,45.351846],[-123.219201,45.351974],[-123.219265,45.352233],[-123.219259,45.35236],[-123.218963,45.352887],[-123.218727,45.353445],[-123.21866,45.353725],[-123.218685,45.353829],[-123.218806,45.353822],[-123.219087,45.353621],[-123.219478,45.353429],[-123.21974,45.353251],[-123.220374,45.352975],[-123.220512,45.352794],[-123.221373,45.351959],[-123.221565,45.351701],[-123.222194,45.351043],[-123.222264,45.350875],[-123.222194,45.350567],[-123.222197,45.350386],[-123.222242,45.350155],[-123.222329,45.349939],[-123.223212,45.348375],[-123.223757,45.347648],[-123.22408,45.347311],[-123.224142,45.346855],[-123.224379,45.346561],[-123.224939,45.346199],[-123.225237,45.346087],[-123.225749,45.34599],[-123.22608,45.345765],[-123.226319,45.345686],[-123.226611,45.345653],[-123.226954,45.345669],[-123.227314,45.345739],[-123.227672,45.345873],[-123.228092,45.346156],[-123.22833,45.346437],[-123.22849,45.346686],[-123.228675,45.347099],[-123.229136,45.347612],[-123.229308,45.347926],[-123.229419,45.348315],[-123.229486,45.348988],[-123.229426,45.349148],[-123.229159,45.349429],[-123.229152,45.349501],[-123.229357,45.349656],[-123.229885,45.349884],[-123.230296,45.350132],[-123.230514,45.350413],[-123.230666,45.350753],[-123.230645,45.351089],[-123.230581,45.3512],[-123.230472,45.351294],[-123.230154,45.351454],[-123.229241,45.351739],[-123.228965,45.351892],[-123.228898,45.351996],[-123.229066,45.352367],[-123.22904,45.352714],[-123.229154,45.352987],[-123.229186,45.353155],[-123.229166,45.353397],[-123.229032,45.353827],[-123.229039,45.35411],[-123.229236,45.354523],[-123.229538,45.354875],[-123.229604,45.355091],[-123.229578,45.35525],[-123.229405,45.355495],[-123.22937,45.355737],[-123.229403,45.355935],[-123.229575,45.356338],[-123.229741,45.357338],[-123.229919,45.357874],[-123.230038,45.358612],[-123.230345,45.359235],[-123.230459,45.360369],[-123.230696,45.360743],[-123.230829,45.361042],[-123.231006,45.361137],[-123.231387,45.361183],[-123.232095,45.361342],[-123.232665,45.361543],[-123.232845,45.361483],[-123.233355,45.361142],[-123.233604,45.361063],[-123.233776,45.361081],[-123.23421,45.361245],[-123.234783,45.361127],[-123.235411,45.361085],[-123.235617,45.36114],[-123.235776,45.361253],[-123.235864,45.361419],[-123.235849,45.361634],[-123.23577,45.361752],[-123.23551,45.361983],[-123.235469,45.362075],[-123.235514,45.362138],[-123.235763,45.362245],[-123.23588,45.362347],[-123.235943,45.36256],[-123.235916,45.362783],[-123.23581,45.363017],[-123.235581,45.36326],[-123.235011,45.363584],[-123.234946,45.36372],[-123.234974,45.363887],[-123.235116,45.36417],[-123.23529,45.36439],[-123.235407,45.364452],[-123.235852,45.364553],[-123.236017,45.3647],[-123.236115,45.364928],[-123.236126,45.36507],[-123.23589,45.365386],[-123.236272,45.365516],[-123.236585,45.365751],[-123.23663,45.365893],[-123.236665,45.366326],[-123.237182,45.367507],[-123.237501,45.367883],[-123.238461,45.368543],[-123.238589,45.368566],[-123.238709,45.368504],[-123.239271,45.367726],[-123.239401,45.367393],[-123.239746,45.366766],[-123.239797,45.366422],[-123.239996,45.365803],[-123.240095,45.365633],[-123.240311,45.365451],[-123.240494,45.365358],[-123.240751,45.365327],[-123.24109,45.365345],[-123.241443,45.36548],[-123.241744,45.365753],[-123.242054,45.36625],[-123.242329,45.366971],[-123.243002,45.367851],[-123.243281,45.367982],[-123.24355,45.368057],[-123.243979,45.368079],[-123.244377,45.367884],[-123.244632,45.367512],[-123.244888,45.367431],[-123.245197,45.367471],[-123.245567,45.367642],[-123.245884,45.367653],[-123.246243,45.36775],[-123.246494,45.36791],[-123.246572,45.368081],[-123.246517,45.368233],[-123.246255,45.368492],[-123.246229,45.368578],[-123.246262,45.368641],[-123.246639,45.368751],[-123.246826,45.368864],[-123.247986,45.369907],[-123.248262,45.370041],[-123.248856,45.37023],[-123.249344,45.370429],[-123.249554,45.370434],[-123.250015,45.370206],[-123.250788,45.369993],[-123.251435,45.369633],[-123.251569,45.369466],[-123.25165,45.369162],[-123.251769,45.36907],[-123.251979,45.36903],[-123.252335,45.369023],[-123.252846,45.369106],[-123.252927,45.369051],[-123.252861,45.369007],[-123.252026,45.368788],[-123.251383,45.368763],[-123.250956,45.368848],[-123.250728,45.368856],[-123.250083,45.368794],[-123.249352,45.368639],[-123.248982,45.368491],[-123.248312,45.368128],[-123.247773,45.367797],[-123.24746,45.367527],[-123.247339,45.367293],[-123.247271,45.366954],[-123.247302,45.366416],[-123.247416,45.366117],[-123.247684,45.365855],[-123.248975,45.365099],[-123.249161,45.364894],[-123.249215,45.364787],[-123.249224,45.364584],[-123.248963,45.363269],[-123.248944,45.363025],[-123.248802,45.362605],[-123.24843,45.362063],[-123.24813,45.361767],[-123.247844,45.361222],[-123.247541,45.360822],[-123.247073,45.360555],[-123.246641,45.360375],[-123.246231,45.359997],[-123.245958,45.359668],[-123.245907,45.359574],[-123.245904,45.359479],[-123.246269,45.359113],[-123.246282,45.359032],[-123.246223,45.358939],[-123.246102,45.358866],[-123.245927,45.35883],[-123.245267,45.358858],[-123.245012,45.358836],[-123.244808,45.35877],[-123.244502,45.358583],[-123.243818,45.357987],[-123.243369,45.357435],[-123.243268,45.357261],[-123.242803,45.35686],[-123.242415,45.356435],[-123.242313,45.356287],[-123.24205,45.355716],[-123.242014,45.355461],[-123.241907,45.355149],[-123.241883,45.354103],[-123.241756,45.353729],[-123.241599,45.353424],[-123.24116,45.352735],[-123.241082,45.352283],[-123.241119,45.351955],[-123.241348,45.350986],[-123.241383,45.350706],[-123.241518,45.350339],[-123.241543,45.349668],[-123.241639,45.349358],[-123.241917,45.349066],[-123.242418,45.348707],[-123.242725,45.348567],[-123.243254,45.348471],[-123.243333,45.348411],[-123.243227,45.348356],[-123.242357,45.348192],[-123.241934,45.347805],[-123.241609,45.347106],[-123.241581,45.346724],[-123.241447,45.346207],[-123.241344,45.346076],[-123.240808,45.345642],[-123.240469,45.345109],[-123.240188,45.344022],[-123.240321,45.343662],[-123.240319,45.343025],[-123.240263,45.342885],[-123.239864,45.342267],[-123.239801,45.342069],[-123.239831,45.341961],[-123.240091,45.341514],[-123.240666,45.340934],[-123.240994,45.340502],[-123.241359,45.339903],[-123.241381,45.339802],[-123.241343,45.339696],[-123.241264,45.339625],[-123.24115,45.339593],[-123.240886,45.339662],[-123.240759,45.339774],[-123.240311,45.340402],[-123.240122,45.340583],[-123.23966,45.340906],[-123.23941,45.341012],[-123.239292,45.341001],[-123.238924,45.340753],[-123.238674,45.340665],[-123.238551,45.340557],[-123.238356,45.340263],[-123.238282,45.339933],[-123.23809,45.339604],[-123.237969,45.339296],[-123.237716,45.339153],[-123.237643,45.339033],[-123.237304,45.338958],[-123.236933,45.338803],[-123.23627,45.338139],[-123.235526,45.337786],[-123.234876,45.337688],[-123.234479,45.337539],[-123.233816,45.337441],[-123.232555,45.337328],[-123.232322,45.337255],[-123.232286,45.337189],[-123.232295,45.337102],[-123.232436,45.336907],[-123.232679,45.336693],[-123.233298,45.336293],[-123.233632,45.336021],[-123.233754,45.335827],[-123.233759,45.335742],[-123.233722,45.33569],[-123.233586,45.335701],[-123.232818,45.336098],[-123.232087,45.336338],[-123.23183,45.336386],[-123.231556,45.33636],[-123.231433,45.336293],[-123.231295,45.336151],[-123.231052,45.3356],[-123.230821,45.33528],[-123.230424,45.334936],[-123.230236,45.334658],[-123.230189,45.334372],[-123.230233,45.334223],[-123.230392,45.333967],[-123.230347,45.333868],[-123.230073,45.333823],[-123.229454,45.333821],[-123.22898,45.33394],[-123.228643,45.333969],[-123.227754,45.333906],[-123.227212,45.333774],[-123.226759,45.333578],[-123.226395,45.333331],[-123.226277,45.333115],[-123.226262,45.332816],[-123.226506,45.332405],[-123.226545,45.331894],[-123.226759,45.33153],[-123.227051,45.33118],[-123.227083,45.330731],[-123.227165,45.330511],[-123.227272,45.330363],[-123.227588,45.330131],[-123.228054,45.329955],[-123.228679,45.329805],[-123.229299,45.329712],[-123.229638,45.329606],[-123.229861,45.329472],[-123.23013,45.329216],[-123.230475,45.32905],[-123.230803,45.328959],[-123.231051,45.328808],[-123.231167,45.32869],[-123.231484,45.328203],[-123.232176,45.327719],[-123.232552,45.327221],[-123.233127,45.326644],[-123.233211,45.326492],[-123.23324,45.326102],[-123.23337,45.325691],[-123.233509,45.325454],[-123.233811,45.325089],[-123.23411,45.324826],[-123.234678,45.324457],[-123.235746,45.323793],[-123.236277,45.323535],[-123.236399,45.323404],[-123.236396,45.323302],[-123.236233,45.323244],[-123.235854,45.323262],[-123.234714,45.323507],[-123.233974,45.32386],[-123.233411,45.324064],[-123.233038,45.324283],[-123.232458,45.324538],[-123.2311,45.325036],[-123.230417,45.325231],[-123.228827,45.326166],[-123.228039,45.326392],[-123.227675,45.326536],[-123.227226,45.326598],[-123.22674,45.326597],[-123.226462,45.326524],[-123.226076,45.326328],[-123.225918,45.326314],[-123.225842,45.326436],[-123.225912,45.326728],[-123.225904,45.3269],[-123.225841,45.327053],[-123.225737,45.32717],[-123.225482,45.327332],[-123.224861,45.327506],[-123.224422,45.32775],[-123.224082,45.327883],[-123.223734,45.327943],[-123.223065,45.327924],[-123.222085,45.328052],[-123.22037,45.328155],[-123.21986,45.328082],[-123.219053,45.327752],[-123.218826,45.327699],[-123.218272,45.327817],[-123.217038,45.327938],[-123.214104,45.32788],[-123.213744,45.327828],[-123.213344,45.327704],[-123.21308,45.327506],[-123.212894,45.327118],[-123.212783,45.327003],[-123.211671,45.326468],[-123.211574,45.326355],[-123.21148,45.326087],[-123.211392,45.326003],[-123.210792,45.325813],[-123.210614,45.325707],[-123.210303,45.325358],[-123.210055,45.324936],[-123.209736,45.324523],[-123.208962,45.323939],[-123.208563,45.3234],[-123.207952,45.32305],[-123.207702,45.322825],[-123.207676,45.322716],[-123.207714,45.322587],[-123.208155,45.322129],[-123.208294,45.321534],[-123.208406,45.321444],[-123.208612,45.321436],[-123.208836,45.3215],[-123.209476,45.321801],[-123.210427,45.322024],[-123.212054,45.322646],[-123.212568,45.322979],[-123.212729,45.32316],[-123.213109,45.323725],[-123.213228,45.32382],[-123.213388,45.323884],[-123.214267,45.324125],[-123.217163,45.324716],[-123.217766,45.32471],[-123.218099,45.324601],[-123.218262,45.3245],[-123.21829,45.324435],[-123.218253,45.324367],[-123.217888,45.324117],[-123.216948,45.323718],[-123.215833,45.323372],[-123.215401,45.323147],[-123.215228,45.322955],[-123.215168,45.322793],[-123.215211,45.322639],[-123.215407,45.322405],[-123.215419,45.322325],[-123.215384,45.32225],[-123.215208,45.322164],[-123.214729,45.322164],[-123.214471,45.32212],[-123.214128,45.322019],[-123.213925,45.321909],[-123.213754,45.321737],[-123.213617,45.32152],[-123.213461,45.321002],[-123.213379,45.320835],[-123.213227,45.320661],[-123.212816,45.320324],[-123.212747,45.320203],[-123.212731,45.320069],[-123.212767,45.319944],[-123.212838,45.319854],[-123.213111,45.319651],[-123.213276,45.31958],[-123.214937,45.31936],[-123.216919,45.318842],[-123.218044,45.318608],[-123.218262,45.318456],[-123.218341,45.318341],[-123.218499,45.317613],[-123.218884,45.31692],[-123.218906,45.316832],[-123.218878,45.316761],[-123.218486,45.316565],[-123.218101,45.316531],[-123.216714,45.316829],[-123.216339,45.316862],[-123.215404,45.316836],[-123.214454,45.316871],[-123.21402,45.316935],[-123.2134,45.317158],[-123.212375,45.317253],[-123.212206,45.317318],[-123.212081,45.317428],[-123.211766,45.317963],[-123.211392,45.31843],[-123.211018,45.318703],[-123.210686,45.318803],[-123.210324,45.318817],[-123.209998,45.318777],[-123.209772,45.318701],[-123.209615,45.318577],[-123.209555,45.318456],[-123.209553,45.318314],[-123.209745,45.317827],[-123.209774,45.317633],[-123.209675,45.317402],[-123.209566,45.317313],[-123.209445,45.317273],[-123.208847,45.317347],[-123.208424,45.317353],[-123.208241,45.3174],[-123.208099,45.317535],[-123.207932,45.317962],[-123.207774,45.318159],[-123.207509,45.318316],[-123.207324,45.31834],[-123.207181,45.318317],[-123.207024,45.318209],[-123.206932,45.318035],[-123.20694,45.317551],[-123.206865,45.317183],[-123.206863,45.3168],[-123.206368,45.316712],[-123.205985,45.31646],[-123.205901,45.316471],[-123.205655,45.316614],[-123.205473,45.316607],[-123.20532,45.316483],[-123.205229,45.316235],[-123.205214,45.31597],[-123.205254,45.315666],[-123.205554,45.314598],[-123.205628,45.3145],[-123.205726,45.314445],[-123.206215,45.314385],[-123.206302,45.314347],[-123.206301,45.314272],[-123.206161,45.31399],[-123.206174,45.31383],[-123.206279,45.313696],[-123.206595,45.313459],[-123.206628,45.31305],[-123.206915,45.312844],[-123.206967,45.312764],[-123.206911,45.312628],[-123.206628,45.312384],[-123.206405,45.312217],[-123.205925,45.311941],[-123.205839,45.311792],[-123.205841,45.311637],[-123.205916,45.311495],[-123.206064,45.31137],[-123.206502,45.311228],[-123.207344,45.311192],[-123.208518,45.311239],[-123.20957,45.311206],[-123.209909,45.311127],[-123.210388,45.310819],[-123.210576,45.310786],[-123.210768,45.310803],[-123.211021,45.31091],[-123.211182,45.311052],[-123.211314,45.31154],[-123.211569,45.311869],[-123.211726,45.312214],[-123.211836,45.312323],[-123.212643,45.312734],[-123.212997,45.313132],[-123.214021,45.313719],[-123.214179,45.313756],[-123.214516,45.313741],[-123.214814,45.313639],[-123.215075,45.313465],[-123.215294,45.313128],[-123.215475,45.312932],[-123.216335,45.312453],[-123.216418,45.312247],[-123.216416,45.311919],[-123.2165,45.311441],[-123.216759,45.311116],[-123.216866,45.31085],[-123.216796,45.310651],[-123.216633,45.31052],[-123.215476,45.31035],[-123.214839,45.310102],[-123.214352,45.309809],[-123.214151,45.309608],[-123.214033,45.309371],[-123.21404,45.309115],[-123.214157,45.308903],[-123.214393,45.308702],[-123.214688,45.30857],[-123.215,45.308498],[-123.215552,45.30845],[-123.21574,45.308473],[-123.216774,45.308755],[-123.217337,45.30901],[-123.21761,45.309095],[-123.218034,45.309123],[-123.218344,45.309039],[-123.218609,45.308901],[-123.218803,45.308751],[-123.218966,45.308524],[-123.219395,45.308112],[-123.219959,45.307718],[-123.219941,45.307478],[-123.219497,45.306973],[-123.219419,45.30681],[-123.219425,45.306471],[-123.2196,45.306188],[-123.219845,45.306034],[-123.220273,45.305946],[-123.220573,45.305964],[-123.221101,45.306109],[-123.221223,45.3061],[-123.221363,45.306028],[-123.2216,45.305726],[-123.221854,45.3055],[-123.222481,45.305139],[-123.223151,45.304475],[-123.2235,45.303972],[-123.223695,45.30336],[-123.224054,45.302854],[-123.224276,45.302636],[-123.225097,45.30205],[-123.225176,45.301918],[-123.225104,45.301849],[-123.224712,45.30178],[-123.224268,45.301646],[-123.223873,45.301481],[-123.223545,45.301294],[-123.222589,45.301161],[-123.221686,45.301142],[-123.221464,45.301186],[-123.221249,45.301297],[-123.221122,45.301571],[-123.221044,45.301609],[-123.221105,45.301831],[-123.22108,45.301956],[-123.220727,45.302393],[-123.220285,45.302748],[-123.219752,45.303003],[-123.219454,45.303079],[-123.218909,45.30315],[-123.21828,45.303404],[-123.217909,45.303459],[-123.217603,45.303433],[-123.217003,45.303243],[-123.216461,45.303149],[-123.216246,45.303062],[-123.216059,45.302849],[-123.216029,45.302612],[-123.21615,45.302397],[-123.216843,45.301679],[-123.216864,45.301545],[-123.216783,45.301042],[-123.216671,45.300951],[-123.216483,45.300902],[-123.215955,45.300941],[-123.215092,45.300897],[-123.214765,45.300729],[-123.21462,45.300513],[-123.214622,45.300369],[-123.214698,45.300229],[-123.215287,45.299789],[-123.215446,45.299585],[-123.21552,45.299394],[-123.215426,45.299227],[-123.215299,45.299149],[-123.215058,45.299092],[-123.213888,45.298954],[-123.21286,45.298953],[-123.212167,45.299072],[-123.211683,45.29905],[-123.211514,45.298942],[-123.211354,45.298762],[-123.211164,45.298434],[-123.211034,45.29811],[-123.210638,45.297598],[-123.21052,45.297295],[-123.210472,45.296937],[-123.210487,45.296619],[-123.210575,45.296231],[-123.210664,45.296027],[-123.210797,45.29585],[-123.211413,45.295341],[-123.211511,45.29512],[-123.211524,45.29501],[-123.211492,45.294942],[-123.21129,45.29493],[-123.210804,45.295072],[-123.209344,45.295697],[-123.209032,45.295793],[-123.208794,45.295821],[-123.208426,45.295815],[-123.208167,45.295744],[-123.207898,45.295477],[-123.207612,45.295286],[-123.20736,45.295056],[-123.207284,45.294866],[-123.207353,45.294663],[-123.207676,45.294416],[-123.208208,45.294288],[-123.208242,45.294234],[-123.208272,45.293942],[-123.208494,45.293608],[-123.208479,45.293536],[-123.208399,45.293462],[-123.207683,45.29305],[-123.207609,45.292938],[-123.207612,45.292825],[-123.207674,45.292757],[-123.207778,45.292718],[-123.208545,45.292638],[-123.208704,45.292564],[-123.208731,45.292493],[-123.208708,45.292438],[-123.208362,45.292211],[-123.208274,45.292106],[-123.208249,45.291992],[-123.208314,45.291814],[-123.208417,45.291664],[-123.20878,45.291418],[-123.208808,45.291365],[-123.208716,45.291352],[-123.208222,45.291439],[-123.207627,45.291491],[-123.207356,45.29148],[-123.207088,45.291416],[-123.206742,45.291251],[-123.206374,45.290888],[-123.205588,45.29036],[-123.205207,45.290023],[-123.205003,45.289766],[-123.204887,45.289129],[-123.20479,45.288968],[-123.204449,45.28858],[-123.204279,45.28823],[-123.204243,45.288062],[-123.204268,45.287829],[-123.204326,45.28771],[-123.204433,45.287616],[-123.204951,45.28739],[-123.205989,45.287176],[-123.207284,45.286521],[-123.20796,45.286316],[-123.208604,45.286192],[-123.209228,45.286137],[-123.209769,45.286134],[-123.210925,45.286272],[-123.212029,45.286154],[-123.213261,45.28625],[-123.214272,45.28615],[-123.215376,45.286172],[-123.217685,45.286014],[-123.21816,45.286044],[-123.218785,45.286204],[-123.219186,45.286087],[-123.220118,45.285666],[-123.220606,45.285496],[-123.221026,45.285396],[-123.221491,45.285339],[-123.222495,45.28533],[-123.223075,45.285278],[-123.224228,45.285017],[-123.224995,45.284801],[-123.226367,45.284719],[-123.22689,45.284787],[-123.227314,45.284961],[-123.227464,45.285077],[-123.227549,45.285298],[-123.227512,45.285523],[-123.227347,45.285792],[-123.227081,45.286039],[-123.226257,45.286524],[-123.225867,45.286814],[-123.225705,45.28706],[-123.225725,45.287185],[-123.225799,45.287269],[-123.226007,45.287399],[-123.226401,45.287528],[-123.227859,45.287658],[-123.228379,45.287791],[-123.228511,45.287885],[-123.228566,45.287989],[-123.228463,45.288346],[-123.228493,45.288466],[-123.22865,45.288585],[-123.229025,45.288749],[-123.229217,45.288747],[-123.229628,45.288651],[-123.230169,45.288212],[-123.230514,45.288066],[-123.231137,45.288067],[-123.23173,45.288245],[-123.23184,45.288336],[-123.231891,45.288438],[-123.231887,45.288558],[-123.23184,45.288665],[-123.23156,45.288878],[-123.231011,45.289099],[-123.230864,45.289193],[-123.230422,45.289697],[-123.230396,45.289896],[-123.23048,45.290086],[-123.230775,45.290447],[-123.231053,45.290594],[-123.231565,45.290954],[-123.231857,45.291086],[-123.232195,45.291113],[-123.232994,45.290963],[-123.233236,45.290951],[-123.233631,45.291003],[-123.233841,45.291091],[-123.234083,45.291302],[-123.234177,45.291545],[-123.23415,45.291827],[-123.233947,45.292258],[-123.233972,45.292394],[-123.234148,45.292527],[-123.234754,45.292699],[-123.235164,45.292987],[-123.235359,45.293018],[-123.236049,45.293017],[-123.236354,45.292974],[-123.236562,45.292875],[-123.237148,45.292475],[-123.237537,45.292256],[-123.237947,45.292096],[-123.238219,45.292058],[-123.238435,45.292068],[-123.238744,45.292137],[-123.238941,45.292229],[-123.239098,45.292353],[-123.239208,45.292531],[-123.239272,45.292752],[-123.239314,45.29318],[-123.239391,45.293372],[-123.239516,45.293482],[-123.239918,45.293673],[-123.240145,45.293918],[-123.240338,45.294639],[-123.240708,45.295076],[-123.241075,45.295597],[-123.241298,45.29618],[-123.241331,45.29648],[-123.24149,45.296802],[-123.241696,45.296897],[-123.242313,45.296916],[-123.242692,45.296965],[-123.24334,45.297232],[-123.243611,45.297498],[-123.243806,45.297893],[-123.243995,45.29815],[-123.24413,45.298648],[-123.244539,45.298758],[-123.245571,45.299302],[-123.245884,45.299372],[-123.246381,45.299367],[-123.246594,45.299276],[-123.24653,45.299142],[-123.246545,45.298934],[-123.246368,45.298309],[-123.246405,45.29796],[-123.246575,45.29767],[-123.246934,45.29733],[-123.247383,45.297105],[-123.24824,45.296438],[-123.248684,45.295884],[-123.248627,45.295818],[-123.248347,45.29567],[-123.247976,45.29522],[-123.247536,45.294503],[-123.247314,45.293923],[-123.247076,45.293588],[-123.246505,45.292958],[-123.246354,45.292651],[-123.246246,45.292306],[-123.246232,45.291781],[-123.246184,45.291676],[-123.245797,45.291401],[-123.245489,45.29109],[-123.245267,45.290994],[-123.244796,45.290874],[-123.244611,45.290769],[-123.244329,45.29053],[-123.243993,45.290134],[-123.243783,45.289972],[-123.242957,45.28969],[-123.242295,45.289381],[-123.242147,45.289223],[-123.241941,45.288841],[-123.241467,45.288168],[-123.241229,45.288074],[-123.240256,45.287829],[-123.24006,45.287723],[-123.23975,45.287454],[-123.239659,45.287273],[-123.23965,45.287095],[-123.239711,45.286859],[-123.240038,45.286267],[-123.240454,45.285891],[-123.240625,45.285613],[-123.240856,45.285398],[-123.241322,45.28532],[-123.241994,45.285395],[-123.242329,45.28553],[-123.242643,45.285537],[-123.242889,45.285452],[-123.243375,45.285109],[-123.243907,45.284847],[-123.244578,45.284638],[-123.244906,45.284599],[-123.245395,45.284607],[-123.246276,45.284722],[-123.246679,45.284838],[-123.247256,45.285116],[-123.247643,45.285412],[-123.247916,45.28571],[-123.248271,45.285969],[-123.249519,45.286681],[-123.249849,45.286999],[-123.249925,45.287166],[-123.249989,45.287444],[-123.250098,45.287562],[-123.250249,45.287578],[-123.250856,45.287429],[-123.251155,45.287392],[-123.25153,45.287263],[-123.251853,45.287275],[-123.252018,45.287338],[-123.252211,45.287511],[-123.252398,45.287878],[-123.252595,45.288047],[-123.252813,45.288131],[-123.253656,45.288262],[-123.253863,45.288211],[-123.254073,45.28802],[-123.254057,45.28768],[-123.254086,45.287464],[-123.254154,45.287307],[-123.254281,45.287191],[-123.255633,45.286746],[-123.255984,45.286733],[-123.256338,45.286798],[-123.256602,45.286915],[-123.256705,45.286998],[-123.25691,45.287306],[-123.257026,45.287577],[-123.257069,45.287931],[-123.256901,45.288725],[-123.256937,45.288827],[-123.257069,45.288937],[-123.257721,45.289136],[-123.257987,45.28927],[-123.258258,45.28931],[-123.259298,45.289106],[-123.259554,45.2891],[-123.259872,45.289162],[-123.260064,45.289258],[-123.260253,45.289419],[-123.260357,45.289569],[-123.260423,45.289765],[-123.260427,45.289979],[-123.26024,45.290645],[-123.260522,45.290723],[-123.260841,45.29067],[-123.261132,45.290561],[-123.261436,45.290548],[-123.2618,45.290643],[-123.261993,45.290768],[-123.262118,45.290936],[-123.262199,45.291173],[-123.262222,45.291484],[-123.262137,45.291817],[-123.26217,45.291979],[-123.262383,45.292246],[-123.263221,45.292807],[-123.263729,45.293256],[-123.263916,45.293704],[-123.26393,45.293859],[-123.263883,45.294097],[-123.263954,45.294188],[-123.26414,45.294162],[-123.264491,45.293987],[-123.264887,45.293881],[-123.265196,45.293703],[-123.265845,45.293627],[-123.266284,45.293667],[-123.266875,45.293832],[-123.267184,45.293993],[-123.267642,45.294385],[-123.267758,45.294433],[-123.268065,45.294407],[-123.268352,45.29444],[-123.268662,45.294357],[-123.269401,45.294366],[-123.269659,45.294423],[-123.270001,45.294577],[-123.270649,45.294747],[-123.271633,45.294584],[-123.271966,45.294586],[-123.271967,45.294516],[-123.271907,45.294424],[-123.27171,45.294281],[-123.270827,45.293927],[-123.269918,45.293634],[-123.269051,45.293138],[-123.268774,45.292763],[-123.26853,45.292316],[-123.268365,45.292135],[-123.267563,45.291647],[-123.266713,45.291021],[-123.266112,45.290768],[-123.265757,45.290554],[-123.265298,45.29014],[-123.26521,45.290003],[-123.265171,45.289861],[-123.265328,45.289218],[-123.265289,45.288624],[-123.265333,45.288411],[-123.265493,45.288213],[-123.265932,45.287862],[-123.266149,45.287605],[-123.26637,45.287413],[-123.266547,45.287308],[-123.267522,45.286916],[-123.268911,45.286521],[-123.269024,45.286437],[-123.269402,45.285968],[-123.269584,45.285824],[-123.270336,45.28542],[-123.27058,45.285344],[-123.270859,45.285314],[-123.271153,45.285309],[-123.271489,45.285362],[-123.272552,45.285634],[-123.273328,45.285497],[-123.273775,45.285494],[-123.274052,45.285564],[-123.274395,45.285747],[-123.275009,45.285737],[-123.275632,45.285949],[-123.275943,45.286144],[-123.276095,45.286379],[-123.276127,45.286611],[-123.27604,45.28712],[-123.276122,45.287373],[-123.27645,45.287657],[-123.277059,45.287955],[-123.27749,45.288005],[-123.278343,45.287991],[-123.279346,45.288183],[-123.28036,45.288115],[-123.281018,45.288201],[-123.28182,45.288387],[-123.282565,45.288617],[-123.282784,45.288719],[-123.283044,45.288922],[-123.283199,45.288969],[-123.284208,45.288886],[-123.285158,45.28887],[-123.286934,45.288983],[-123.287373,45.288882],[-123.287636,45.288866],[-123.288117,45.288949],[-123.288641,45.289112],[-123.288831,45.289225],[-123.289061,45.289458],[-123.289254,45.289787],[-123.289508,45.290117],[-123.289732,45.290264],[-123.290447,45.290528],[-123.292406,45.290839],[-123.292546,45.290933],[-123.292744,45.29118],[-123.293758,45.291914],[-123.293911,45.291911],[-123.294168,45.291743],[-123.294337,45.291708],[-123.294289,45.290288],[-123.29321,45.289876],[-123.292391,45.289732],[-123.291275,45.28962],[-123.290031,45.289246],[-123.28971,45.288997],[-123.28937,45.288422],[-123.289029,45.288018],[-123.288854,45.287526],[-123.288768,45.287496],[-123.28852,45.287538],[-123.288316,45.287525],[-123.288131,45.287474],[-123.287939,45.287366],[-123.287748,45.28719],[-123.287379,45.286611],[-123.287033,45.286398],[-123.286859,45.286343],[-123.286399,45.286281],[-123.286052,45.286268],[-123.285713,45.286325],[-123.285279,45.286452],[-123.28505,45.286459],[-123.284525,45.286261],[-123.282746,45.286097],[-123.282525,45.286016],[-123.281938,45.285688],[-123.281794,45.285563],[-123.281542,45.285248],[-123.281042,45.284797],[-123.280725,45.284337],[-123.279917,45.283928],[-123.279707,45.283755],[-123.279551,45.283565],[-123.279469,45.283405],[-123.279414,45.282984],[-123.279354,45.282809],[-123.279237,45.282623],[-123.279111,45.282522],[-123.279021,45.282527],[-123.278266,45.282802],[-123.277816,45.282898],[-123.277496,45.282919],[-123.276847,45.282867],[-123.276398,45.282929],[-123.276062,45.282931],[-123.27536,45.282813],[-123.274482,45.282552],[-123.273141,45.282311],[-123.272196,45.282269],[-123.271634,45.282159],[-123.271527,45.28218],[-123.271191,45.282349],[-123.270754,45.282369],[-123.270167,45.282272],[-123.269373,45.282045],[-123.269085,45.282116],[-123.268586,45.28235],[-123.268378,45.282406],[-123.267135,45.282403],[-123.266641,45.282255],[-123.265462,45.281802],[-123.265288,45.281779],[-123.265162,45.281858],[-123.264946,45.282244],[-123.264906,45.282448],[-123.26489,45.282911],[-123.264826,45.283259],[-123.264354,45.284262],[-123.26439,45.28467],[-123.264295,45.28533],[-123.264228,45.285536],[-123.264142,45.285646],[-123.264003,45.285709],[-123.263443,45.285711],[-123.262643,45.285455],[-123.261729,45.285283],[-123.26144,45.285149],[-123.261302,45.285033],[-123.261168,45.284754],[-123.261165,45.284403],[-123.261221,45.284132],[-123.261446,45.283653],[-123.261438,45.283558],[-123.261323,45.283572],[-123.260956,45.283723],[-123.260752,45.283723],[-123.260246,45.283511],[-123.25969,45.283201],[-123.25933,45.283042],[-123.258974,45.282941],[-123.258632,45.282897],[-123.258062,45.282925],[-123.257771,45.283022],[-123.257413,45.283205],[-123.257267,45.283207],[-123.257197,45.283155],[-123.25714,45.283041],[-123.256977,45.282274],[-123.256636,45.28172],[-123.256221,45.281657],[-123.256044,45.281592],[-123.255881,45.28146],[-123.255616,45.28114],[-123.25541,45.281007],[-123.25495,45.280912],[-123.254363,45.280691],[-123.253803,45.28035],[-123.253239,45.280272],[-123.253092,45.28022],[-123.253016,45.280121],[-123.253028,45.279949],[-123.253391,45.27936],[-123.253376,45.278951],[-123.253491,45.278399],[-123.253465,45.278295],[-123.25322,45.278367],[-123.25276,45.278595],[-123.251944,45.279143],[-123.251687,45.279207],[-123.250051,45.278954],[-123.249228,45.278873],[-123.248959,45.278784],[-123.248648,45.278556],[-123.248467,45.278508],[-123.248263,45.278524],[-123.247847,45.278723],[-123.247499,45.278761],[-123.247222,45.278717],[-123.246849,45.278529],[-123.24669,45.278492],[-123.24662,45.278534],[-123.246519,45.278727],[-123.246406,45.278752],[-123.24615,45.278605],[-123.245707,45.278199],[-123.245051,45.277964],[-123.24469,45.277769],[-123.244105,45.277525],[-123.243944,45.277395],[-123.243673,45.277071],[-123.243209,45.276708],[-123.242597,45.276305],[-123.242201,45.27609],[-123.241833,45.275951],[-123.241113,45.275802],[-123.240307,45.275809],[-123.240076,45.275738],[-123.239955,45.275627],[-123.239857,45.275458],[-123.23981,45.275267],[-123.23982,45.275103],[-123.239879,45.274938],[-123.240012,45.274746],[-123.24036,45.274509],[-123.24098,45.274352],[-123.24146,45.27433],[-123.24181,45.274415],[-123.242885,45.274817],[-123.242917,45.274775],[-123.242806,45.274495],[-123.242796,45.27429],[-123.242874,45.274154],[-123.24304,45.274067],[-123.243342,45.274038],[-123.243936,45.27408],[-123.245006,45.274265],[-123.245177,45.27411],[-123.245106,45.273797],[-123.245162,45.273665],[-123.245264,45.273552],[-123.245627,45.273363],[-123.246652,45.273035],[-123.247028,45.272707],[-123.247033,45.272601],[-123.246922,45.272534],[-123.245534,45.272238],[-123.244571,45.27224],[-123.244094,45.272437],[-123.243683,45.27243],[-123.243043,45.272109],[-123.242251,45.271872],[-123.242046,45.271722],[-123.241924,45.271538],[-123.241913,45.271406],[-123.241983,45.271291],[-123.242454,45.271087],[-123.242537,45.271011],[-123.242534,45.270921],[-123.242386,45.270667],[-123.242361,45.270536],[-123.242606,45.270081],[-123.243002,45.269627],[-123.243434,45.269404],[-123.24351,45.269328],[-123.243584,45.269054],[-123.243544,45.268684],[-123.243633,45.268505],[-123.243797,45.268328],[-123.244022,45.268165],[-123.245013,45.267648],[-123.245107,45.267524],[-123.2451,45.267421],[-123.245004,45.267396],[-123.244299,45.267566],[-123.243862,45.267402],[-123.243495,45.26771],[-123.242756,45.26813],[-123.242296,45.268268],[-123.241794,45.268304],[-123.241451,45.268663],[-123.241101,45.268921],[-123.2405,45.269599],[-123.240235,45.269765],[-123.239868,45.269813],[-123.239562,45.269933],[-123.239169,45.269931],[-123.238844,45.27015],[-123.23858,45.27021],[-123.238207,45.270154],[-123.237704,45.269923],[-123.23754,45.269883],[-123.23662,45.270035],[-123.236396,45.270022],[-123.236279,45.269956],[-123.236244,45.269781],[-123.236409,45.269257],[-123.236441,45.268951],[-123.236404,45.268629],[-123.236234,45.268076],[-123.236214,45.267824],[-123.236294,45.267646],[-123.236567,45.267323],[-123.236702,45.266969],[-123.236936,45.266778],[-123.237269,45.266638],[-123.237612,45.26642],[-123.238073,45.266238],[-123.23876,45.265872],[-123.23895,45.26566],[-123.239218,45.265513],[-123.239655,45.265129],[-123.239932,45.264482],[-123.239924,45.264368],[-123.239616,45.264101],[-123.239533,45.263889],[-123.239603,45.263458],[-123.239807,45.263044],[-123.239849,45.262847],[-123.239826,45.262678],[-123.239642,45.262404],[-123.239587,45.262202],[-123.239627,45.261921],[-123.239803,45.261623],[-123.239839,45.261497],[-123.239763,45.260959],[-123.239657,45.260886],[-123.239425,45.260946],[-123.239214,45.261127],[-123.239078,45.261359],[-123.238836,45.26194],[-123.23864,45.262215],[-123.238448,45.262364],[-123.238083,45.262534],[-123.238024,45.262591],[-123.238056,45.263199],[-123.23817,45.263718],[-123.238144,45.263856],[-123.238055,45.263958],[-123.237882,45.264012],[-123.237556,45.264024],[-123.236223,45.263874],[-123.235768,45.264031],[-123.23551,45.264036],[-123.235319,45.263986],[-123.235157,45.263884],[-123.234956,45.263678],[-123.234735,45.26336],[-123.234629,45.263336],[-123.234268,45.263371],[-123.234214,45.263408],[-123.234208,45.263468],[-123.234348,45.263778],[-123.234458,45.264229],[-123.23442,45.264446],[-123.234214,45.264786],[-123.234298,45.265214],[-123.234296,45.26536],[-123.234199,45.265533],[-123.233672,45.265967],[-123.233248,45.266268],[-123.233024,45.266371],[-123.232825,45.266419],[-123.232488,45.266403],[-123.23238,45.266433],[-123.232245,45.266557],[-123.232019,45.266896],[-123.231758,45.267016],[-123.231605,45.267017],[-123.23147,45.266967],[-123.230992,45.266535],[-123.230443,45.266587],[-123.230278,45.266549],[-123.230152,45.266473],[-123.230016,45.266306],[-123.229924,45.26597],[-123.229437,45.265783],[-123.228826,45.265291],[-123.228671,45.265028],[-123.228576,45.264624],[-123.228588,45.264222],[-123.22874,45.263479],[-123.229272,45.262414],[-123.229461,45.261751],[-123.229618,45.261381],[-123.229877,45.261085],[-123.229855,45.260982],[-123.22951,45.260498],[-123.229335,45.260413],[-123.228503,45.260432],[-123.226738,45.260186],[-123.225689,45.259966],[-123.225278,45.259829],[-123.224139,45.259261],[-123.223794,45.258962],[-123.223291,45.258768],[-123.222572,45.258374],[-123.222167,45.258058],[-123.221887,45.257773],[-123.221646,45.257443],[-123.221587,45.25726],[-123.22157,45.256956],[-123.221721,45.256546],[-123.221991,45.256306],[-123.222428,45.25609],[-123.222865,45.256066],[-123.223565,45.256133],[-123.224722,45.256131],[-123.225706,45.256282],[-123.226695,45.256028],[-123.22789,45.255975],[-123.228599,45.255764],[-123.228671,45.255704],[-123.228549,45.25564],[-123.228016,45.255534],[-123.227808,45.255456],[-123.227542,45.255297],[-123.227288,45.25504],[-123.226986,45.254828],[-123.225964,45.254393],[-123.225729,45.254245],[-123.225618,45.254093],[-123.225596,45.253921],[-123.225759,45.253302],[-123.225816,45.252665],[-123.225918,45.252274],[-123.225667,45.251593],[-123.225174,45.251368],[-123.22438,45.250803],[-123.223718,45.250795],[-123.222829,45.2507],[-123.222315,45.250549],[-123.221908,45.250313],[-123.221336,45.249809],[-123.221043,45.249459],[-123.22048,45.249055],[-123.220231,45.248609],[-123.219365,45.247251],[-123.219227,45.246871],[-123.219195,45.246686],[-123.219277,45.246431],[-123.219766,45.245826],[-123.220611,45.245225],[-123.220838,45.244974],[-123.22111,45.244863],[-123.221982,45.244778],[-123.224426,45.244752],[-123.224915,45.244838],[-123.22536,45.245093],[-123.226282,45.245269],[-123.226701,45.245138],[-123.226927,45.244977],[-123.227072,45.24481],[-123.227327,45.244751],[-123.227351,45.244676],[-123.227261,45.244599],[-123.226383,45.244198],[-123.225612,45.243359],[-123.225446,45.243124],[-123.225369,45.242931],[-123.225351,45.242705],[-123.225392,45.242505],[-123.225643,45.24212],[-123.226391,45.241474],[-123.226884,45.2411],[-123.227542,45.240761],[-123.227582,45.240649],[-123.227566,45.240294],[-123.227608,45.239987],[-123.227736,45.239772],[-123.227908,45.239608],[-123.228691,45.239211],[-123.229043,45.239145],[-123.229895,45.239091],[-123.230877,45.238889],[-123.231499,45.238865],[-123.231832,45.23894],[-123.232142,45.239168],[-123.233918,45.240273],[-123.234014,45.24053],[-123.234489,45.240777],[-123.23507,45.241462],[-123.234994,45.241796],[-123.234803,45.241938],[-123.234794,45.242034],[-123.234975,45.242081],[-123.235451,45.241843],[-123.235641,45.241881],[-123.235822,45.242509],[-123.235908,45.242681],[-123.23606,45.242681],[-123.236155,45.242538],[-123.236146,45.242186],[-123.236212,45.2419],[-123.236345,45.241681],[-123.236545,45.241653],[-123.237088,45.242252],[-123.237383,45.242329],[-123.237849,45.241957],[-123.238316,45.241453],[-123.238468,45.240949],[-123.238829,45.240691],[-123.239315,45.240549],[-123.239715,45.240549],[-123.242123,45.239397],[-123.242703,45.239235],[-123.243055,45.239264],[-123.243531,45.239092],[-123.244407,45.238683],[-123.244845,45.238569],[-123.245387,45.238636],[-123.245749,45.238588],[-123.246301,45.23835],[-123.247304,45.238029],[-123.247982,45.238095],[-123.248417,45.238249],[-123.248694,45.238464],[-123.24886,45.238804],[-123.248964,45.238925],[-123.249203,45.239075],[-123.249402,45.239136],[-123.249514,45.239118],[-123.250683,45.23851],[-123.250977,45.238459],[-123.251511,45.238502],[-123.251826,45.238569],[-123.253993,45.239276],[-123.254682,45.239556],[-123.255488,45.239637],[-123.255983,45.239777],[-123.256144,45.239736],[-123.256518,45.239456],[-123.256853,45.239305],[-123.257363,45.239215],[-123.257699,45.239104],[-123.25812,45.239072],[-123.259757,45.239181],[-123.26037,45.239325],[-123.261367,45.239697],[-123.262314,45.239801],[-123.262738,45.240001],[-123.263242,45.240523],[-123.263671,45.240869],[-123.263775,45.241037],[-123.26388,45.241426],[-123.264089,45.241687],[-123.264236,45.241781],[-123.264621,45.241923],[-123.264989,45.242143],[-123.265312,45.242171],[-123.265634,45.242605],[-123.265626,45.2425],[-123.265484,45.24217],[-123.264813,45.241383],[-123.264708,45.241036],[-123.264569,45.240753],[-123.263861,45.239902],[-123.263522,45.23905],[-123.263361,45.238945],[-123.262809,45.238812],[-123.262448,45.238678],[-123.262102,45.238517],[-123.2618,45.238317],[-123.261587,45.238063],[-123.261442,45.237517],[-123.261099,45.237634],[-123.260947,45.23765],[-123.259695,45.237466],[-123.259424,45.237389],[-123.259154,45.23722],[-123.258711,45.236742],[-123.258477,45.236569],[-123.258158,45.236417],[-123.257253,45.236136],[-123.25646,45.2358],[-123.25568,45.235413],[-123.255209,45.23506],[-123.254605,45.234355],[-123.254334,45.233928],[-123.254035,45.233303],[-123.253392,45.232164],[-123.253397,45.231955],[-123.253325,45.231652],[-123.25311,45.231366],[-123.253087,45.231122],[-123.253145,45.230804],[-123.253235,45.23064],[-123.25347,45.230363],[-123.254732,45.229771],[-123.255434,45.229251],[-123.256033,45.228882],[-123.256389,45.228748],[-123.257188,45.228564],[-123.257675,45.228519],[-123.258109,45.228522],[-123.258408,45.228449],[-123.258436,45.228345],[-123.258393,45.22786],[-123.258443,45.227363],[-123.258685,45.226425],[-123.259078,45.225865],[-123.259462,45.225438],[-123.259804,45.22514],[-123.260124,45.224977],[-123.260507,45.224947],[-123.261059,45.225058],[-123.26191,45.225324],[-123.262525,45.225603],[-123.263024,45.225761],[-123.263259,45.225908],[-123.26348,45.226105],[-123.263793,45.226293],[-123.264151,45.226689],[-123.264423,45.227124],[-123.264581,45.227245],[-123.264679,45.227217],[-123.265102,45.226857],[-123.265321,45.226558],[-123.265485,45.226421],[-123.265736,45.226331],[-123.266111,45.226315],[-123.26702,45.226426],[-123.268123,45.226634],[-123.269157,45.227057],[-123.27038,45.227108],[-123.270987,45.227249],[-123.271232,45.227346],[-123.271472,45.227496],[-123.271809,45.227838],[-123.271977,45.22796],[-123.272654,45.228117],[-123.273001,45.228255],[-123.273308,45.22846],[-123.273658,45.228764],[-123.274187,45.229082],[-123.275297,45.229437],[-123.275589,45.229564],[-123.277123,45.230006],[-123.277542,45.230187],[-123.27799,45.230615],[-123.278161,45.230643],[-123.278227,45.230463],[-123.277999,45.230044],[-123.277729,45.229784],[-123.28133,45.229184],[-123.283819,45.228732],[-123.285087,45.228552],[-123.286211,45.228441],[-123.287278,45.228235],[-123.288051,45.228024],[-123.293899,45.226168],[-123.294064,45.233086],[-123.294712,45.291738],[-123.294206,45.379708],[-123.294106,45.379759],[-123.294059,45.379837],[-123.294139,45.379992],[-123.294026,45.415753]]]]}}]}